"G:/UNREAL ENGINE/LICENTA BUNA/Licenta/Licenta.uproject" 1
"../../../Engine/Plugins/2D/Paper2D/Paper2D.uplugin" 2
"../../../Engine/Plugins/AI/AISupport/AISupport.uplugin" 3
"../../../Engine/Plugins/AI/HTNPlanner/HTNPlanner.uplugin" 4
"../../../Engine/Plugins/Animation/LiveLink/LiveLink.uplugin" 5
"../../../Engine/Plugins/Animation/LiveLinkCurveDebugUI/LiveLinkCurveDebugUI.uplugin" 6
"../../../Engine/Plugins/Blendables/LightPropagationVolume/LightPropagationVolume.uplugin" 7
"../../../Engine/Plugins/Compositing/Composure/Composure.uplugin" 8
"../../../Engine/Plugins/Compositing/LensDistortion/LensDistortion.uplugin" 9
"../../../Engine/Plugins/Compositing/OpenColorIO/OpenColorIO.uplugin" 10
"../../../Engine/Plugins/Compositing/OpenCVLensDistortion/OpenCVLensDistortion.uplugin" 11
"../../../Engine/Plugins/Developer/ActorLayerUtilities/ActorLayerUtilities.uplugin" 12
"../../../Engine/Plugins/Developer/AnimationSharing/AnimationSharing.uplugin" 13
"../../../Engine/Plugins/Developer/BlankPlugin/BlankPlugin.uplugin" 14
"../../../Engine/Plugins/Developer/CLionSourceCodeAccess/CLionSourceCodeAccess.uplugin" 15
"../../../Engine/Plugins/Developer/CodeLiteSourceCodeAccess/CodeLiteSourceCodeAccess.uplugin" 16
"../../../Engine/Plugins/Developer/Concert/ConcertMain/ConcertMain.uplugin" 17
"../../../Engine/Plugins/Developer/Concert/ConcertSync/ConcertSyncClient/ConcertSyncClient.uplugin" 18
"../../../Engine/Plugins/Developer/Concert/ConcertSync/ConcertSyncCore/ConcertSyncCore.uplugin" 19
"../../../Engine/Plugins/Developer/Concert/ConcertSync/ConcertSyncServer/ConcertSyncServer.uplugin" 20
"../../../Engine/Plugins/Developer/Concert/ConcertSync/ConcertSyncTest/ConcertSyncTest.uplugin" 21
"../../../Engine/Plugins/Developer/Concert/DisasterRecoveryClient/DisasterRecoveryClient.uplugin" 22
"../../../Engine/Plugins/Developer/Concert/MultiUserClient/MultiUserClient.uplugin" 23
"../../../Engine/Plugins/Developer/GitSourceControl/GitSourceControl.uplugin" 24
"../../../Engine/Plugins/Developer/KDevelopSourceCodeAccess/KDevelopSourceCodeAccess.uplugin" 25
"../../../Engine/Plugins/Developer/NullSourceCodeAccess/NullSourceCodeAccess.uplugin" 26
"../../../Engine/Plugins/Developer/OneSkyLocalizationService/OneSkyLocalizationService.uplugin" 27
"../../../Engine/Plugins/Developer/PerforceSourceControl/PerforceSourceControl.uplugin" 28
"../../../Engine/Plugins/Developer/PlasticSourceControl/PlasticSourceControl.uplugin" 29
"../../../Engine/Plugins/Developer/RenderDocPlugin/RenderDocPlugin.uplugin" 30
"../../../Engine/Plugins/Developer/SubversionSourceControl/SubversionSourceControl.uplugin" 31
"../../../Engine/Plugins/Developer/UObjectPlugin/UObjectPlugin.uplugin" 32
"../../../Engine/Plugins/Developer/VisualStudioCodeSourceCodeAccess/VisualStudioCodeSourceCodeAccess.uplugin" 33
"../../../Engine/Plugins/Developer/VisualStudioSourceCodeAccess/VisualStudioSourceCodeAccess.uplugin" 34
"../../../Engine/Plugins/Developer/XCodeSourceCodeAccess/XCodeSourceCodeAccess.uplugin" 35
"../../../Engine/Plugins/Editor/AssetManagerEditor/AssetManagerEditor.uplugin" 36
"../../../Engine/Plugins/Editor/BlueprintMaterialTextureNodes/BlueprintMaterialTextureNodes.uplugin" 37
"../../../Engine/Plugins/Editor/CryptoKeys/CryptoKeys.uplugin" 38
"../../../Engine/Plugins/Editor/CurveEditorTools/CurveEditorTools.uplugin" 39
"../../../Engine/Plugins/Editor/DataValidation/DataValidation.uplugin" 40
"../../../Engine/Plugins/Editor/EditorScriptingUtilities/EditorScriptingUtilities.uplugin" 41
"../../../Engine/Plugins/Editor/FacialAnimation/FacialAnimation.uplugin" 42
"../../../Engine/Plugins/Editor/GameplayTagsEditor/GameplayTagsEditor.uplugin" 43
"../../../Engine/Plugins/Editor/GLTFImporter/GLTFImporter.uplugin" 44
"../../../Engine/Plugins/Editor/MacGraphicsSwitching/MacGraphicsSwitching.uplugin" 45
"../../../Engine/Plugins/Editor/MaterialAnalyzer/MaterialAnalyzer.uplugin" 46
"../../../Engine/Plugins/Editor/MeshEditor/MeshEditor.uplugin" 47
"../../../Engine/Plugins/Editor/MobileLauncherProfileWizard/MobileLauncherProfileWizard.uplugin" 48
"../../../Engine/Plugins/Editor/PluginBrowser/PluginBrowser.uplugin" 49
"../../../Engine/Plugins/Editor/SpeedTreeImporter/SpeedTreeImporter.uplugin" 50
"../../../Engine/Plugins/Editor/StylusInput/StylusInput.uplugin" 51
"../../../Engine/Plugins/Enterprise/AxFImporter/AxFImporter.uplugin" 52
"../../../Engine/Plugins/Enterprise/DatasmithC4DImporter/DatasmithC4DImporter.uplugin" 53
"../../../Engine/Plugins/Enterprise/DatasmithCADImporter/DatasmithCADImporter.uplugin" 54
"../../../Engine/Plugins/Enterprise/DatasmithContent/DatasmithContent.uplugin" 55
"../../../Engine/Plugins/Enterprise/DatasmithFBXImporter/DatasmithFBXImporter.uplugin" 56
"../../../Engine/Plugins/Enterprise/DatasmithGLTFImporter/DatasmithGLTFImporter.uplugin" 57
"../../../Engine/Plugins/Enterprise/DatasmithIFCImporter/DatasmithIFCImporter.uplugin" 58
"../../../Engine/Plugins/Enterprise/DatasmithImporter/DatasmithImporter.uplugin" 59
"../../../Engine/Plugins/Enterprise/MDLImporter/MDLImporter.uplugin" 60
"../../../Engine/Plugins/Enterprise/StaticMeshEditorExtension/StaticMeshEditorExtension.uplugin" 61
"../../../Engine/Plugins/Enterprise/VariantManager/VariantManager.uplugin" 62
"../../../Engine/Plugins/Enterprise/VariantManagerContent/VariantManagerContent.uplugin" 63
"../../../Engine/Plugins/Experimental/AlembicHairImporter/AlembicHairImporter.uplugin" 64
"../../../Engine/Plugins/Experimental/AlembicImporter/AlembicImporter.uplugin" 65
"../../../Engine/Plugins/Experimental/AppleVision/AppleVision.uplugin" 66
"../../../Engine/Plugins/Experimental/AR/PointCloud/PointCloud.uplugin" 67
"../../../Engine/Plugins/Experimental/AutomationUtils/AutomationUtils.uplugin" 68
"../../../Engine/Plugins/Experimental/BackChannel/BackChannel.uplugin" 69
"../../../Engine/Plugins/Experimental/BlastPlugin/BlastPlugin.uplugin" 70
"../../../Engine/Plugins/Experimental/BlueprintStats/BlueprintStats.uplugin" 71
"../../../Engine/Plugins/Experimental/ChaosCloth/ChaosCloth.uplugin" 72
"../../../Engine/Plugins/Experimental/ChaosClothEditor/ChaosClothEditor.uplugin" 73
"../../../Engine/Plugins/Experimental/ChaosEditor/ChaosEditor.uplugin" 74
"../../../Engine/Plugins/Experimental/ChaosNiagara/ChaosNiagara.uplugin" 75
"../../../Engine/Plugins/Experimental/ChaosSolverPlugin/ChaosSolverPlugin.uplugin" 76
"../../../Engine/Plugins/Experimental/CharacterAI/CharacterAI.uplugin" 77
"../../../Engine/Plugins/Experimental/CodeEditor/CodeEditor.uplugin" 78
"../../../Engine/Plugins/Experimental/CodeView/CodeView.uplugin" 79
"../../../Engine/Plugins/Experimental/ControlRig/ControlRig.uplugin" 80
"../../../Engine/Plugins/Experimental/DataPrepEditor/DataPrepEditor.uplugin" 81
"../../../Engine/Plugins/Experimental/FieldSystemPlugin/FieldSystemPlugin.uplugin" 82
"../../../Engine/Plugins/Experimental/Gauntlet/Gauntlet.uplugin" 83
"../../../Engine/Plugins/Experimental/GeometryCache/GeometryCache.uplugin" 84
"../../../Engine/Plugins/Experimental/GeometryCollectionPlugin/GeometryCollectionPlugin.uplugin" 85
"../../../Engine/Plugins/Experimental/GeometryProcessing/GeometryProcessing.uplugin" 86
"../../../Engine/Plugins/Experimental/HairStrands/HairStrands.uplugin" 87
"../../../Engine/Plugins/Experimental/ImagePlate/ImagePlate.uplugin" 88
"../../../Engine/Plugins/Experimental/Landmass/Landmass.uplugin" 89
"../../../Engine/Plugins/Experimental/MeshModelingToolset/MeshModelingToolset.uplugin" 90
"../../../Engine/Plugins/Experimental/ModelingToolsEditorMode/ModelingToolsEditorMode.uplugin" 91
"../../../Engine/Plugins/Experimental/PanoramicCapture/PanoramicCapture.uplugin" 92
"../../../Engine/Plugins/Experimental/PlanarCutPlugin/PlanarCut.uplugin" 93
"../../../Engine/Plugins/Experimental/PlatformCrypto/PlatformCrypto.uplugin" 94
"../../../Engine/Plugins/Experimental/ProxyLODPlugin/ProxyLODPlugin.uplugin" 95
"../../../Engine/Plugins/Experimental/PythonScriptPlugin/PythonScriptPlugin.uplugin" 96
"../../../Engine/Plugins/Experimental/RawInput/RawInput.uplugin" 97
"../../../Engine/Plugins/Experimental/RemoteSession/RemoteSession.uplugin" 98
"../../../Engine/Plugins/Experimental/SampleToolsEditorMode/SampleToolsEditorMode.uplugin" 99
"../../../Engine/Plugins/Experimental/ShallowWater/ShallowWater.uplugin" 100
"../../../Engine/Plugins/Experimental/Shotgun/Shotgun.uplugin" 101
"../../../Engine/Plugins/Experimental/SimpleHMD/SimpleHMD.uplugin" 102
"../../../Engine/Plugins/Experimental/SkeletalReduction/SkeletalReduction.uplugin" 103
"../../../Engine/Plugins/Experimental/Text3D/Text3D.uplugin" 104
"../../../Engine/Plugins/Experimental/VirtualCamera/VirtualCamera.uplugin" 105
"../../../Engine/Plugins/Experimental/VirtualProductionUtilities/VirtualProductionUtilities.uplugin" 106
"../../../Engine/Plugins/Experimental/WebSocketNetworking/WebSocketNetworking.uplugin" 107
"../../../Engine/Plugins/FX/HoudiniNiagara/HoudiniNiagara.uplugin" 108
"../../../Engine/Plugins/FX/Niagara/Niagara.uplugin" 109
"../../../Engine/Plugins/FX/NiagaraExtras/NiagaraExtras.uplugin" 110
"../../../Engine/Plugins/Importers/USDImporter/USDImporter.uplugin" 111
"../../../Engine/Plugins/Lumin/MagicLeap/MagicLeap.uplugin" 112
"../../../Engine/Plugins/Lumin/MagicLeapCamera/MagicLeapCamera.uplugin" 113
"../../../Engine/Plugins/Lumin/MagicLeapContacts/MagicLeapContacts.uplugin" 114
"../../../Engine/Plugins/Lumin/MagicLeapDispatch/MagicLeapDispatch.uplugin" 115
"../../../Engine/Plugins/Lumin/MagicLeapLightEstimation/MagicLeapLightEstimation.uplugin" 116
"../../../Engine/Plugins/Lumin/MagicLeapLocation/MagicLeapLocation.uplugin" 117
"../../../Engine/Plugins/Lumin/MagicLeapMedia/MagicLeapMedia.uplugin" 118
"../../../Engine/Plugins/Lumin/MagicLeapMusicService/MagicLeapMusicService.uplugin" 119
"../../../Engine/Plugins/Lumin/MagicLeapNetworking/MagicLeapNetworking.uplugin" 120
"../../../Engine/Plugins/Lumin/MagicLeapScreens/MagicLeapScreens.uplugin" 121
"../../../Engine/Plugins/Lumin/MagicLeapSharedFile/MagicLeapSharedFile.uplugin" 122
"../../../Engine/Plugins/Lumin/MagicLeapTablet/MagicLeapTablet.uplugin" 123
"../../../Engine/Plugins/Lumin/MLSDK/MLSDK.uplugin" 124
"../../../Engine/Plugins/Media/AndroidCamera/AndroidCamera.uplugin" 125
"../../../Engine/Plugins/Media/AndroidMedia/AndroidMedia.uplugin" 126
"../../../Engine/Plugins/Media/AppleProResMedia/AppleProResMedia.uplugin" 127
"../../../Engine/Plugins/Media/AudioCaptureTimecodeProvider/AudioCaptureTimecodeProvider.uplugin" 128
"../../../Engine/Plugins/Media/AvfMedia/AvfMedia.uplugin" 129
"../../../Engine/Plugins/Media/AvidDNxMedia/AvidDNxMedia.uplugin" 130
"../../../Engine/Plugins/Media/HAPMedia/HAPMedia.uplugin" 131
"../../../Engine/Plugins/Media/ImgMedia/ImgMedia.uplugin" 132
"../../../Engine/Plugins/Media/LinearTimecode/LinearTimecode.uplugin" 133
"../../../Engine/Plugins/Media/MediaCompositing/MediaCompositing.uplugin" 134
"../../../Engine/Plugins/Media/MediaFrameworkUtilities/MediaFrameworkUtilities.uplugin" 135
"../../../Engine/Plugins/Media/MediaIOFramework/MediaIOFramework.uplugin" 136
"../../../Engine/Plugins/Media/MediaPlayerEditor/MediaPlayerEditor.uplugin" 137
"../../../Engine/Plugins/Media/MfMedia/MfMedia.uplugin" 138
"../../../Engine/Plugins/Media/PixelStreaming/PixelStreaming.uplugin" 139
"../../../Engine/Plugins/Media/TimecodeSynchronizer/TimecodeSynchronizer.uplugin" 140
"../../../Engine/Plugins/Media/WebMMedia/WebMMedia.uplugin" 141
"../../../Engine/Plugins/Media/WmfMedia/WmfMedia.uplugin" 142
"../../../Engine/Plugins/Messaging/MessagingDebugger/MessagingDebugger.uplugin" 143
"../../../Engine/Plugins/Messaging/TcpMessaging/TcpMessaging.uplugin" 144
"../../../Engine/Plugins/Messaging/UdpMessaging/UdpMessaging.uplugin" 145
"../../../Engine/Plugins/MovieScene/ActorSequence/ActorSequence.uplugin" 146
"../../../Engine/Plugins/MovieScene/LevelSequenceEditor/LevelSequenceEditor.uplugin" 147
"../../../Engine/Plugins/MovieScene/MatineeToLevelSequence/MatineeToLevelSequence.uplugin" 148
"../../../Engine/Plugins/MovieScene/SequencerScripting/SequencerScripting.uplugin" 149
"../../../Engine/Plugins/MovieScene/TemplateSequence/TemplateSequence.uplugin" 150
"../../../Engine/Plugins/NetcodeUnitTest/NetcodeUnitTest/NetcodeUnitTest.uplugin" 151
"../../../Engine/Plugins/NetcodeUnitTest/NUTUnrealEngine4/NUTUnrealEngine4.uplugin" 152
"../../../Engine/Plugins/Online/Android/OnlineSubsystemGameCircle/OnlineSubsystemGameCircle.uplugin" 153
"../../../Engine/Plugins/Online/Android/OnlineSubsystemGooglePlay/OnlineSubsystemGooglePlay.uplugin" 154
"../../../Engine/Plugins/Online/IOS/OnlineSubsystemIOS/OnlineSubsystemIOS.uplugin" 155
"../../../Engine/Plugins/Online/OnlineFramework/OnlineFramework.uplugin" 156
"../../../Engine/Plugins/Online/OnlineSubsystem/OnlineSubsystem.uplugin" 157
"../../../Engine/Plugins/Online/OnlineSubsystemAmazon/OnlineSubsystemAmazon.uplugin" 158
"../../../Engine/Plugins/Online/OnlineSubsystemFacebook/OnlineSubsystemFacebook.uplugin" 159
"../../../Engine/Plugins/Online/OnlineSubsystemGoogle/OnlineSubsystemGoogle.uplugin" 160
"../../../Engine/Plugins/Online/OnlineSubsystemNull/OnlineSubsystemNull.uplugin" 161
"../../../Engine/Plugins/Online/OnlineSubsystemOculus/OnlineSubsystemOculus.uplugin" 162
"../../../Engine/Plugins/Online/OnlineSubsystemSteam/OnlineSubsystemSteam.uplugin" 163
"../../../Engine/Plugins/Online/OnlineSubsystemTencent/OnlineSubsystemTencent.uplugin" 164
"../../../Engine/Plugins/Online/OnlineSubsystemTwitch/OnlineSubsystemTwitch.uplugin" 165
"../../../Engine/Plugins/Online/OnlineSubsystemUtils/OnlineSubsystemUtils.uplugin" 166
"../../../Engine/Plugins/Online/VoiceChat/VivoxVoiceChat/VivoxVoiceChat.uplugin" 167
"../../../Engine/Plugins/Performance/PerformanceMonitor/PerformanceMonitor.uplugin" 168
"../../../Engine/Plugins/Portal/LauncherChunkInstaller/LauncherChunkInstaller.uplugin" 169
"../../../Engine/Plugins/Runtime/Advertising/IOSTapJoy/IOSTapJoy.uplugin" 170
"../../../Engine/Plugins/Runtime/Analytics/Adjust/Adjust.uplugin" 171
"../../../Engine/Plugins/Runtime/Analytics/AnalyticsBlueprintLibrary/AnalyticsBlueprintLibrary.uplugin" 172
"../../../Engine/Plugins/Runtime/Analytics/AnalyticsMulticast/AnalyticsMulticast.uplugin" 173
"../../../Engine/Plugins/Runtime/Analytics/Apsalar/Apsalar.uplugin" 174
"../../../Engine/Plugins/Runtime/Analytics/FileLogging/FileLogging.uplugin" 175
"../../../Engine/Plugins/Runtime/Analytics/Flurry/Flurry.uplugin" 176
"../../../Engine/Plugins/Runtime/AndroidDeviceProfileSelector/AndroidDeviceProfileSelector.uplugin" 177
"../../../Engine/Plugins/Runtime/AndroidMoviePlayer/AndroidMoviePlayer.uplugin" 178
"../../../Engine/Plugins/Runtime/AndroidPermission/AndroidPermission.uplugin" 179
"../../../Engine/Plugins/Runtime/AnimationBudgetAllocator/AnimationBudgetAllocator.uplugin" 180
"../../../Engine/Plugins/Runtime/AnimDistanceMatching/AnimDistanceMatching.uplugin" 181
"../../../Engine/Plugins/Runtime/ApexDestruction/ApexDestruction.uplugin" 182
"../../../Engine/Plugins/Runtime/AppleImageUtils/AppleImageUtils.uplugin" 183
"../../../Engine/Plugins/Runtime/AppleMoviePlayer/AppleMoviePlayer.uplugin" 184
"../../../Engine/Plugins/Runtime/AR/Apple/AppleARKit/AppleARKit.uplugin" 185
"../../../Engine/Plugins/Runtime/AR/Apple/AppleARKitFaceSupport/AppleARKitFaceSupport.uplugin" 186
"../../../Engine/Plugins/Runtime/AR/Google/GoogleARCore/GoogleARCore.uplugin" 187
"../../../Engine/Plugins/Runtime/AR/Google/GoogleARCoreServices/GoogleARCoreServices.uplugin" 188
"../../../Engine/Plugins/Runtime/AR/Microsoft/HoloLensAR/HoloLensAR.uplugin" 189
"../../../Engine/Plugins/Runtime/ArchVisCharacter/ArchVisCharacter.uplugin" 190
"../../../Engine/Plugins/Runtime/AssetTags/AssetTags.uplugin" 191
"../../../Engine/Plugins/Runtime/AudioCapture/AudioCapture.uplugin" 192
"../../../Engine/Plugins/Runtime/AudioModulation/AudioModulation.uplugin" 193
"../../../Engine/Plugins/Runtime/AudioSynesthesia/AudioSynesthesia.uplugin" 194
"../../../Engine/Plugins/Runtime/CableComponent/CableComponent.uplugin" 195
"../../../Engine/Plugins/Runtime/CustomMeshComponent/CustomMeshComponent.uplugin" 196
"../../../Engine/Plugins/Runtime/Database/ADOSupport/ADOSupport.uplugin" 197
"../../../Engine/Plugins/Runtime/Database/DatabaseSupport/DatabaseSupport.uplugin" 198
"../../../Engine/Plugins/Runtime/Database/RemoteDatabaseSupport/RemoteDatabaseSupport.uplugin" 199
"../../../Engine/Plugins/Runtime/Database/SQLiteCore/SQLiteCore.uplugin" 200
"../../../Engine/Plugins/Runtime/Database/SQLiteSupport/SQLiteSupport.uplugin" 201
"../../../Engine/Plugins/Runtime/EditableMesh/EditableMesh.uplugin" 202
"../../../Engine/Plugins/Runtime/ExampleDeviceProfileSelector/ExampleDeviceProfileSelector.uplugin" 203
"../../../Engine/Plugins/Runtime/Firebase/Firebase.uplugin" 204
"../../../Engine/Plugins/Runtime/GameplayAbilities/GameplayAbilities.uplugin" 205
"../../../Engine/Plugins/Runtime/GoogleCloudMessaging/GoogleCloudMessaging.uplugin" 206
"../../../Engine/Plugins/Runtime/GoogleVR/GoogleVRController/GoogleVRController.uplugin" 207
"../../../Engine/Plugins/Runtime/GoogleVR/GoogleVRHMD/GoogleVRHMD.uplugin" 208
"../../../Engine/Plugins/Runtime/GoogleVR/GoogleVRTransition2D/GoogleVRTransition2D.uplugin" 209
"../../../Engine/Plugins/Runtime/HDRIBackdrop/HDRIBackdrop.uplugin" 210
"../../../Engine/Plugins/Runtime/HTTPChunkInstaller/HTTPChunkInstaller.uplugin" 211
"../../../Engine/Plugins/Runtime/IOSDeviceProfileSelector/IOSDeviceProfileSelector.uplugin" 212
"../../../Engine/Plugins/Runtime/IOSReplayKit/IOSReplayKit.uplugin" 213
"../../../Engine/Plugins/Runtime/LeapMotion/LeapMotion.uplugin" 214
"../../../Engine/Plugins/Runtime/LinuxDeviceProfileSelector/LinuxDeviceProfileSelector.uplugin" 215
"../../../Engine/Plugins/Runtime/LocationServicesAndroidImpl/LocationServicesAndroidImpl.uplugin" 216
"../../../Engine/Plugins/Runtime/LocationServicesBPLibrary/LocationServicesBPLibrary.uplugin" 217
"../../../Engine/Plugins/Runtime/LocationServicesIOSImpl/LocationServicesIOSImpl.uplugin" 218
"../../../Engine/Plugins/Runtime/MeshReconstruction/DummyMeshReconstructor/DummyMeshReconstructor.uplugin" 219
"../../../Engine/Plugins/Runtime/MicrosoftSpatialAudio/MicroSoftSpatialSound.uplugin" 220
"../../../Engine/Plugins/Runtime/MIDIDevice/MIDIDevice.uplugin" 221
"../../../Engine/Plugins/Runtime/MixedRealityCaptureFramework/MixedRealityCaptureFramework.uplugin" 222
"../../../Engine/Plugins/Runtime/MobilePatchingUtils/MobilePatchingUtils.uplugin" 223
"../../../Engine/Plugins/Runtime/nDisplay/nDisplay.uplugin" 224
"../../../Engine/Plugins/Runtime/NetworkPrediction/NetworkPrediction.uplugin" 225
"../../../Engine/Plugins/Runtime/NetworkPredictionExtras/NetworkPredictionExtras.uplugin" 226
"../../../Engine/Plugins/Runtime/Nvidia/Ansel/Ansel.uplugin" 227
"../../../Engine/Plugins/Runtime/Oculus/OculusAudio/OculusAudio.uplugin" 228
"../../../Engine/Plugins/Runtime/Oculus/OculusAvatar/OculusAvatar.uplugin" 229
"../../../Engine/Plugins/Runtime/Oculus/OculusVR/OculusVR.uplugin" 230
"../../../Engine/Plugins/Runtime/OpenXR/OpenXR.uplugin" 231
"../../../Engine/Plugins/Runtime/OptionalMobileFeaturesBPLibrary/OptionalMobileFeaturesBPLibrary.uplugin" 232
"../../../Engine/Plugins/Runtime/OSC/OSC.uplugin" 233
"../../../Engine/Plugins/Runtime/PacketHandlers/AESGCMHandlerComponent/AESGCMHandlerComponent.uplugin" 234
"../../../Engine/Plugins/Runtime/PacketHandlers/AESHandlerComponent/AESHandlerComponent.uplugin" 235
"../../../Engine/Plugins/Runtime/PacketHandlers/DTLSHandlerComponent/DTLSHandlerComponent.uplugin" 236
"../../../Engine/Plugins/Runtime/PhysXVehicles/PhysXVehicles.uplugin" 237
"../../../Engine/Plugins/Runtime/PostSplashScreen/PostSplashScreen.uplugin" 238
"../../../Engine/Plugins/Runtime/PreLoadScreenMoviePlayer/PreLoadScreenMoviePlayer.uplugin" 239
"../../../Engine/Plugins/Runtime/ProceduralMeshComponent/ProceduralMeshComponent.uplugin" 240
"../../../Engine/Plugins/Runtime/ReplicationGraph/ReplicationGraph.uplugin" 241
"../../../Engine/Plugins/Runtime/ResonanceAudio/ResonanceAudio.uplugin" 242
"../../../Engine/Plugins/Runtime/RuntimePhysXCooking/RuntimePhysXCooking.uplugin" 243
"../../../Engine/Plugins/Runtime/SignificanceManager/SignificanceManager.uplugin" 244
"../../../Engine/Plugins/Runtime/SoundCueTemplates/SoundCueTemplates.uplugin" 245
"../../../Engine/Plugins/Runtime/SoundMod/SoundMod.uplugin" 246
"../../../Engine/Plugins/Runtime/SoundUtilities/SoundUtilities.uplugin" 247
"../../../Engine/Plugins/Runtime/SoundVisualizations/SoundVisualizations.uplugin" 248
"../../../Engine/Plugins/Runtime/Spatialization/Spatialization.uplugin" 249
"../../../Engine/Plugins/Runtime/Steam/SteamAudio/SteamAudio.uplugin" 250
"../../../Engine/Plugins/Runtime/Steam/SteamController/SteamController.uplugin" 251
"../../../Engine/Plugins/Runtime/Steam/SteamShared/SteamShared.uplugin" 252
"../../../Engine/Plugins/Runtime/Steam/SteamSockets/SteamSockets.uplugin" 253
"../../../Engine/Plugins/Runtime/Steam/SteamVR/SteamVR.uplugin" 254
"../../../Engine/Plugins/Runtime/SunPosition/SunPosition.uplugin" 255
"../../../Engine/Plugins/Runtime/Synthesis/Synthesis.uplugin" 256
"../../../Engine/Plugins/Runtime/TimeSynth/TimeSynth.uplugin" 257
"../../../Engine/Plugins/Runtime/WarpUtils/WarpUtils.uplugin" 258
"../../../Engine/Plugins/Runtime/WebBrowserNativeProxy/WebBrowserNativeProxy.uplugin" 259
"../../../Engine/Plugins/Runtime/WebBrowserWidget/WebBrowserWidget.uplugin" 260
"../../../Engine/Plugins/Runtime/WebMMoviePlayer/WebMMoviePlayer.uplugin" 261
"../../../Engine/Plugins/Runtime/WindowsDeviceProfileSelector/WindowsDeviceProfileSelector.uplugin" 262
"../../../Engine/Plugins/Runtime/WindowsMixedReality/WindowsMixedReality.uplugin" 263
"../../../Engine/Plugins/Runtime/WindowsMoviePlayer/WindowsMoviePlayer.uplugin" 264
"../../../Engine/Plugins/ScriptPlugin/ScriptPlugin.uplugin" 265
"../../../Engine/Plugins/Slate/SlateRemote/SlateRemote.uplugin" 266
"../../../Engine/Plugins/Tests/EditorTests/EditorTests.uplugin" 267
"../../../Engine/Plugins/Tests/FbxAutomationTestBuilder/FbxAutomationTestBuilder.uplugin" 268
"../../../Engine/Plugins/Tests/FunctionalTestingEditor/FunctionalTestingEditor.uplugin" 269
"../../../Engine/Plugins/Tests/PythonAutomationTest/PythonAutomationTest.uplugin" 270
"../../../Engine/Plugins/Tests/RuntimeTests/RuntimeTests.uplugin" 271
"../../../Engine/Plugins/Tests/ScreenshotTools/ScreenshotTools.uplugin" 272
"../../../Engine/Plugins/VirtualProduction/RemoteControl/RemoteControl.uplugin" 273
"../../../Engine/Plugins/VirtualProduction/Takes/Takes.uplugin" 274
"../../../Engine/Content/Internationalization/icudt64l/cnvalias.icu" 275
"../../../Engine/Content/Internationalization/icudt64l/res_index.res" 276
"../../../Engine/Content/Internationalization/icudt64l/plurals.res" 277
"../../../Engine/Content/Internationalization/icudt64l/lang/en.res" 278
"../../../Engine/Content/Internationalization/icudt64l/lang/pool.res" 279
"../../../Engine/Content/Internationalization/icudt64l/lang/root.res" 280
"../../../Engine/Content/Internationalization/icudt64l/region/en.res" 281
"../../../Engine/Content/Internationalization/icudt64l/region/pool.res" 282
"../../../Engine/Content/Internationalization/icudt64l/region/root.res" 283
"../../../Engine/Content/Internationalization/icudt64l/windowsZones.res" 284
"../../../Engine/Content/Internationalization/icudt64l/zoneinfo64.res" 285
"../../../Engine/Content/Internationalization/icudt64l/keyTypeData.res" 286
"../../../Engine/Content/Internationalization/icudt64l/timezoneTypes.res" 287
"../../../Engine/Content/Internationalization/icudt64l/likelySubtags.res" 288
"../../../Engine/Content/Internationalization/icudt64l/en_US.res" 289
"../../../Engine/Content/Internationalization/icudt64l/pool.res" 290
"../../../Engine/Content/Internationalization/icudt64l/en.res" 291
"../../../Engine/Content/Internationalization/icudt64l/root.res" 292
"../../../Engine/Content/Internationalization/icudt64l/supplementalData.res" 293
"C:/Users/rthru/AppData/Local/UnrealEngine/4.24/Saved/Config/Windows/Manifest.ini" 294
"../../../Engine/Config/Base.ini" 295
"../../../Engine/Config/BaseEngine.ini" 296
"G:/UNREAL ENGINE/LICENTA BUNA/Licenta/Config/DefaultEngine.ini" 297
"../../../Engine/Config/Windows/WindowsEngine.ini" 298
"G:/UNREAL ENGINE/LICENTA BUNA/Licenta/Saved/Config/Windows/Engine.ini" 299
"../../../Engine/Config/BaseGame.ini" 300
"G:/UNREAL ENGINE/LICENTA BUNA/Licenta/Config/DefaultGame.ini" 301
"../../../Engine/Config/Windows/WindowsGame.ini" 302
"G:/UNREAL ENGINE/LICENTA BUNA/Licenta/Saved/Config/Windows/Game.ini" 303
"../../../Engine/Config/BaseInput.ini" 304
"G:/UNREAL ENGINE/LICENTA BUNA/Licenta/Config/DefaultInput.ini" 305
"G:/UNREAL ENGINE/LICENTA BUNA/Licenta/Saved/Config/Windows/Input.ini" 306
"../../../Engine/Config/BaseEditor.ini" 307
"G:/UNREAL ENGINE/LICENTA BUNA/Licenta/Config/DefaultEditor.ini" 308
"G:/UNREAL ENGINE/LICENTA BUNA/Licenta/Saved/Config/Windows/Editor.ini" 309
"../../../Engine/Config/BaseEditorPerProjectUserSettings.ini" 310
"G:/UNREAL ENGINE/LICENTA BUNA/Licenta/Config/DefaultEditorPerProjectUserSettings.ini" 311
"G:/UNREAL ENGINE/LICENTA BUNA/Licenta/Saved/Config/Windows/EditorPerProjectUserSettings.ini" 312
"../../../Engine/Config/BaseEditorSettings.ini" 313
"C:/Users/rthru/AppData/Local/UnrealEngine/4.24/Saved/Config/Windows/EditorSettings.ini" 314
"../../../Engine/Config/BaseEditorKeyBindings.ini" 315
"C:/Users/rthru/AppData/Local/UnrealEngine/4.24/Saved/Config/Windows/EditorKeyBindings.ini" 316
"C:/Users/rthru/AppData/Local/UnrealEngine/4.24/Saved/Config/Windows/EditorLayout.ini" 317
"../../../Engine/Config/BaseCompat.ini" 318
"G:/UNREAL ENGINE/LICENTA BUNA/Licenta/Saved/Config/Windows/Compat.ini" 319
"../../../Engine/Config/BaseLightmass.ini" 320
"G:/UNREAL ENGINE/LICENTA BUNA/Licenta/Saved/Config/Windows/Lightmass.ini" 321
"../../../Engine/Config/BaseScalability.ini" 322
"G:/UNREAL ENGINE/LICENTA BUNA/Licenta/Saved/Config/Windows/Scalability.ini" 323
"../../../Engine/Config/BaseHardware.ini" 324
"G:/UNREAL ENGINE/LICENTA BUNA/Licenta/Saved/Config/Windows/Hardware.ini" 325
"../../../Engine/Config/BaseRuntimeOptions.ini" 326
"G:/UNREAL ENGINE/LICENTA BUNA/Licenta/Saved/Config/Windows/RuntimeOptions.ini" 327
"../../../Engine/Config/BaseGameUserSettings.ini" 328
"G:/UNREAL ENGINE/LICENTA BUNA/Licenta/Saved/Config/Windows/GameUserSettings.ini" 329
"../../../Engine/Config/Android/DataDrivenPlatformInfo.ini" 330
"../../../Engine/Config/HoloLens/DataDrivenPlatformInfo.ini" 331
"../../../Engine/Config/IOS/DataDrivenPlatformInfo.ini" 332
"../../../Engine/Config/Linux/DataDrivenPlatformInfo.ini" 333
"../../../Engine/Config/LinuxAArch64/DataDrivenPlatformInfo.ini" 334
"../../../Engine/Config/Lumin/DataDrivenPlatformInfo.ini" 335
"../../../Engine/Config/Mac/DataDrivenPlatformInfo.ini" 336
"../../../Engine/Config/TVOS/DataDrivenPlatformInfo.ini" 337
"../../../Engine/Config/Windows/DataDrivenPlatformInfo.ini" 338
"../../../Engine/Plugins/2D/Paper2D/Config/BasePaper2D.ini" 339
"G:/UNREAL ENGINE/LICENTA BUNA/Licenta/Saved/Config/Windows/Paper2D.ini" 340
"../../../Engine/Plugins/Enterprise/VariantManagerContent/Config/BaseVariantManagerContent.ini" 341
"G:/UNREAL ENGINE/LICENTA BUNA/Licenta/Saved/Config/Windows/VariantManagerContent.ini" 342
"../../../Engine/Plugins/Lumin/MagicLeap/Config/BaseMagicLeap.ini" 343
"G:/UNREAL ENGINE/LICENTA BUNA/Licenta/Saved/Config/Windows/MagicLeap.ini" 344
"../../../Engine/Plugins/Runtime/Oculus/OculusVR/Config/BaseOculusVR.ini" 345
"G:/UNREAL ENGINE/LICENTA BUNA/Licenta/Saved/Config/Windows/OculusVR.ini" 346
"../../../Engine/Plugins/Runtime/PhysXVehicles/Config/BasePhysXVehicles.ini" 347
"G:/UNREAL ENGINE/LICENTA BUNA/Licenta/Saved/Config/Windows/PhysXVehicles.ini" 348
"../../../Engine/Plugins/Runtime/PostSplashScreen/Config/BasePostSplashScreen.ini" 349
"G:/UNREAL ENGINE/LICENTA BUNA/Licenta/Saved/Config/Windows/PostSplashScreen.ini" 350
"../../../Engine/Plugins/2D/Paper2D/Binaries/Win64/UE4Editor.modules" 351
"../../../Engine/Plugins/AI/AISupport/Binaries/Win64/UE4Editor.modules" 352
"../../../Engine/Plugins/Blendables/LightPropagationVolume/Binaries/Win64/UE4Editor.modules" 353
"../../../Engine/Plugins/Developer/ActorLayerUtilities/Binaries/Win64/UE4Editor.modules" 354
"../../../Engine/Plugins/Developer/AnimationSharing/Binaries/Win64/UE4Editor.modules" 355
"../../../Engine/Plugins/Runtime/SignificanceManager/Binaries/Win64/UE4Editor.modules" 356
"../../../Engine/Plugins/Developer/CLionSourceCodeAccess/Binaries/Win64/UE4Editor.modules" 357
"../../../Engine/Plugins/Developer/GitSourceControl/Binaries/Win64/UE4Editor.modules" 358
"../../../Engine/Plugins/Developer/PerforceSourceControl/Binaries/Win64/UE4Editor.modules" 359
"../../../Engine/Plugins/Developer/PlasticSourceControl/Binaries/Win64/UE4Editor.modules" 360
"../../../Engine/Plugins/Developer/SubversionSourceControl/Binaries/Win64/UE4Editor.modules" 361
"../../../Engine/Plugins/Developer/UObjectPlugin/Binaries/Win64/UE4Editor.modules" 362
"../../../Engine/Plugins/Developer/VisualStudioCodeSourceCodeAccess/Binaries/Win64/UE4Editor.modules" 363
"../../../Engine/Plugins/Developer/VisualStudioSourceCodeAccess/Binaries/Win64/UE4Editor.modules" 364
"../../../Engine/Plugins/Editor/AssetManagerEditor/Binaries/Win64/UE4Editor.modules" 365
"../../../Engine/Plugins/Editor/CryptoKeys/Binaries/Win64/UE4Editor.modules" 366
"../../../Engine/Plugins/Editor/CurveEditorTools/Binaries/Win64/UE4Editor.modules" 367
"../../../Engine/Plugins/Editor/DataValidation/Binaries/Win64/UE4Editor.modules" 368
"../../../Engine/Plugins/Editor/FacialAnimation/Binaries/Win64/UE4Editor.modules" 369
"../../../Engine/Plugins/Editor/GameplayTagsEditor/Binaries/Win64/UE4Editor.modules" 370
"../../../Engine/Plugins/Editor/MaterialAnalyzer/Binaries/Win64/UE4Editor.modules" 371
"../../../Engine/Plugins/Editor/MobileLauncherProfileWizard/Binaries/Win64/UE4Editor.modules" 372
"../../../Engine/Plugins/Editor/PluginBrowser/Binaries/Win64/UE4Editor.modules" 373
"../../../Engine/Plugins/Editor/SpeedTreeImporter/Binaries/Win64/UE4Editor.modules" 374
"../../../Engine/Plugins/Enterprise/DatasmithContent/Binaries/Win64/UE4Editor.modules" 375
"../../../Engine/Plugins/Enterprise/VariantManagerContent/Binaries/Win64/UE4Editor.modules" 376
"../../../Engine/Plugins/Experimental/AlembicImporter/Binaries/Win64/UE4Editor.modules" 377
"../../../Engine/Plugins/Experimental/GeometryCache/Binaries/Win64/UE4Editor.modules" 378
"../../../Engine/Plugins/Experimental/AutomationUtils/Binaries/Win64/UE4Editor.modules" 379
"../../../Engine/Plugins/Tests/ScreenshotTools/Binaries/Win64/UE4Editor.modules" 380
"../../../Engine/Plugins/Experimental/BackChannel/Binaries/Win64/UE4Editor.modules" 381
"../../../Engine/Plugins/Experimental/CharacterAI/Binaries/Win64/UE4Editor.modules" 382
"../../../Engine/Plugins/Experimental/PlatformCrypto/Binaries/Win64/UE4Editor.modules" 383
"../../../Engine/Plugins/Experimental/ProxyLODPlugin/Binaries/Win64/UE4Editor.modules" 384
"../../../Engine/Plugins/Experimental/SkeletalReduction/Binaries/Win64/UE4Editor.modules" 385
"../../../Engine/Plugins/Lumin/MagicLeap/Binaries/Win64/UE4Editor.modules" 386
"../../../Engine/Plugins/Lumin/MagicLeapMedia/Binaries/Win64/UE4Editor.modules" 387
"../../../Engine/Plugins/Media/AndroidMedia/Binaries/Win64/UE4Editor.modules" 388
"../../../Engine/Plugins/Media/AvfMedia/Binaries/Win64/UE4Editor.modules" 389
"../../../Engine/Plugins/Media/ImgMedia/Binaries/Win64/UE4Editor.modules" 390
"../../../Engine/Plugins/Media/MediaCompositing/Binaries/Win64/UE4Editor.modules" 391
"../../../Engine/Plugins/Media/MediaPlayerEditor/Binaries/Win64/UE4Editor.modules" 392
"../../../Engine/Plugins/Media/WmfMedia/Binaries/Win64/UE4Editor.modules" 393
"../../../Engine/Plugins/Messaging/TcpMessaging/Binaries/Win64/UE4Editor.modules" 394
"../../../Engine/Plugins/Messaging/UdpMessaging/Binaries/Win64/UE4Editor.modules" 395
"../../../Engine/Plugins/MovieScene/ActorSequence/Binaries/Win64/UE4Editor.modules" 396
"../../../Engine/Plugins/MovieScene/LevelSequenceEditor/Binaries/Win64/UE4Editor.modules" 397
"../../../Engine/Plugins/MovieScene/MatineeToLevelSequence/Binaries/Win64/UE4Editor.modules" 398
"../../../Engine/Plugins/NetcodeUnitTest/NetcodeUnitTest/Binaries/Win64/UE4Editor.modules" 399
"../../../Engine/Plugins/NetcodeUnitTest/NUTUnrealEngine4/Binaries/Win64/UE4Editor.modules" 400
"../../../Engine/Plugins/Online/OnlineSubsystem/Binaries/Win64/UE4Editor.modules" 401
"../../../Engine/Plugins/Runtime/AndroidPermission/Binaries/Win64/UE4Editor.modules" 402
"../../../Engine/Plugins/Online/OnlineSubsystemNull/Binaries/Win64/UE4Editor.modules" 403
"../../../Engine/Plugins/Online/OnlineSubsystemUtils/Binaries/Win64/UE4Editor.modules" 404
"../../../Engine/Plugins/Portal/LauncherChunkInstaller/Binaries/Win64/UE4Editor.modules" 405
"../../../Engine/Plugins/Runtime/AndroidDeviceProfileSelector/Binaries/Win64/UE4Editor.modules" 406
"../../../Engine/Plugins/Runtime/AppleImageUtils/Binaries/Win64/UE4Editor.modules" 407
"../../../Engine/Plugins/Runtime/ArchVisCharacter/Binaries/Win64/UE4Editor.modules" 408
"../../../Engine/Plugins/Runtime/AssetTags/Binaries/Win64/UE4Editor.modules" 409
"../../../Engine/Plugins/Runtime/AudioCapture/Binaries/Win64/UE4Editor.modules" 410
"../../../Engine/Plugins/Runtime/CableComponent/Binaries/Win64/UE4Editor.modules" 411
"../../../Engine/Plugins/Runtime/CustomMeshComponent/Binaries/Win64/UE4Editor.modules" 412
"../../../Engine/Plugins/Runtime/EditableMesh/Binaries/Win64/UE4Editor.modules" 413
"../../../Engine/Plugins/Runtime/ExampleDeviceProfileSelector/Binaries/Win64/UE4Editor.modules" 414
"../../../Engine/Plugins/Runtime/LocationServicesBPLibrary/Binaries/Win64/UE4Editor.modules" 415
"../../../Engine/Plugins/Runtime/MobilePatchingUtils/Binaries/Win64/UE4Editor.modules" 416
"../../../Engine/Plugins/Runtime/Oculus/OculusVR/Binaries/Win64/UE4Editor.modules" 417
"../../../Engine/Plugins/Runtime/ProceduralMeshComponent/Binaries/Win64/UE4Editor.modules" 418
"../../../Engine/Plugins/Runtime/PhysXVehicles/Binaries/Win64/UE4Editor.modules" 419
"../../../Engine/Plugins/Runtime/RuntimePhysXCooking/Binaries/Win64/UE4Editor.modules" 420
"../../../Engine/Plugins/Runtime/Steam/SteamVR/Binaries/Win64/UE4Editor.modules" 421
"../../../Engine/Plugins/Runtime/WebMMoviePlayer/Binaries/Win64/UE4Editor.modules" 422
"../../../Engine/Plugins/Media/WebMMedia/Binaries/Win64/UE4Editor.modules" 423
"../../../Engine/Plugins/Runtime/WindowsMoviePlayer/Binaries/Win64/UE4Editor.modules" 424
"../../../Engine/Content/Certificates/ThirdParty/cacert.pem" 425
"../../../Engine/Config/BaseDeviceProfiles.ini" 426
"G:/UNREAL ENGINE/LICENTA BUNA/Licenta/Saved/Config/Windows/DeviceProfiles.ini" 427
"../../../Engine/Config/ConsoleVariables.ini" 428
"../../../Engine/Content/Localization/Editor/en/Editor.locres" 429
"../../../Engine/Content/Localization/EditorTutorials/en/EditorTutorials.locres" 430
"../../../Engine/Content/Localization/Keywords/en/Keywords.locres" 431
"../../../Engine/Content/Localization/Category/en/Category.locres" 432
"../../../Engine/Content/Localization/ToolTips/en/ToolTips.locres" 433
"../../../Engine/Content/Localization/PropertyNames/en/PropertyNames.locres" 434
"../../../Engine/Content/Localization/Engine/en/Engine.locres" 435
"../../../Engine/Plugins/Online/Android/OnlineSubsystemGooglePlay/Content/Localization/OnlineSubsystemGooglePlay/en/OnlineSubsystemGooglePlay.locres" 436
"../../../Engine/Plugins/Online/IOS/OnlineSubsystemIOS/Content/Localization/OnlineSubsystemIOS/en/OnlineSubsystemIOS.locres" 437
"../../../Engine/Plugins/Online/OnlineSubsystem/Content/Localization/OnlineSubsystem/en/OnlineSubsystem.locres" 438
"../../../Engine/Plugins/Online/OnlineSubsystemUtils/Content/Localization/OnlineSubsystemUtils/en/OnlineSubsystemUtils.locres" 439
"../../../Engine/Content/Internationalization/icudt64l/numberingSystems.res" 440
"../../../Engine/Content/Internationalization/icudt64l/curr/supplementalData.res" 441
"../../../Engine/Content/Internationalization/icudt64l/curr/en.res" 442
"../../../Engine/Content/Internationalization/icudt64l/curr/pool.res" 443
"../../../Engine/Content/Internationalization/icudt64l/curr/root.res" 444
"../../../Engine/Content/Internationalization/icudt64l/lang/af.res" 445
"../../../Engine/Content/Internationalization/icudt64l/region/af.res" 446
"../../../Engine/Content/Internationalization/icudt64l/lang/agq.res" 447
"../../../Engine/Content/Internationalization/icudt64l/region/agq.res" 448
"../../../Engine/Content/Internationalization/icudt64l/lang/ak.res" 449
"../../../Engine/Content/Internationalization/icudt64l/region/ak.res" 450
"../../../Engine/Content/Internationalization/icudt64l/lang/am.res" 451
"../../../Engine/Content/Internationalization/icudt64l/region/am.res" 452
"../../../Engine/Content/Internationalization/icudt64l/lang/ar.res" 453
"../../../Engine/Content/Internationalization/icudt64l/region/ar.res" 454
"../../../Engine/Content/Internationalization/icudt64l/region/ar_AE.res" 455
"../../../Engine/Content/Internationalization/icudt64l/lang/ar_EG.res" 456
"../../../Engine/Content/Internationalization/icudt64l/lang/ar_LY.res" 457
"../../../Engine/Content/Internationalization/icudt64l/region/ar_LY.res" 458
"../../../Engine/Content/Internationalization/icudt64l/lang/ar_SA.res" 459
"../../../Engine/Content/Internationalization/icudt64l/region/ar_SA.res" 460
"../../../Engine/Content/Internationalization/icudt64l/lang/as.res" 461
"../../../Engine/Content/Internationalization/icudt64l/region/as.res" 462
"../../../Engine/Content/Internationalization/icudt64l/lang/asa.res" 463
"../../../Engine/Content/Internationalization/icudt64l/region/asa.res" 464
"../../../Engine/Content/Internationalization/icudt64l/lang/ast.res" 465
"../../../Engine/Content/Internationalization/icudt64l/region/ast.res" 466
"../../../Engine/Content/Internationalization/icudt64l/lang/az.res" 467
"../../../Engine/Content/Internationalization/icudt64l/lang/az_Cyrl.res" 468
"../../../Engine/Content/Internationalization/icudt64l/lang/az_AZ.res" 469
"../../../Engine/Content/Internationalization/icudt64l/lang/az_Latn_AZ.res" 470
"../../../Engine/Content/Internationalization/icudt64l/lang/az_Latn.res" 471
"../../../Engine/Content/Internationalization/icudt64l/region/az_AZ.res" 472
"../../../Engine/Content/Internationalization/icudt64l/region/az_Latn_AZ.res" 473
"../../../Engine/Content/Internationalization/icudt64l/region/az_Latn.res" 474
"../../../Engine/Content/Internationalization/icudt64l/region/az.res" 475
"../../../Engine/Content/Internationalization/icudt64l/region/az_Cyrl.res" 476
"../../../Engine/Content/Internationalization/icudt64l/lang/bas.res" 477
"../../../Engine/Content/Internationalization/icudt64l/region/bas.res" 478
"../../../Engine/Content/Internationalization/icudt64l/lang/be.res" 479
"../../../Engine/Content/Internationalization/icudt64l/region/be.res" 480
"../../../Engine/Content/Internationalization/icudt64l/lang/bem.res" 481
"../../../Engine/Content/Internationalization/icudt64l/region/bem.res" 482
"../../../Engine/Content/Internationalization/icudt64l/lang/bez.res" 483
"../../../Engine/Content/Internationalization/icudt64l/region/bez.res" 484
"../../../Engine/Content/Internationalization/icudt64l/lang/bg.res" 485
"../../../Engine/Content/Internationalization/icudt64l/region/bg.res" 486
"../../../Engine/Content/Internationalization/icudt64l/lang/bm.res" 487
"../../../Engine/Content/Internationalization/icudt64l/region/bm.res" 488
"../../../Engine/Content/Internationalization/icudt64l/lang/bn.res" 489
"../../../Engine/Content/Internationalization/icudt64l/region/bn.res" 490
"../../../Engine/Content/Internationalization/icudt64l/lang/bn_IN.res" 491
"../../../Engine/Content/Internationalization/icudt64l/region/bn_IN.res" 492
"../../../Engine/Content/Internationalization/icudt64l/lang/bo.res" 493
"../../../Engine/Content/Internationalization/icudt64l/region/bo.res" 494
"../../../Engine/Content/Internationalization/icudt64l/region/bo_IN.res" 495
"../../../Engine/Content/Internationalization/icudt64l/lang/br.res" 496
"../../../Engine/Content/Internationalization/icudt64l/region/br.res" 497
"../../../Engine/Content/Internationalization/icudt64l/lang/brx.res" 498
"../../../Engine/Content/Internationalization/icudt64l/region/brx.res" 499
"../../../Engine/Content/Internationalization/icudt64l/lang/bs.res" 500
"../../../Engine/Content/Internationalization/icudt64l/lang/bs_Cyrl.res" 501
"../../../Engine/Content/Internationalization/icudt64l/lang/bs_BA.res" 502
"../../../Engine/Content/Internationalization/icudt64l/lang/bs_Latn_BA.res" 503
"../../../Engine/Content/Internationalization/icudt64l/lang/bs_Latn.res" 504
"../../../Engine/Content/Internationalization/icudt64l/region/bs_BA.res" 505
"../../../Engine/Content/Internationalization/icudt64l/region/bs_Latn_BA.res" 506
"../../../Engine/Content/Internationalization/icudt64l/region/bs_Latn.res" 507
"../../../Engine/Content/Internationalization/icudt64l/region/bs.res" 508
"../../../Engine/Content/Internationalization/icudt64l/region/bs_Cyrl.res" 509
"../../../Engine/Content/Internationalization/icudt64l/lang/ca.res" 510
"../../../Engine/Content/Internationalization/icudt64l/region/ca.res" 511
"../../../Engine/Content/Internationalization/icudt64l/lang/ccp.res" 512
"../../../Engine/Content/Internationalization/icudt64l/region/ccp.res" 513
"../../../Engine/Content/Internationalization/icudt64l/lang/ce.res" 514
"../../../Engine/Content/Internationalization/icudt64l/region/ce.res" 515
"../../../Engine/Content/Internationalization/icudt64l/lang/ceb.res" 516
"../../../Engine/Content/Internationalization/icudt64l/region/ceb.res" 517
"../../../Engine/Content/Internationalization/icudt64l/lang/cgg.res" 518
"../../../Engine/Content/Internationalization/icudt64l/region/cgg.res" 519
"../../../Engine/Content/Internationalization/icudt64l/lang/chr.res" 520
"../../../Engine/Content/Internationalization/icudt64l/region/chr.res" 521
"../../../Engine/Content/Internationalization/icudt64l/lang/ckb.res" 522
"../../../Engine/Content/Internationalization/icudt64l/region/ckb.res" 523
"../../../Engine/Content/Internationalization/icudt64l/lang/cs.res" 524
"../../../Engine/Content/Internationalization/icudt64l/region/cs.res" 525
"../../../Engine/Content/Internationalization/icudt64l/lang/cy.res" 526
"../../../Engine/Content/Internationalization/icudt64l/region/cy.res" 527
"../../../Engine/Content/Internationalization/icudt64l/lang/da.res" 528
"../../../Engine/Content/Internationalization/icudt64l/region/da.res" 529
"../../../Engine/Content/Internationalization/icudt64l/lang/dav.res" 530
"../../../Engine/Content/Internationalization/icudt64l/region/dav.res" 531
"../../../Engine/Content/Internationalization/icudt64l/lang/de.res" 532
"../../../Engine/Content/Internationalization/icudt64l/lang/de_AT.res" 533
"../../../Engine/Content/Internationalization/icudt64l/region/de_AT.res" 534
"../../../Engine/Content/Internationalization/icudt64l/region/de.res" 535
"../../../Engine/Content/Internationalization/icudt64l/lang/de_CH.res" 536
"../../../Engine/Content/Internationalization/icudt64l/region/de_CH.res" 537
"../../../Engine/Content/Internationalization/icudt64l/lang/de_LU.res" 538
"../../../Engine/Content/Internationalization/icudt64l/lang/dje.res" 539
"../../../Engine/Content/Internationalization/icudt64l/region/dje.res" 540
"../../../Engine/Content/Internationalization/icudt64l/lang/dsb.res" 541
"../../../Engine/Content/Internationalization/icudt64l/region/dsb.res" 542
"../../../Engine/Content/Internationalization/icudt64l/lang/dua.res" 543
"../../../Engine/Content/Internationalization/icudt64l/region/dua.res" 544
"../../../Engine/Content/Internationalization/icudt64l/lang/dyo.res" 545
"../../../Engine/Content/Internationalization/icudt64l/region/dyo.res" 546
"../../../Engine/Content/Internationalization/icudt64l/lang/dz.res" 547
"../../../Engine/Content/Internationalization/icudt64l/region/dz.res" 548
"../../../Engine/Content/Internationalization/icudt64l/lang/ebu.res" 549
"../../../Engine/Content/Internationalization/icudt64l/region/ebu.res" 550
"../../../Engine/Content/Internationalization/icudt64l/lang/ee.res" 551
"../../../Engine/Content/Internationalization/icudt64l/region/ee.res" 552
"../../../Engine/Content/Internationalization/icudt64l/lang/el.res" 553
"../../../Engine/Content/Internationalization/icudt64l/region/el.res" 554
"../../../Engine/Content/Internationalization/icudt64l/lang/en_001.res" 555
"../../../Engine/Content/Internationalization/icudt64l/lang/en_150.res" 556
"../../../Engine/Content/Internationalization/icudt64l/region/en_150.res" 557
"../../../Engine/Content/Internationalization/icudt64l/lang/en_AG.res" 558
"../../../Engine/Content/Internationalization/icudt64l/region/en_AG.res" 559
"../../../Engine/Content/Internationalization/icudt64l/lang/en_AI.res" 560
"../../../Engine/Content/Internationalization/icudt64l/region/en_AI.res" 561
"../../../Engine/Content/Internationalization/icudt64l/lang/en_AT.res" 562
"../../../Engine/Content/Internationalization/icudt64l/region/en_AT.res" 563
"../../../Engine/Content/Internationalization/icudt64l/lang/en_AU.res" 564
"../../../Engine/Content/Internationalization/icudt64l/region/en_AU.res" 565
"../../../Engine/Content/Internationalization/icudt64l/lang/en_BB.res" 566
"../../../Engine/Content/Internationalization/icudt64l/region/en_BB.res" 567
"../../../Engine/Content/Internationalization/icudt64l/lang/en_BE.res" 568
"../../../Engine/Content/Internationalization/icudt64l/region/en_BE.res" 569
"../../../Engine/Content/Internationalization/icudt64l/lang/en_BM.res" 570
"../../../Engine/Content/Internationalization/icudt64l/region/en_BM.res" 571
"../../../Engine/Content/Internationalization/icudt64l/lang/en_BS.res" 572
"../../../Engine/Content/Internationalization/icudt64l/region/en_BS.res" 573
"../../../Engine/Content/Internationalization/icudt64l/lang/en_BW.res" 574
"../../../Engine/Content/Internationalization/icudt64l/region/en_BW.res" 575
"../../../Engine/Content/Internationalization/icudt64l/lang/en_BZ.res" 576
"../../../Engine/Content/Internationalization/icudt64l/region/en_BZ.res" 577
"../../../Engine/Content/Internationalization/icudt64l/lang/en_CA.res" 578
"../../../Engine/Content/Internationalization/icudt64l/region/en_CA.res" 579
"../../../Engine/Content/Internationalization/icudt64l/lang/en_CC.res" 580
"../../../Engine/Content/Internationalization/icudt64l/region/en_CC.res" 581
"../../../Engine/Content/Internationalization/icudt64l/lang/en_CH.res" 582
"../../../Engine/Content/Internationalization/icudt64l/region/en_CH.res" 583
"../../../Engine/Content/Internationalization/icudt64l/lang/en_CK.res" 584
"../../../Engine/Content/Internationalization/icudt64l/region/en_CK.res" 585
"../../../Engine/Content/Internationalization/icudt64l/lang/en_CM.res" 586
"../../../Engine/Content/Internationalization/icudt64l/region/en_CM.res" 587
"../../../Engine/Content/Internationalization/icudt64l/lang/en_CX.res" 588
"../../../Engine/Content/Internationalization/icudt64l/region/en_CX.res" 589
"../../../Engine/Content/Internationalization/icudt64l/lang/en_CY.res" 590
"../../../Engine/Content/Internationalization/icudt64l/region/en_CY.res" 591
"../../../Engine/Content/Internationalization/icudt64l/lang/en_DE.res" 592
"../../../Engine/Content/Internationalization/icudt64l/region/en_DE.res" 593
"../../../Engine/Content/Internationalization/icudt64l/lang/en_DG.res" 594
"../../../Engine/Content/Internationalization/icudt64l/region/en_DG.res" 595
"../../../Engine/Content/Internationalization/icudt64l/lang/en_DK.res" 596
"../../../Engine/Content/Internationalization/icudt64l/region/en_DK.res" 597
"../../../Engine/Content/Internationalization/icudt64l/lang/en_DM.res" 598
"../../../Engine/Content/Internationalization/icudt64l/region/en_DM.res" 599
"../../../Engine/Content/Internationalization/icudt64l/lang/en_ER.res" 600
"../../../Engine/Content/Internationalization/icudt64l/region/en_ER.res" 601
"../../../Engine/Content/Internationalization/icudt64l/lang/en_FI.res" 602
"../../../Engine/Content/Internationalization/icudt64l/region/en_FI.res" 603
"../../../Engine/Content/Internationalization/icudt64l/lang/en_FJ.res" 604
"../../../Engine/Content/Internationalization/icudt64l/region/en_FJ.res" 605
"../../../Engine/Content/Internationalization/icudt64l/lang/en_FK.res" 606
"../../../Engine/Content/Internationalization/icudt64l/region/en_FK.res" 607
"../../../Engine/Content/Internationalization/icudt64l/lang/en_FM.res" 608
"../../../Engine/Content/Internationalization/icudt64l/region/en_FM.res" 609
"../../../Engine/Content/Internationalization/icudt64l/lang/en_GB.res" 610
"../../../Engine/Content/Internationalization/icudt64l/region/en_GB.res" 611
"../../../Engine/Content/Internationalization/icudt64l/lang/en_GD.res" 612
"../../../Engine/Content/Internationalization/icudt64l/region/en_GD.res" 613
"../../../Engine/Content/Internationalization/icudt64l/lang/en_GG.res" 614
"../../../Engine/Content/Internationalization/icudt64l/region/en_GG.res" 615
"../../../Engine/Content/Internationalization/icudt64l/lang/en_GH.res" 616
"../../../Engine/Content/Internationalization/icudt64l/region/en_GH.res" 617
"../../../Engine/Content/Internationalization/icudt64l/lang/en_GI.res" 618
"../../../Engine/Content/Internationalization/icudt64l/region/en_GI.res" 619
"../../../Engine/Content/Internationalization/icudt64l/lang/en_GM.res" 620
"../../../Engine/Content/Internationalization/icudt64l/region/en_GM.res" 621
"../../../Engine/Content/Internationalization/icudt64l/lang/en_GY.res" 622
"../../../Engine/Content/Internationalization/icudt64l/region/en_GY.res" 623
"../../../Engine/Content/Internationalization/icudt64l/lang/en_HK.res" 624
"../../../Engine/Content/Internationalization/icudt64l/region/en_HK.res" 625
"../../../Engine/Content/Internationalization/icudt64l/lang/en_IE.res" 626
"../../../Engine/Content/Internationalization/icudt64l/region/en_IE.res" 627
"../../../Engine/Content/Internationalization/icudt64l/lang/en_IL.res" 628
"../../../Engine/Content/Internationalization/icudt64l/region/en_IL.res" 629
"../../../Engine/Content/Internationalization/icudt64l/lang/en_IM.res" 630
"../../../Engine/Content/Internationalization/icudt64l/region/en_IM.res" 631
"../../../Engine/Content/Internationalization/icudt64l/lang/en_IN.res" 632
"../../../Engine/Content/Internationalization/icudt64l/region/en_IN.res" 633
"../../../Engine/Content/Internationalization/icudt64l/lang/en_IO.res" 634
"../../../Engine/Content/Internationalization/icudt64l/region/en_IO.res" 635
"../../../Engine/Content/Internationalization/icudt64l/lang/en_JE.res" 636
"../../../Engine/Content/Internationalization/icudt64l/region/en_JE.res" 637
"../../../Engine/Content/Internationalization/icudt64l/lang/en_JM.res" 638
"../../../Engine/Content/Internationalization/icudt64l/region/en_JM.res" 639
"../../../Engine/Content/Internationalization/icudt64l/lang/en_KE.res" 640
"../../../Engine/Content/Internationalization/icudt64l/region/en_KE.res" 641
"../../../Engine/Content/Internationalization/icudt64l/lang/en_KI.res" 642
"../../../Engine/Content/Internationalization/icudt64l/region/en_KI.res" 643
"../../../Engine/Content/Internationalization/icudt64l/lang/en_KN.res" 644
"../../../Engine/Content/Internationalization/icudt64l/region/en_KN.res" 645
"../../../Engine/Content/Internationalization/icudt64l/lang/en_KY.res" 646
"../../../Engine/Content/Internationalization/icudt64l/region/en_KY.res" 647
"../../../Engine/Content/Internationalization/icudt64l/lang/en_LC.res" 648
"../../../Engine/Content/Internationalization/icudt64l/region/en_LC.res" 649
"../../../Engine/Content/Internationalization/icudt64l/lang/en_LR.res" 650
"../../../Engine/Content/Internationalization/icudt64l/region/en_LR.res" 651
"../../../Engine/Content/Internationalization/icudt64l/lang/en_LS.res" 652
"../../../Engine/Content/Internationalization/icudt64l/region/en_LS.res" 653
"../../../Engine/Content/Internationalization/icudt64l/lang/en_MG.res" 654
"../../../Engine/Content/Internationalization/icudt64l/region/en_MG.res" 655
"../../../Engine/Content/Internationalization/icudt64l/lang/en_MO.res" 656
"../../../Engine/Content/Internationalization/icudt64l/region/en_MO.res" 657
"../../../Engine/Content/Internationalization/icudt64l/lang/en_MS.res" 658
"../../../Engine/Content/Internationalization/icudt64l/region/en_MS.res" 659
"../../../Engine/Content/Internationalization/icudt64l/lang/en_MT.res" 660
"../../../Engine/Content/Internationalization/icudt64l/region/en_MT.res" 661
"../../../Engine/Content/Internationalization/icudt64l/lang/en_MU.res" 662
"../../../Engine/Content/Internationalization/icudt64l/region/en_MU.res" 663
"../../../Engine/Content/Internationalization/icudt64l/lang/en_MW.res" 664
"../../../Engine/Content/Internationalization/icudt64l/region/en_MW.res" 665
"../../../Engine/Content/Internationalization/icudt64l/lang/en_MY.res" 666
"../../../Engine/Content/Internationalization/icudt64l/region/en_MY.res" 667
"../../../Engine/Content/Internationalization/icudt64l/lang/en_NA.res" 668
"../../../Engine/Content/Internationalization/icudt64l/region/en_NA.res" 669
"../../../Engine/Content/Internationalization/icudt64l/lang/en_NF.res" 670
"../../../Engine/Content/Internationalization/icudt64l/region/en_NF.res" 671
"../../../Engine/Content/Internationalization/icudt64l/lang/en_NG.res" 672
"../../../Engine/Content/Internationalization/icudt64l/region/en_NG.res" 673
"../../../Engine/Content/Internationalization/icudt64l/lang/en_NL.res" 674
"../../../Engine/Content/Internationalization/icudt64l/region/en_NL.res" 675
"../../../Engine/Content/Internationalization/icudt64l/lang/en_NR.res" 676
"../../../Engine/Content/Internationalization/icudt64l/region/en_NR.res" 677
"../../../Engine/Content/Internationalization/icudt64l/lang/en_NU.res" 678
"../../../Engine/Content/Internationalization/icudt64l/region/en_NU.res" 679
"../../../Engine/Content/Internationalization/icudt64l/lang/en_NZ.res" 680
"../../../Engine/Content/Internationalization/icudt64l/region/en_NZ.res" 681
"../../../Engine/Content/Internationalization/icudt64l/lang/en_PG.res" 682
"../../../Engine/Content/Internationalization/icudt64l/region/en_PG.res" 683
"../../../Engine/Content/Internationalization/icudt64l/lang/en_PH.res" 684
"../../../Engine/Content/Internationalization/icudt64l/region/en_PH.res" 685
"../../../Engine/Content/Internationalization/icudt64l/lang/en_PK.res" 686
"../../../Engine/Content/Internationalization/icudt64l/region/en_PK.res" 687
"../../../Engine/Content/Internationalization/icudt64l/lang/en_PN.res" 688
"../../../Engine/Content/Internationalization/icudt64l/region/en_PN.res" 689
"../../../Engine/Content/Internationalization/icudt64l/lang/en_PW.res" 690
"../../../Engine/Content/Internationalization/icudt64l/region/en_PW.res" 691
"../../../Engine/Content/Internationalization/icudt64l/lang/en_RW.res" 692
"../../../Engine/Content/Internationalization/icudt64l/region/en_RW.res" 693
"../../../Engine/Content/Internationalization/icudt64l/lang/en_SB.res" 694
"../../../Engine/Content/Internationalization/icudt64l/region/en_SB.res" 695
"../../../Engine/Content/Internationalization/icudt64l/lang/en_SC.res" 696
"../../../Engine/Content/Internationalization/icudt64l/region/en_SC.res" 697
"../../../Engine/Content/Internationalization/icudt64l/lang/en_SD.res" 698
"../../../Engine/Content/Internationalization/icudt64l/region/en_SD.res" 699
"../../../Engine/Content/Internationalization/icudt64l/lang/en_SE.res" 700
"../../../Engine/Content/Internationalization/icudt64l/region/en_SE.res" 701
"../../../Engine/Content/Internationalization/icudt64l/lang/en_SG.res" 702
"../../../Engine/Content/Internationalization/icudt64l/region/en_SG.res" 703
"../../../Engine/Content/Internationalization/icudt64l/lang/en_SH.res" 704
"../../../Engine/Content/Internationalization/icudt64l/region/en_SH.res" 705
"../../../Engine/Content/Internationalization/icudt64l/lang/en_SI.res" 706
"../../../Engine/Content/Internationalization/icudt64l/region/en_SI.res" 707
"../../../Engine/Content/Internationalization/icudt64l/lang/en_SL.res" 708
"../../../Engine/Content/Internationalization/icudt64l/region/en_SL.res" 709
"../../../Engine/Content/Internationalization/icudt64l/lang/en_SS.res" 710
"../../../Engine/Content/Internationalization/icudt64l/region/en_SS.res" 711
"../../../Engine/Content/Internationalization/icudt64l/lang/en_SX.res" 712
"../../../Engine/Content/Internationalization/icudt64l/region/en_SX.res" 713
"../../../Engine/Content/Internationalization/icudt64l/lang/en_SZ.res" 714
"../../../Engine/Content/Internationalization/icudt64l/region/en_SZ.res" 715
"../../../Engine/Content/Internationalization/icudt64l/lang/en_TC.res" 716
"../../../Engine/Content/Internationalization/icudt64l/region/en_TC.res" 717
"../../../Engine/Content/Internationalization/icudt64l/lang/en_TK.res" 718
"../../../Engine/Content/Internationalization/icudt64l/region/en_TK.res" 719
"../../../Engine/Content/Internationalization/icudt64l/lang/en_TO.res" 720
"../../../Engine/Content/Internationalization/icudt64l/region/en_TO.res" 721
"../../../Engine/Content/Internationalization/icudt64l/lang/en_TT.res" 722
"../../../Engine/Content/Internationalization/icudt64l/region/en_TT.res" 723
"../../../Engine/Content/Internationalization/icudt64l/lang/en_TV.res" 724
"../../../Engine/Content/Internationalization/icudt64l/region/en_TV.res" 725
"../../../Engine/Content/Internationalization/icudt64l/lang/en_TZ.res" 726
"../../../Engine/Content/Internationalization/icudt64l/region/en_TZ.res" 727
"../../../Engine/Content/Internationalization/icudt64l/lang/en_UG.res" 728
"../../../Engine/Content/Internationalization/icudt64l/region/en_UG.res" 729
"../../../Engine/Content/Internationalization/icudt64l/lang/en_VC.res" 730
"../../../Engine/Content/Internationalization/icudt64l/region/en_VC.res" 731
"../../../Engine/Content/Internationalization/icudt64l/lang/en_VG.res" 732
"../../../Engine/Content/Internationalization/icudt64l/region/en_VG.res" 733
"../../../Engine/Content/Internationalization/icudt64l/lang/en_VU.res" 734
"../../../Engine/Content/Internationalization/icudt64l/region/en_VU.res" 735
"../../../Engine/Content/Internationalization/icudt64l/lang/en_WS.res" 736
"../../../Engine/Content/Internationalization/icudt64l/region/en_WS.res" 737
"../../../Engine/Content/Internationalization/icudt64l/lang/en_ZA.res" 738
"../../../Engine/Content/Internationalization/icudt64l/region/en_ZA.res" 739
"../../../Engine/Content/Internationalization/icudt64l/lang/en_ZM.res" 740
"../../../Engine/Content/Internationalization/icudt64l/region/en_ZM.res" 741
"../../../Engine/Content/Internationalization/icudt64l/lang/en_ZW.res" 742
"../../../Engine/Content/Internationalization/icudt64l/region/en_ZW.res" 743
"../../../Engine/Content/Internationalization/icudt64l/lang/eo.res" 744
"../../../Engine/Content/Internationalization/icudt64l/region/eo.res" 745
"../../../Engine/Content/Internationalization/icudt64l/lang/es.res" 746
"../../../Engine/Content/Internationalization/icudt64l/lang/es_419.res" 747
"../../../Engine/Content/Internationalization/icudt64l/region/es_419.res" 748
"../../../Engine/Content/Internationalization/icudt64l/region/es.res" 749
"../../../Engine/Content/Internationalization/icudt64l/lang/es_AR.res" 750
"../../../Engine/Content/Internationalization/icudt64l/region/es_AR.res" 751
"../../../Engine/Content/Internationalization/icudt64l/lang/es_BO.res" 752
"../../../Engine/Content/Internationalization/icudt64l/region/es_BO.res" 753
"../../../Engine/Content/Internationalization/icudt64l/lang/es_BR.res" 754
"../../../Engine/Content/Internationalization/icudt64l/region/es_BR.res" 755
"../../../Engine/Content/Internationalization/icudt64l/lang/es_BZ.res" 756
"../../../Engine/Content/Internationalization/icudt64l/region/es_BZ.res" 757
"../../../Engine/Content/Internationalization/icudt64l/lang/es_CL.res" 758
"../../../Engine/Content/Internationalization/icudt64l/region/es_CL.res" 759
"../../../Engine/Content/Internationalization/icudt64l/lang/es_CO.res" 760
"../../../Engine/Content/Internationalization/icudt64l/region/es_CO.res" 761
"../../../Engine/Content/Internationalization/icudt64l/lang/es_CR.res" 762
"../../../Engine/Content/Internationalization/icudt64l/region/es_CR.res" 763
"../../../Engine/Content/Internationalization/icudt64l/lang/es_CU.res" 764
"../../../Engine/Content/Internationalization/icudt64l/region/es_CU.res" 765
"../../../Engine/Content/Internationalization/icudt64l/lang/es_DO.res" 766
"../../../Engine/Content/Internationalization/icudt64l/region/es_DO.res" 767
"../../../Engine/Content/Internationalization/icudt64l/lang/es_EC.res" 768
"../../../Engine/Content/Internationalization/icudt64l/region/es_EC.res" 769
"../../../Engine/Content/Internationalization/icudt64l/lang/es_GT.res" 770
"../../../Engine/Content/Internationalization/icudt64l/region/es_GT.res" 771
"../../../Engine/Content/Internationalization/icudt64l/lang/es_HN.res" 772
"../../../Engine/Content/Internationalization/icudt64l/region/es_HN.res" 773
"../../../Engine/Content/Internationalization/icudt64l/lang/es_MX.res" 774
"../../../Engine/Content/Internationalization/icudt64l/region/es_MX.res" 775
"../../../Engine/Content/Internationalization/icudt64l/lang/es_NI.res" 776
"../../../Engine/Content/Internationalization/icudt64l/region/es_NI.res" 777
"../../../Engine/Content/Internationalization/icudt64l/lang/es_PA.res" 778
"../../../Engine/Content/Internationalization/icudt64l/region/es_PA.res" 779
"../../../Engine/Content/Internationalization/icudt64l/lang/es_PE.res" 780
"../../../Engine/Content/Internationalization/icudt64l/region/es_PE.res" 781
"../../../Engine/Content/Internationalization/icudt64l/lang/es_PR.res" 782
"../../../Engine/Content/Internationalization/icudt64l/region/es_PR.res" 783
"../../../Engine/Content/Internationalization/icudt64l/lang/es_PY.res" 784
"../../../Engine/Content/Internationalization/icudt64l/region/es_PY.res" 785
"../../../Engine/Content/Internationalization/icudt64l/lang/es_SV.res" 786
"../../../Engine/Content/Internationalization/icudt64l/region/es_SV.res" 787
"../../../Engine/Content/Internationalization/icudt64l/lang/es_US.res" 788
"../../../Engine/Content/Internationalization/icudt64l/region/es_US.res" 789
"../../../Engine/Content/Internationalization/icudt64l/lang/es_UY.res" 790
"../../../Engine/Content/Internationalization/icudt64l/region/es_UY.res" 791
"../../../Engine/Content/Internationalization/icudt64l/lang/es_VE.res" 792
"../../../Engine/Content/Internationalization/icudt64l/region/es_VE.res" 793
"../../../Engine/Content/Internationalization/icudt64l/lang/et.res" 794
"../../../Engine/Content/Internationalization/icudt64l/region/et.res" 795
"../../../Engine/Content/Internationalization/icudt64l/lang/eu.res" 796
"../../../Engine/Content/Internationalization/icudt64l/region/eu.res" 797
"../../../Engine/Content/Internationalization/icudt64l/lang/ewo.res" 798
"../../../Engine/Content/Internationalization/icudt64l/region/ewo.res" 799
"../../../Engine/Content/Internationalization/icudt64l/lang/fa.res" 800
"../../../Engine/Content/Internationalization/icudt64l/lang/fa_AF.res" 801
"../../../Engine/Content/Internationalization/icudt64l/region/fa_AF.res" 802
"../../../Engine/Content/Internationalization/icudt64l/region/fa.res" 803
"../../../Engine/Content/Internationalization/icudt64l/lang/ff.res" 804
"../../../Engine/Content/Internationalization/icudt64l/lang/ff_Latn.res" 805
"../../../Engine/Content/Internationalization/icudt64l/region/ff.res" 806
"../../../Engine/Content/Internationalization/icudt64l/region/ff_Latn.res" 807
"../../../Engine/Content/Internationalization/icudt64l/lang/ff_CM.res" 808
"../../../Engine/Content/Internationalization/icudt64l/lang/ff_Latn_CM.res" 809
"../../../Engine/Content/Internationalization/icudt64l/region/ff_CM.res" 810
"../../../Engine/Content/Internationalization/icudt64l/region/ff_Latn_CM.res" 811
"../../../Engine/Content/Internationalization/icudt64l/lang/ff_GN.res" 812
"../../../Engine/Content/Internationalization/icudt64l/lang/ff_Latn_GN.res" 813
"../../../Engine/Content/Internationalization/icudt64l/region/ff_GN.res" 814
"../../../Engine/Content/Internationalization/icudt64l/region/ff_Latn_GN.res" 815
"../../../Engine/Content/Internationalization/icudt64l/lang/ff_MR.res" 816
"../../../Engine/Content/Internationalization/icudt64l/lang/ff_Latn_MR.res" 817
"../../../Engine/Content/Internationalization/icudt64l/region/ff_MR.res" 818
"../../../Engine/Content/Internationalization/icudt64l/region/ff_Latn_MR.res" 819
"../../../Engine/Content/Internationalization/icudt64l/lang/ff_SN.res" 820
"../../../Engine/Content/Internationalization/icudt64l/lang/ff_Latn_SN.res" 821
"../../../Engine/Content/Internationalization/icudt64l/region/ff_SN.res" 822
"../../../Engine/Content/Internationalization/icudt64l/region/ff_Latn_SN.res" 823
"../../../Engine/Content/Internationalization/icudt64l/lang/fi.res" 824
"../../../Engine/Content/Internationalization/icudt64l/region/fi.res" 825
"../../../Engine/Content/Internationalization/icudt64l/lang/fil.res" 826
"../../../Engine/Content/Internationalization/icudt64l/lang/fil_PH.res" 827
"../../../Engine/Content/Internationalization/icudt64l/region/fil_PH.res" 828
"../../../Engine/Content/Internationalization/icudt64l/region/fil.res" 829
"../../../Engine/Content/Internationalization/icudt64l/lang/fo.res" 830
"../../../Engine/Content/Internationalization/icudt64l/region/fo.res" 831
"../../../Engine/Content/Internationalization/icudt64l/lang/fr.res" 832
"../../../Engine/Content/Internationalization/icudt64l/lang/fr_BE.res" 833
"../../../Engine/Content/Internationalization/icudt64l/region/fr_BE.res" 834
"../../../Engine/Content/Internationalization/icudt64l/region/fr.res" 835
"../../../Engine/Content/Internationalization/icudt64l/lang/fr_CA.res" 836
"../../../Engine/Content/Internationalization/icudt64l/region/fr_CA.res" 837
"../../../Engine/Content/Internationalization/icudt64l/lang/fr_CH.res" 838
"../../../Engine/Content/Internationalization/icudt64l/lang/fur.res" 839
"../../../Engine/Content/Internationalization/icudt64l/region/fur.res" 840
"../../../Engine/Content/Internationalization/icudt64l/lang/fy.res" 841
"../../../Engine/Content/Internationalization/icudt64l/region/fy.res" 842
"../../../Engine/Content/Internationalization/icudt64l/lang/ga.res" 843
"../../../Engine/Content/Internationalization/icudt64l/region/ga.res" 844
"../../../Engine/Content/Internationalization/icudt64l/lang/gd.res" 845
"../../../Engine/Content/Internationalization/icudt64l/region/gd.res" 846
"../../../Engine/Content/Internationalization/icudt64l/lang/gl.res" 847
"../../../Engine/Content/Internationalization/icudt64l/region/gl.res" 848
"../../../Engine/Content/Internationalization/icudt64l/lang/gsw.res" 849
"../../../Engine/Content/Internationalization/icudt64l/region/gsw.res" 850
"../../../Engine/Content/Internationalization/icudt64l/lang/gu.res" 851
"../../../Engine/Content/Internationalization/icudt64l/region/gu.res" 852
"../../../Engine/Content/Internationalization/icudt64l/lang/guz.res" 853
"../../../Engine/Content/Internationalization/icudt64l/region/guz.res" 854
"../../../Engine/Content/Internationalization/icudt64l/lang/gv.res" 855
"../../../Engine/Content/Internationalization/icudt64l/region/gv.res" 856
"../../../Engine/Content/Internationalization/icudt64l/lang/ha.res" 857
"../../../Engine/Content/Internationalization/icudt64l/region/ha.res" 858
"../../../Engine/Content/Internationalization/icudt64l/lang/ha_NE.res" 859
"../../../Engine/Content/Internationalization/icudt64l/region/ha_NE.res" 860
"../../../Engine/Content/Internationalization/icudt64l/lang/haw.res" 861
"../../../Engine/Content/Internationalization/icudt64l/region/haw.res" 862
"../../../Engine/Content/Internationalization/icudt64l/lang/he.res" 863
"../../../Engine/Content/Internationalization/icudt64l/lang/he_IL.res" 864
"../../../Engine/Content/Internationalization/icudt64l/region/he_IL.res" 865
"../../../Engine/Content/Internationalization/icudt64l/region/he.res" 866
"../../../Engine/Content/Internationalization/icudt64l/lang/hi.res" 867
"../../../Engine/Content/Internationalization/icudt64l/region/hi.res" 868
"../../../Engine/Content/Internationalization/icudt64l/lang/hr.res" 869
"../../../Engine/Content/Internationalization/icudt64l/region/hr.res" 870
"../../../Engine/Content/Internationalization/icudt64l/lang/hsb.res" 871
"../../../Engine/Content/Internationalization/icudt64l/region/hsb.res" 872
"../../../Engine/Content/Internationalization/icudt64l/lang/hu.res" 873
"../../../Engine/Content/Internationalization/icudt64l/region/hu.res" 874
"../../../Engine/Content/Internationalization/icudt64l/lang/hy.res" 875
"../../../Engine/Content/Internationalization/icudt64l/region/hy.res" 876
"../../../Engine/Content/Internationalization/icudt64l/lang/ia.res" 877
"../../../Engine/Content/Internationalization/icudt64l/region/ia.res" 878
"../../../Engine/Content/Internationalization/icudt64l/lang/id.res" 879
"../../../Engine/Content/Internationalization/icudt64l/lang/id_ID.res" 880
"../../../Engine/Content/Internationalization/icudt64l/region/id_ID.res" 881
"../../../Engine/Content/Internationalization/icudt64l/region/id.res" 882
"../../../Engine/Content/Internationalization/icudt64l/lang/ig.res" 883
"../../../Engine/Content/Internationalization/icudt64l/region/ig.res" 884
"../../../Engine/Content/Internationalization/icudt64l/lang/ii.res" 885
"../../../Engine/Content/Internationalization/icudt64l/region/ii.res" 886
"../../../Engine/Content/Internationalization/icudt64l/lang/is.res" 887
"../../../Engine/Content/Internationalization/icudt64l/region/is.res" 888
"../../../Engine/Content/Internationalization/icudt64l/lang/it.res" 889
"../../../Engine/Content/Internationalization/icudt64l/region/it.res" 890
"../../../Engine/Content/Internationalization/icudt64l/lang/ja.res" 891
"../../../Engine/Content/Internationalization/icudt64l/lang/ja_JP.res" 892
"../../../Engine/Content/Internationalization/icudt64l/region/ja_JP.res" 893
"../../../Engine/Content/Internationalization/icudt64l/region/ja.res" 894
"../../../Engine/Content/Internationalization/icudt64l/lang/jgo.res" 895
"../../../Engine/Content/Internationalization/icudt64l/region/jgo.res" 896
"../../../Engine/Content/Internationalization/icudt64l/lang/jmc.res" 897
"../../../Engine/Content/Internationalization/icudt64l/region/jmc.res" 898
"../../../Engine/Content/Internationalization/icudt64l/lang/jv.res" 899
"../../../Engine/Content/Internationalization/icudt64l/region/jv.res" 900
"../../../Engine/Content/Internationalization/icudt64l/lang/ka.res" 901
"../../../Engine/Content/Internationalization/icudt64l/region/ka.res" 902
"../../../Engine/Content/Internationalization/icudt64l/lang/kab.res" 903
"../../../Engine/Content/Internationalization/icudt64l/region/kab.res" 904
"../../../Engine/Content/Internationalization/icudt64l/lang/kam.res" 905
"../../../Engine/Content/Internationalization/icudt64l/region/kam.res" 906
"../../../Engine/Content/Internationalization/icudt64l/lang/kde.res" 907
"../../../Engine/Content/Internationalization/icudt64l/region/kde.res" 908
"../../../Engine/Content/Internationalization/icudt64l/lang/kea.res" 909
"../../../Engine/Content/Internationalization/icudt64l/region/kea.res" 910
"../../../Engine/Content/Internationalization/icudt64l/lang/khq.res" 911
"../../../Engine/Content/Internationalization/icudt64l/region/khq.res" 912
"../../../Engine/Content/Internationalization/icudt64l/lang/ki.res" 913
"../../../Engine/Content/Internationalization/icudt64l/region/ki.res" 914
"../../../Engine/Content/Internationalization/icudt64l/lang/kk.res" 915
"../../../Engine/Content/Internationalization/icudt64l/region/kk.res" 916
"../../../Engine/Content/Internationalization/icudt64l/lang/kkj.res" 917
"../../../Engine/Content/Internationalization/icudt64l/region/kkj.res" 918
"../../../Engine/Content/Internationalization/icudt64l/lang/kl.res" 919
"../../../Engine/Content/Internationalization/icudt64l/region/kl.res" 920
"../../../Engine/Content/Internationalization/icudt64l/lang/kln.res" 921
"../../../Engine/Content/Internationalization/icudt64l/region/kln.res" 922
"../../../Engine/Content/Internationalization/icudt64l/lang/km.res" 923
"../../../Engine/Content/Internationalization/icudt64l/region/km.res" 924
"../../../Engine/Content/Internationalization/icudt64l/lang/kn.res" 925
"../../../Engine/Content/Internationalization/icudt64l/region/kn.res" 926
"../../../Engine/Content/Internationalization/icudt64l/lang/ko.res" 927
"../../../Engine/Content/Internationalization/icudt64l/region/ko_KP.res" 928
"../../../Engine/Content/Internationalization/icudt64l/region/ko.res" 929
"../../../Engine/Content/Internationalization/icudt64l/lang/kok.res" 930
"../../../Engine/Content/Internationalization/icudt64l/region/kok.res" 931
"../../../Engine/Content/Internationalization/icudt64l/lang/ks.res" 932
"../../../Engine/Content/Internationalization/icudt64l/region/ks.res" 933
"../../../Engine/Content/Internationalization/icudt64l/lang/ksb.res" 934
"../../../Engine/Content/Internationalization/icudt64l/region/ksb.res" 935
"../../../Engine/Content/Internationalization/icudt64l/lang/ksf.res" 936
"../../../Engine/Content/Internationalization/icudt64l/region/ksf.res" 937
"../../../Engine/Content/Internationalization/icudt64l/lang/ksh.res" 938
"../../../Engine/Content/Internationalization/icudt64l/region/ksh.res" 939
"../../../Engine/Content/Internationalization/icudt64l/lang/ku.res" 940
"../../../Engine/Content/Internationalization/icudt64l/region/ku.res" 941
"../../../Engine/Content/Internationalization/icudt64l/lang/kw.res" 942
"../../../Engine/Content/Internationalization/icudt64l/region/kw.res" 943
"../../../Engine/Content/Internationalization/icudt64l/lang/ky.res" 944
"../../../Engine/Content/Internationalization/icudt64l/region/ky.res" 945
"../../../Engine/Content/Internationalization/icudt64l/lang/lag.res" 946
"../../../Engine/Content/Internationalization/icudt64l/region/lag.res" 947
"../../../Engine/Content/Internationalization/icudt64l/lang/lb.res" 948
"../../../Engine/Content/Internationalization/icudt64l/region/lb.res" 949
"../../../Engine/Content/Internationalization/icudt64l/lang/lg.res" 950
"../../../Engine/Content/Internationalization/icudt64l/region/lg.res" 951
"../../../Engine/Content/Internationalization/icudt64l/lang/lkt.res" 952
"../../../Engine/Content/Internationalization/icudt64l/region/lkt.res" 953
"../../../Engine/Content/Internationalization/icudt64l/lang/ln.res" 954
"../../../Engine/Content/Internationalization/icudt64l/region/ln.res" 955
"../../../Engine/Content/Internationalization/icudt64l/lang/lo.res" 956
"../../../Engine/Content/Internationalization/icudt64l/region/lo.res" 957
"../../../Engine/Content/Internationalization/icudt64l/lang/lrc.res" 958
"../../../Engine/Content/Internationalization/icudt64l/region/lrc.res" 959
"../../../Engine/Content/Internationalization/icudt64l/lang/lt.res" 960
"../../../Engine/Content/Internationalization/icudt64l/region/lt.res" 961
"../../../Engine/Content/Internationalization/icudt64l/lang/lu.res" 962
"../../../Engine/Content/Internationalization/icudt64l/region/lu.res" 963
"../../../Engine/Content/Internationalization/icudt64l/lang/luo.res" 964
"../../../Engine/Content/Internationalization/icudt64l/region/luo.res" 965
"../../../Engine/Content/Internationalization/icudt64l/lang/luy.res" 966
"../../../Engine/Content/Internationalization/icudt64l/region/luy.res" 967
"../../../Engine/Content/Internationalization/icudt64l/lang/lv.res" 968
"../../../Engine/Content/Internationalization/icudt64l/region/lv.res" 969
"../../../Engine/Content/Internationalization/icudt64l/lang/mas.res" 970
"../../../Engine/Content/Internationalization/icudt64l/region/mas.res" 971
"../../../Engine/Content/Internationalization/icudt64l/lang/mer.res" 972
"../../../Engine/Content/Internationalization/icudt64l/region/mer.res" 973
"../../../Engine/Content/Internationalization/icudt64l/lang/mfe.res" 974
"../../../Engine/Content/Internationalization/icudt64l/region/mfe.res" 975
"../../../Engine/Content/Internationalization/icudt64l/lang/mg.res" 976
"../../../Engine/Content/Internationalization/icudt64l/region/mg.res" 977
"../../../Engine/Content/Internationalization/icudt64l/lang/mgh.res" 978
"../../../Engine/Content/Internationalization/icudt64l/region/mgh.res" 979
"../../../Engine/Content/Internationalization/icudt64l/lang/mgo.res" 980
"../../../Engine/Content/Internationalization/icudt64l/region/mgo.res" 981
"../../../Engine/Content/Internationalization/icudt64l/lang/mi.res" 982
"../../../Engine/Content/Internationalization/icudt64l/region/mi.res" 983
"../../../Engine/Content/Internationalization/icudt64l/lang/mk.res" 984
"../../../Engine/Content/Internationalization/icudt64l/region/mk.res" 985
"../../../Engine/Content/Internationalization/icudt64l/lang/ml.res" 986
"../../../Engine/Content/Internationalization/icudt64l/region/ml.res" 987
"../../../Engine/Content/Internationalization/icudt64l/lang/mn.res" 988
"../../../Engine/Content/Internationalization/icudt64l/region/mn.res" 989
"../../../Engine/Content/Internationalization/icudt64l/lang/mr.res" 990
"../../../Engine/Content/Internationalization/icudt64l/region/mr.res" 991
"../../../Engine/Content/Internationalization/icudt64l/lang/ms.res" 992
"../../../Engine/Content/Internationalization/icudt64l/region/ms.res" 993
"../../../Engine/Content/Internationalization/icudt64l/lang/mt.res" 994
"../../../Engine/Content/Internationalization/icudt64l/region/mt.res" 995
"../../../Engine/Content/Internationalization/icudt64l/lang/mua.res" 996
"../../../Engine/Content/Internationalization/icudt64l/region/mua.res" 997
"../../../Engine/Content/Internationalization/icudt64l/lang/my.res" 998
"../../../Engine/Content/Internationalization/icudt64l/region/my.res" 999
"../../../Engine/Content/Internationalization/icudt64l/lang/mzn.res" 1000
"../../../Engine/Content/Internationalization/icudt64l/region/mzn.res" 1001
"../../../Engine/Content/Internationalization/icudt64l/lang/naq.res" 1002
"../../../Engine/Content/Internationalization/icudt64l/region/naq.res" 1003
"../../../Engine/Content/Internationalization/icudt64l/lang/nb.res" 1004
"../../../Engine/Content/Internationalization/icudt64l/lang/nb_NO.res" 1005
"../../../Engine/Content/Internationalization/icudt64l/region/nb_NO.res" 1006
"../../../Engine/Content/Internationalization/icudt64l/region/nb.res" 1007
"../../../Engine/Content/Internationalization/icudt64l/lang/nd.res" 1008
"../../../Engine/Content/Internationalization/icudt64l/region/nd.res" 1009
"../../../Engine/Content/Internationalization/icudt64l/lang/nds.res" 1010
"../../../Engine/Content/Internationalization/icudt64l/region/nds.res" 1011
"../../../Engine/Content/Internationalization/icudt64l/lang/ne.res" 1012
"../../../Engine/Content/Internationalization/icudt64l/region/ne.res" 1013
"../../../Engine/Content/Internationalization/icudt64l/lang/nl.res" 1014
"../../../Engine/Content/Internationalization/icudt64l/region/nl.res" 1015
"../../../Engine/Content/Internationalization/icudt64l/lang/nmg.res" 1016
"../../../Engine/Content/Internationalization/icudt64l/region/nmg.res" 1017
"../../../Engine/Content/Internationalization/icudt64l/lang/nn.res" 1018
"../../../Engine/Content/Internationalization/icudt64l/lang/nn_NO.res" 1019
"../../../Engine/Content/Internationalization/icudt64l/region/nn_NO.res" 1020
"../../../Engine/Content/Internationalization/icudt64l/region/nn.res" 1021
"../../../Engine/Content/Internationalization/icudt64l/lang/nnh.res" 1022
"../../../Engine/Content/Internationalization/icudt64l/region/nnh.res" 1023
"../../../Engine/Content/Internationalization/icudt64l/lang/nus.res" 1024
"../../../Engine/Content/Internationalization/icudt64l/region/nus.res" 1025
"../../../Engine/Content/Internationalization/icudt64l/lang/nyn.res" 1026
"../../../Engine/Content/Internationalization/icudt64l/region/nyn.res" 1027
"../../../Engine/Content/Internationalization/icudt64l/lang/om.res" 1028
"../../../Engine/Content/Internationalization/icudt64l/region/om.res" 1029
"../../../Engine/Content/Internationalization/icudt64l/lang/or.res" 1030
"../../../Engine/Content/Internationalization/icudt64l/region/or.res" 1031
"../../../Engine/Content/Internationalization/icudt64l/lang/os.res" 1032
"../../../Engine/Content/Internationalization/icudt64l/region/os.res" 1033
"../../../Engine/Content/Internationalization/icudt64l/lang/pa.res" 1034
"../../../Engine/Content/Internationalization/icudt64l/lang/pa_Arab.res" 1035
"../../../Engine/Content/Internationalization/icudt64l/lang/pa_PK.res" 1036
"../../../Engine/Content/Internationalization/icudt64l/lang/pa_Arab_PK.res" 1037
"../../../Engine/Content/Internationalization/icudt64l/region/pa_PK.res" 1038
"../../../Engine/Content/Internationalization/icudt64l/region/pa_Arab_PK.res" 1039
"../../../Engine/Content/Internationalization/icudt64l/region/pa_Arab.res" 1040
"../../../Engine/Content/Internationalization/icudt64l/lang/pa_Guru.res" 1041
"../../../Engine/Content/Internationalization/icudt64l/lang/pa_IN.res" 1042
"../../../Engine/Content/Internationalization/icudt64l/lang/pa_Guru_IN.res" 1043
"../../../Engine/Content/Internationalization/icudt64l/region/pa_IN.res" 1044
"../../../Engine/Content/Internationalization/icudt64l/region/pa_Guru_IN.res" 1045
"../../../Engine/Content/Internationalization/icudt64l/region/pa_Guru.res" 1046
"../../../Engine/Content/Internationalization/icudt64l/region/pa.res" 1047
"../../../Engine/Content/Internationalization/icudt64l/lang/pl.res" 1048
"../../../Engine/Content/Internationalization/icudt64l/region/pl.res" 1049
"../../../Engine/Content/Internationalization/icudt64l/lang/ps.res" 1050
"../../../Engine/Content/Internationalization/icudt64l/region/ps.res" 1051
"../../../Engine/Content/Internationalization/icudt64l/lang/ps_PK.res" 1052
"../../../Engine/Content/Internationalization/icudt64l/region/ps_PK.res" 1053
"../../../Engine/Content/Internationalization/icudt64l/lang/pt.res" 1054
"../../../Engine/Content/Internationalization/icudt64l/lang/pt_AO.res" 1055
"../../../Engine/Content/Internationalization/icudt64l/lang/pt_PT.res" 1056
"../../../Engine/Content/Internationalization/icudt64l/region/pt_AO.res" 1057
"../../../Engine/Content/Internationalization/icudt64l/region/pt_PT.res" 1058
"../../../Engine/Content/Internationalization/icudt64l/region/pt.res" 1059
"../../../Engine/Content/Internationalization/icudt64l/lang/pt_CH.res" 1060
"../../../Engine/Content/Internationalization/icudt64l/region/pt_CH.res" 1061
"../../../Engine/Content/Internationalization/icudt64l/lang/pt_CV.res" 1062
"../../../Engine/Content/Internationalization/icudt64l/region/pt_CV.res" 1063
"../../../Engine/Content/Internationalization/icudt64l/lang/pt_GQ.res" 1064
"../../../Engine/Content/Internationalization/icudt64l/region/pt_GQ.res" 1065
"../../../Engine/Content/Internationalization/icudt64l/lang/pt_GW.res" 1066
"../../../Engine/Content/Internationalization/icudt64l/region/pt_GW.res" 1067
"../../../Engine/Content/Internationalization/icudt64l/lang/pt_LU.res" 1068
"../../../Engine/Content/Internationalization/icudt64l/region/pt_LU.res" 1069
"../../../Engine/Content/Internationalization/icudt64l/lang/pt_MO.res" 1070
"../../../Engine/Content/Internationalization/icudt64l/region/pt_MO.res" 1071
"../../../Engine/Content/Internationalization/icudt64l/lang/pt_MZ.res" 1072
"../../../Engine/Content/Internationalization/icudt64l/region/pt_MZ.res" 1073
"../../../Engine/Content/Internationalization/icudt64l/lang/pt_ST.res" 1074
"../../../Engine/Content/Internationalization/icudt64l/region/pt_ST.res" 1075
"../../../Engine/Content/Internationalization/icudt64l/lang/pt_TL.res" 1076
"../../../Engine/Content/Internationalization/icudt64l/region/pt_TL.res" 1077
"../../../Engine/Content/Internationalization/icudt64l/lang/qu.res" 1078
"../../../Engine/Content/Internationalization/icudt64l/region/qu.res" 1079
"../../../Engine/Content/Internationalization/icudt64l/lang/rm.res" 1080
"../../../Engine/Content/Internationalization/icudt64l/region/rm.res" 1081
"../../../Engine/Content/Internationalization/icudt64l/lang/rn.res" 1082
"../../../Engine/Content/Internationalization/icudt64l/region/rn.res" 1083
"../../../Engine/Content/Internationalization/icudt64l/lang/ro.res" 1084
"../../../Engine/Content/Internationalization/icudt64l/lang/ro_MD.res" 1085
"../../../Engine/Content/Internationalization/icudt64l/region/ro_MD.res" 1086
"../../../Engine/Content/Internationalization/icudt64l/region/ro.res" 1087
"../../../Engine/Content/Internationalization/icudt64l/lang/rof.res" 1088
"../../../Engine/Content/Internationalization/icudt64l/region/rof.res" 1089
"../../../Engine/Content/Internationalization/icudt64l/lang/ru.res" 1090
"../../../Engine/Content/Internationalization/icudt64l/region/ru.res" 1091
"../../../Engine/Content/Internationalization/icudt64l/region/ru_UA.res" 1092
"../../../Engine/Content/Internationalization/icudt64l/lang/rw.res" 1093
"../../../Engine/Content/Internationalization/icudt64l/region/rw.res" 1094
"../../../Engine/Content/Internationalization/icudt64l/lang/rwk.res" 1095
"../../../Engine/Content/Internationalization/icudt64l/region/rwk.res" 1096
"../../../Engine/Content/Internationalization/icudt64l/lang/sah.res" 1097
"../../../Engine/Content/Internationalization/icudt64l/region/sah.res" 1098
"../../../Engine/Content/Internationalization/icudt64l/lang/saq.res" 1099
"../../../Engine/Content/Internationalization/icudt64l/region/saq.res" 1100
"../../../Engine/Content/Internationalization/icudt64l/lang/sbp.res" 1101
"../../../Engine/Content/Internationalization/icudt64l/region/sbp.res" 1102
"../../../Engine/Content/Internationalization/icudt64l/lang/sd.res" 1103
"../../../Engine/Content/Internationalization/icudt64l/region/sd.res" 1104
"../../../Engine/Content/Internationalization/icudt64l/lang/se.res" 1105
"../../../Engine/Content/Internationalization/icudt64l/lang/se_FI.res" 1106
"../../../Engine/Content/Internationalization/icudt64l/region/se_FI.res" 1107
"../../../Engine/Content/Internationalization/icudt64l/region/se.res" 1108
"../../../Engine/Content/Internationalization/icudt64l/lang/seh.res" 1109
"../../../Engine/Content/Internationalization/icudt64l/region/seh.res" 1110
"../../../Engine/Content/Internationalization/icudt64l/lang/ses.res" 1111
"../../../Engine/Content/Internationalization/icudt64l/region/ses.res" 1112
"../../../Engine/Content/Internationalization/icudt64l/lang/sg.res" 1113
"../../../Engine/Content/Internationalization/icudt64l/region/sg.res" 1114
"../../../Engine/Content/Internationalization/icudt64l/lang/shi.res" 1115
"../../../Engine/Content/Internationalization/icudt64l/lang/shi_Latn.res" 1116
"../../../Engine/Content/Internationalization/icudt64l/lang/shi_MA.res" 1117
"../../../Engine/Content/Internationalization/icudt64l/lang/shi_Tfng_MA.res" 1118
"../../../Engine/Content/Internationalization/icudt64l/lang/shi_Tfng.res" 1119
"../../../Engine/Content/Internationalization/icudt64l/region/shi_MA.res" 1120
"../../../Engine/Content/Internationalization/icudt64l/region/shi_Tfng_MA.res" 1121
"../../../Engine/Content/Internationalization/icudt64l/region/shi_Tfng.res" 1122
"../../../Engine/Content/Internationalization/icudt64l/region/shi.res" 1123
"../../../Engine/Content/Internationalization/icudt64l/region/shi_Latn.res" 1124
"../../../Engine/Content/Internationalization/icudt64l/lang/si.res" 1125
"../../../Engine/Content/Internationalization/icudt64l/region/si.res" 1126
"../../../Engine/Content/Internationalization/icudt64l/lang/sk.res" 1127
"../../../Engine/Content/Internationalization/icudt64l/region/sk.res" 1128
"../../../Engine/Content/Internationalization/icudt64l/lang/sl.res" 1129
"../../../Engine/Content/Internationalization/icudt64l/region/sl.res" 1130
"../../../Engine/Content/Internationalization/icudt64l/lang/smn.res" 1131
"../../../Engine/Content/Internationalization/icudt64l/region/smn.res" 1132
"../../../Engine/Content/Internationalization/icudt64l/lang/sn.res" 1133
"../../../Engine/Content/Internationalization/icudt64l/region/sn.res" 1134
"../../../Engine/Content/Internationalization/icudt64l/lang/so.res" 1135
"../../../Engine/Content/Internationalization/icudt64l/region/so.res" 1136
"../../../Engine/Content/Internationalization/icudt64l/lang/sq.res" 1137
"../../../Engine/Content/Internationalization/icudt64l/region/sq.res" 1138
"../../../Engine/Content/Internationalization/icudt64l/lang/sr.res" 1139
"../../../Engine/Content/Internationalization/icudt64l/lang/sr_Cyrl.res" 1140
"../../../Engine/Content/Internationalization/icudt64l/lang/sr_BA.res" 1141
"../../../Engine/Content/Internationalization/icudt64l/lang/sr_Cyrl_BA.res" 1142
"../../../Engine/Content/Internationalization/icudt64l/region/sr_BA.res" 1143
"../../../Engine/Content/Internationalization/icudt64l/region/sr_Cyrl_BA.res" 1144
"../../../Engine/Content/Internationalization/icudt64l/region/sr_Cyrl.res" 1145
"../../../Engine/Content/Internationalization/icudt64l/region/sr.res" 1146
"../../../Engine/Content/Internationalization/icudt64l/lang/sr_ME.res" 1147
"../../../Engine/Content/Internationalization/icudt64l/lang/sr_Latn_ME.res" 1148
"../../../Engine/Content/Internationalization/icudt64l/lang/sr_Latn.res" 1149
"../../../Engine/Content/Internationalization/icudt64l/region/sr_ME.res" 1150
"../../../Engine/Content/Internationalization/icudt64l/region/sr_Latn_ME.res" 1151
"../../../Engine/Content/Internationalization/icudt64l/region/sr_Latn.res" 1152
"../../../Engine/Content/Internationalization/icudt64l/lang/sr_Cyrl_ME.res" 1153
"../../../Engine/Content/Internationalization/icudt64l/region/sr_Cyrl_ME.res" 1154
"../../../Engine/Content/Internationalization/icudt64l/lang/sr_RS.res" 1155
"../../../Engine/Content/Internationalization/icudt64l/lang/sr_Cyrl_RS.res" 1156
"../../../Engine/Content/Internationalization/icudt64l/region/sr_RS.res" 1157
"../../../Engine/Content/Internationalization/icudt64l/region/sr_Cyrl_RS.res" 1158
"../../../Engine/Content/Internationalization/icudt64l/lang/sr_XK.res" 1159
"../../../Engine/Content/Internationalization/icudt64l/lang/sr_Cyrl_XK.res" 1160
"../../../Engine/Content/Internationalization/icudt64l/region/sr_XK.res" 1161
"../../../Engine/Content/Internationalization/icudt64l/region/sr_Cyrl_XK.res" 1162
"../../../Engine/Content/Internationalization/icudt64l/lang/sr_Latn_BA.res" 1163
"../../../Engine/Content/Internationalization/icudt64l/region/sr_Latn_BA.res" 1164
"../../../Engine/Content/Internationalization/icudt64l/lang/sr_Latn_RS.res" 1165
"../../../Engine/Content/Internationalization/icudt64l/region/sr_Latn_RS.res" 1166
"../../../Engine/Content/Internationalization/icudt64l/lang/sr_Latn_XK.res" 1167
"../../../Engine/Content/Internationalization/icudt64l/region/sr_Latn_XK.res" 1168
"../../../Engine/Content/Internationalization/icudt64l/lang/sv.res" 1169
"../../../Engine/Content/Internationalization/icudt64l/region/sv.res" 1170
"../../../Engine/Content/Internationalization/icudt64l/lang/sv_FI.res" 1171
"../../../Engine/Content/Internationalization/icudt64l/lang/sw.res" 1172
"../../../Engine/Content/Internationalization/icudt64l/lang/sw_CD.res" 1173
"../../../Engine/Content/Internationalization/icudt64l/region/sw_CD.res" 1174
"../../../Engine/Content/Internationalization/icudt64l/region/sw.res" 1175
"../../../Engine/Content/Internationalization/icudt64l/lang/sw_KE.res" 1176
"../../../Engine/Content/Internationalization/icudt64l/region/sw_KE.res" 1177
"../../../Engine/Content/Internationalization/icudt64l/lang/ta.res" 1178
"../../../Engine/Content/Internationalization/icudt64l/region/ta.res" 1179
"../../../Engine/Content/Internationalization/icudt64l/lang/te.res" 1180
"../../../Engine/Content/Internationalization/icudt64l/region/te.res" 1181
"../../../Engine/Content/Internationalization/icudt64l/lang/teo.res" 1182
"../../../Engine/Content/Internationalization/icudt64l/region/teo.res" 1183
"../../../Engine/Content/Internationalization/icudt64l/lang/tg.res" 1184
"../../../Engine/Content/Internationalization/icudt64l/region/tg.res" 1185
"../../../Engine/Content/Internationalization/icudt64l/lang/th.res" 1186
"../../../Engine/Content/Internationalization/icudt64l/lang/th_TH.res" 1187
"../../../Engine/Content/Internationalization/icudt64l/region/th_TH.res" 1188
"../../../Engine/Content/Internationalization/icudt64l/region/th.res" 1189
"../../../Engine/Content/Internationalization/icudt64l/lang/ti.res" 1190
"../../../Engine/Content/Internationalization/icudt64l/region/ti.res" 1191
"../../../Engine/Content/Internationalization/icudt64l/lang/tk.res" 1192
"../../../Engine/Content/Internationalization/icudt64l/region/tk.res" 1193
"../../../Engine/Content/Internationalization/icudt64l/lang/to.res" 1194
"../../../Engine/Content/Internationalization/icudt64l/region/to.res" 1195
"../../../Engine/Content/Internationalization/icudt64l/lang/tr.res" 1196
"../../../Engine/Content/Internationalization/icudt64l/region/tr.res" 1197
"../../../Engine/Content/Internationalization/icudt64l/lang/tt.res" 1198
"../../../Engine/Content/Internationalization/icudt64l/region/tt.res" 1199
"../../../Engine/Content/Internationalization/icudt64l/lang/twq.res" 1200
"../../../Engine/Content/Internationalization/icudt64l/region/twq.res" 1201
"../../../Engine/Content/Internationalization/icudt64l/lang/tzm.res" 1202
"../../../Engine/Content/Internationalization/icudt64l/region/tzm.res" 1203
"../../../Engine/Content/Internationalization/icudt64l/lang/ug.res" 1204
"../../../Engine/Content/Internationalization/icudt64l/region/ug.res" 1205
"../../../Engine/Content/Internationalization/icudt64l/lang/uk.res" 1206
"../../../Engine/Content/Internationalization/icudt64l/region/uk.res" 1207
"../../../Engine/Content/Internationalization/icudt64l/lang/ur.res" 1208
"../../../Engine/Content/Internationalization/icudt64l/lang/ur_IN.res" 1209
"../../../Engine/Content/Internationalization/icudt64l/region/ur_IN.res" 1210
"../../../Engine/Content/Internationalization/icudt64l/region/ur.res" 1211
"../../../Engine/Content/Internationalization/icudt64l/lang/uz.res" 1212
"../../../Engine/Content/Internationalization/icudt64l/lang/uz_Arab.res" 1213
"../../../Engine/Content/Internationalization/icudt64l/lang/uz_AF.res" 1214
"../../../Engine/Content/Internationalization/icudt64l/lang/uz_Arab_AF.res" 1215
"../../../Engine/Content/Internationalization/icudt64l/region/uz_AF.res" 1216
"../../../Engine/Content/Internationalization/icudt64l/region/uz_Arab_AF.res" 1217
"../../../Engine/Content/Internationalization/icudt64l/region/uz_Arab.res" 1218
"../../../Engine/Content/Internationalization/icudt64l/lang/uz_Cyrl.res" 1219
"../../../Engine/Content/Internationalization/icudt64l/lang/uz_UZ.res" 1220
"../../../Engine/Content/Internationalization/icudt64l/lang/uz_Latn_UZ.res" 1221
"../../../Engine/Content/Internationalization/icudt64l/lang/uz_Latn.res" 1222
"../../../Engine/Content/Internationalization/icudt64l/region/uz_UZ.res" 1223
"../../../Engine/Content/Internationalization/icudt64l/region/uz_Latn_UZ.res" 1224
"../../../Engine/Content/Internationalization/icudt64l/region/uz_Latn.res" 1225
"../../../Engine/Content/Internationalization/icudt64l/region/uz.res" 1226
"../../../Engine/Content/Internationalization/icudt64l/region/uz_Cyrl.res" 1227
"../../../Engine/Content/Internationalization/icudt64l/lang/vai.res" 1228
"../../../Engine/Content/Internationalization/icudt64l/lang/vai_Latn.res" 1229
"../../../Engine/Content/Internationalization/icudt64l/lang/vai_LR.res" 1230
"../../../Engine/Content/Internationalization/icudt64l/lang/vai_Vaii_LR.res" 1231
"../../../Engine/Content/Internationalization/icudt64l/lang/vai_Vaii.res" 1232
"../../../Engine/Content/Internationalization/icudt64l/region/vai_LR.res" 1233
"../../../Engine/Content/Internationalization/icudt64l/region/vai_Vaii_LR.res" 1234
"../../../Engine/Content/Internationalization/icudt64l/region/vai_Vaii.res" 1235
"../../../Engine/Content/Internationalization/icudt64l/region/vai.res" 1236
"../../../Engine/Content/Internationalization/icudt64l/region/vai_Latn.res" 1237
"../../../Engine/Content/Internationalization/icudt64l/lang/vi.res" 1238
"../../../Engine/Content/Internationalization/icudt64l/region/vi.res" 1239
"../../../Engine/Content/Internationalization/icudt64l/lang/vun.res" 1240
"../../../Engine/Content/Internationalization/icudt64l/region/vun.res" 1241
"../../../Engine/Content/Internationalization/icudt64l/lang/wae.res" 1242
"../../../Engine/Content/Internationalization/icudt64l/region/wae.res" 1243
"../../../Engine/Content/Internationalization/icudt64l/lang/wo.res" 1244
"../../../Engine/Content/Internationalization/icudt64l/region/wo.res" 1245
"../../../Engine/Content/Internationalization/icudt64l/lang/xh.res" 1246
"../../../Engine/Content/Internationalization/icudt64l/region/xh.res" 1247
"../../../Engine/Content/Internationalization/icudt64l/lang/xog.res" 1248
"../../../Engine/Content/Internationalization/icudt64l/region/xog.res" 1249
"../../../Engine/Content/Internationalization/icudt64l/lang/yav.res" 1250
"../../../Engine/Content/Internationalization/icudt64l/region/yav.res" 1251
"../../../Engine/Content/Internationalization/icudt64l/lang/yi.res" 1252
"../../../Engine/Content/Internationalization/icudt64l/region/yi.res" 1253
"../../../Engine/Content/Internationalization/icudt64l/lang/yo.res" 1254
"../../../Engine/Content/Internationalization/icudt64l/lang/yo_BJ.res" 1255
"../../../Engine/Content/Internationalization/icudt64l/region/yo_BJ.res" 1256
"../../../Engine/Content/Internationalization/icudt64l/region/yo.res" 1257
"../../../Engine/Content/Internationalization/icudt64l/lang/yue.res" 1258
"../../../Engine/Content/Internationalization/icudt64l/lang/yue_Hans.res" 1259
"../../../Engine/Content/Internationalization/icudt64l/lang/yue_CN.res" 1260
"../../../Engine/Content/Internationalization/icudt64l/lang/yue_Hans_CN.res" 1261
"../../../Engine/Content/Internationalization/icudt64l/region/yue_CN.res" 1262
"../../../Engine/Content/Internationalization/icudt64l/region/yue_Hans_CN.res" 1263
"../../../Engine/Content/Internationalization/icudt64l/region/yue_Hans.res" 1264
"../../../Engine/Content/Internationalization/icudt64l/lang/yue_Hant.res" 1265
"../../../Engine/Content/Internationalization/icudt64l/lang/yue_HK.res" 1266
"../../../Engine/Content/Internationalization/icudt64l/lang/yue_Hant_HK.res" 1267
"../../../Engine/Content/Internationalization/icudt64l/region/yue_HK.res" 1268
"../../../Engine/Content/Internationalization/icudt64l/region/yue_Hant_HK.res" 1269
"../../../Engine/Content/Internationalization/icudt64l/region/yue_Hant.res" 1270
"../../../Engine/Content/Internationalization/icudt64l/region/yue.res" 1271
"../../../Engine/Content/Internationalization/icudt64l/lang/zgh.res" 1272
"../../../Engine/Content/Internationalization/icudt64l/region/zgh.res" 1273
"../../../Engine/Content/Internationalization/icudt64l/lang/zh.res" 1274
"../../../Engine/Content/Internationalization/icudt64l/lang/zh_Hans.res" 1275
"../../../Engine/Content/Internationalization/icudt64l/lang/zh_CN.res" 1276
"../../../Engine/Content/Internationalization/icudt64l/lang/zh_Hans_CN.res" 1277
"../../../Engine/Content/Internationalization/icudt64l/region/zh_CN.res" 1278
"../../../Engine/Content/Internationalization/icudt64l/region/zh_Hans_CN.res" 1279
"../../../Engine/Content/Internationalization/icudt64l/region/zh_Hans.res" 1280
"../../../Engine/Content/Internationalization/icudt64l/region/zh.res" 1281
"../../../Engine/Content/Internationalization/icudt64l/lang/zh_HK.res" 1282
"../../../Engine/Content/Internationalization/icudt64l/lang/zh_Hant_HK.res" 1283
"../../../Engine/Content/Internationalization/icudt64l/lang/zh_Hant.res" 1284
"../../../Engine/Content/Internationalization/icudt64l/region/zh_HK.res" 1285
"../../../Engine/Content/Internationalization/icudt64l/region/zh_Hant_HK.res" 1286
"../../../Engine/Content/Internationalization/icudt64l/region/zh_Hant.res" 1287
"../../../Engine/Content/Internationalization/icudt64l/lang/zh_MO.res" 1288
"../../../Engine/Content/Internationalization/icudt64l/lang/zh_Hant_MO.res" 1289
"../../../Engine/Content/Internationalization/icudt64l/region/zh_MO.res" 1290
"../../../Engine/Content/Internationalization/icudt64l/region/zh_Hant_MO.res" 1291
"../../../Engine/Content/Internationalization/icudt64l/lang/zh_SG.res" 1292
"../../../Engine/Content/Internationalization/icudt64l/lang/zh_Hans_SG.res" 1293
"../../../Engine/Content/Internationalization/icudt64l/region/zh_SG.res" 1294
"../../../Engine/Content/Internationalization/icudt64l/region/zh_Hans_SG.res" 1295
"../../../Engine/Content/Internationalization/icudt64l/lang/zh_TW.res" 1296
"../../../Engine/Content/Internationalization/icudt64l/lang/zh_Hant_TW.res" 1297
"../../../Engine/Content/Internationalization/icudt64l/region/zh_TW.res" 1298
"../../../Engine/Content/Internationalization/icudt64l/region/zh_Hant_TW.res" 1299
"../../../Engine/Content/Internationalization/icudt64l/lang/zu.res" 1300
"../../../Engine/Content/Internationalization/icudt64l/region/zu.res" 1301
"../../../Engine/Content/Internationalization/icudt64l/lang/no.res" 1302
"../../../Engine/Content/Internationalization/icudt64l/lang/tl.res" 1303
"../../../Engine/Binaries/Win64/Android/UE4Editor.modules" 1304
"../../../Engine/Binaries/Win64/IOS/UE4Editor.modules" 1305
"../../../Engine/Binaries/Win64/Linux/UE4Editor.modules" 1306
"../../../Engine/Binaries/Win64/Lumin/UE4Editor.modules" 1307
"../../../Engine/Config/Android/BaseAndroidEngine.ini" 1308
"../../../Engine/Config/Android/AndroidEngine.ini" 1309
"../../../Engine/Config/IOS/BaseIOSEngine.ini" 1310
"../../../Engine/Config/IOS/IOSEngine.ini" 1311
"../../../Engine/Config/Lumin/LuminEngine.ini" 1312
"../../../Engine/Config/TVOS/TVOSEngine.ini" 1313
"../../../Engine/Shaders/Private/VectorFieldVisualizationVertexFactory.ush" 1314
"../../../Engine/Shaders/Private/VertexFactoryCommon.ush" 1315
"../../../Engine/Shaders/Private/Common.ush" 1316
"../../../Engine/Shaders/Public/Platform.ush" 1317
"../../../Engine/Shaders/Public/FP16Math.ush" 1318
"../../../Engine/Shaders/Public/Platform/D3D/D3DCommon.ush" 1319
"../../../Engine/Shaders/Public/ShaderVersion.ush" 1320
"../../../Engine/Shaders/Private/CommonViewUniformBuffer.ush" 1321
"../../../Engine/Shaders/Private/InstancedStereo.ush" 1322
"../../../Engine/Shaders/Private/Definitions.usf" 1323
"../../../Engine/Shaders/Private/FastMath.ush" 1324
"../../../Engine/Shaders/Private/Random.ush" 1325
"../../../Engine/Shaders/Private/ParticleSpriteVertexFactory.ush" 1326
"../../../Engine/Shaders/Private/ParticleVertexFactoryCommon.ush" 1327
"../../../Engine/Shaders/Private/ParticleGPUSpriteVertexFactory.ush" 1328
"../../../Engine/Shaders/Private/ParticleBeamTrailVertexFactory.ush" 1329
"../../../Engine/Shaders/Private/MeshParticleVertexFactory.ush" 1330
"../../../Engine/Shaders/Private/LocalVertexFactory.ush" 1331
"../../../Engine/Shaders/Private/LocalVertexFactoryCommon.ush" 1332
"../../../Engine/Shaders/Private/LightmapData.ush" 1333
"../../../Engine/Shaders/Private/GpuSkinCommon.ush" 1334
"../../../Engine/Shaders/Private/GpuSkinVertexFactory.ush" 1335
"../../../Engine/Shaders/Private/GeometryCacheVertexFactory.ush" 1336
"../../../Engine/Shaders/Private/LandscapeVertexFactory.ush" 1337
"../../../Engine/Shaders/Private/GameplayMediaEncoderShaders.usf" 1338
"../../../Engine/Plugins/Media/WmfMedia/Shaders/Private/MediaHardwareVideoDecoding.usf" 1339
"../../../Engine/Shaders/Private/GammaCorrectionCommon.ush" 1340
"../../../Engine/Shaders/Private/ColorUtils.ush" 1341
"../../../Engine/Shaders/Private/SlateElementPixelShader.usf" 1342
"../../../Engine/Shaders/Private/SlateShaderCommon.ush" 1343
"../../../Engine/Shaders/Private/MaterialTemplate.ush" 1344
"../../../Engine/Shaders/Private/SceneTexturesCommon.ush" 1345
"../../../Engine/Shaders/Private/SobolRandom.ush" 1346
"../../../Engine/Shaders/Private/MonteCarlo.ush" 1347
"../../../Engine/Shaders/Private/DepthOfFieldCommon.ush" 1348
"../../../Engine/Shaders/Private/CircleDOFCommon.ush" 1349
"../../../Engine/Shaders/Private/GlobalDistanceFieldShared.ush" 1350
"../../../Engine/Shaders/Private/SceneData.ush" 1351
"../../../Engine/Shaders/Private/SpeedTreeCommon.ush" 1352
"../../../Engine/Shaders/Private/VirtualTextureCommon.ush" 1353
"../../../Engine/Shaders/Private/MinMaterialTexCoords.ush" 1354
"../../../Engine/Shaders/Private/AtmosphereCommon.ush" 1355
"../../../Engine/Shaders/Private/SkyAtmosphereCommon.ush" 1356
"../../../Engine/Shaders/Private/PaniniProjection.ush" 1357
"../../../Engine/Shaders/Private/DeferredShadingCommon.ush" 1358
"../../../Engine/Shaders/Private/ShadingCommon.ush" 1359
"../../../Engine/Shaders/Private/LightAccumulator.ush" 1360
"../../../Engine/Shaders/Private/CompositeUIPixelShader.usf" 1361
"../../../Engine/Shaders/Private/TonemapCommon.ush" 1362
"../../../Engine/Shaders/Private/ACES.ush" 1363
"../../../Engine/Shaders/Private/SlateMaskingShader.usf" 1364
"../../../Engine/Shaders/Private/SlatePostProcessColorDeficiencyPixelShader.usf" 1365
"../../../Engine/Shaders/Private/ColorSpace.ush" 1366
"../../../Engine/Shaders/Private/SlatePostProcessPixelShader.usf" 1367
"../../../Engine/Shaders/Private/SlateVertexShader.usf" 1368
"../../../Engine/Shaders/Private/TranslucentLightingShaders.usf" 1369
"../../../Engine/Shaders/Private/SHCommon.ush" 1370
"../../../Engine/Shaders/Private/ShadowProjectionCommon.ush" 1371
"../../../Engine/Shaders/Private/CubemapCommon.ush" 1372
"../../../Engine/Shaders/Private/VectorFieldCompositeShaders.usf" 1373
"../../../Engine/Shaders/Private/UpdateTextureShaders.usf" 1374
"../../../Engine/Shaders/Private/StereoLayerShader.usf" 1375
"../../../Engine/Shaders/Private/MorphTargets.usf" 1376
"../../../Engine/Shaders/Private/SimpleElementColorChannelMaskPixelShader.usf" 1377
"../../../Engine/Shaders/Private/SimpleElementPixelShader.usf" 1378
"../../../Engine/Shaders/Private/IESLightProfilesCommon.ush" 1379
"../../../Engine/Shaders/Private/SimpleElementHitProxyPixelShader.usf" 1380
"../../../Engine/Shaders/Private/SimpleElementVertexShader.usf" 1381
"../../../Engine/Shaders/Private/ScreenPixelShaderOES.usf" 1382
"../../../Engine/Shaders/Private/ScreenVertexShader.usf" 1383
"../../../Engine/Shaders/Private/ScreenPixelShader.usf" 1384
"../../../Engine/Shaders/Private/VolumetricLightmapStreaming.usf" 1385
"../../../Engine/Shaders/Private/ParticleSortKeyGen.usf" 1386
"../../../Engine/Shaders/Private/ParticleBoundsShader.usf" 1387
"../../../Engine/Shaders/Private/ParticleSimVisualizeShader.usf" 1388
"../../../Engine/Shaders/Private/ParticleInjectionShader.usf" 1389
"../../../Engine/Shaders/Private/ParticleSimulationShader.usf" 1390
"../../../Engine/Shaders/Private/ParticleCurveInjectionShader.usf" 1391
"../../../Engine/Shaders/Private/RadixSortShaders.usf" 1392
"../../../Engine/Shaders/Private/RecomputeTangentsPerVertexPass.usf" 1393
"../../../Engine/Shaders/Private/RecomputeTangentsCommon.ush" 1394
"../../../Engine/Shaders/Private/RecomputeTangentsPerTrianglePass.usf" 1395
"../../../Engine/Shaders/Private/GpuSkinCacheComputeShader.usf" 1396
"../../../Engine/Shaders/Private/LandscapeGrassWeight.usf" 1397
"../../../Engine/Shaders/Private/LandscapeLayersCS.usf" 1398
"../../../Engine/Shaders/Private/LandscapeLayersPS.usf" 1399
"../../../Engine/Shaders/Private/LandscapeLayersVS.usf" 1400
"../../../Engine/Shaders/Private/WideCustomResolveShaders.usf" 1401
"../../../Engine/Shaders/Private/PageTableUpdate.usf" 1402
"../../../Engine/Shaders/Private/VirtualTextureCompress.usf" 1403
"../../../Engine/Shaders/Private/BCCompressionCommon.ush" 1404
"../../../Engine/Shaders/Private/VirtualTextureMaterial.usf" 1405
"../../../Engine/Shaders/Private/PixelShaderOutputCommon.ush" 1406
"../../../Engine/Shaders/Private/VolumetricFogVoxelization.usf" 1407
"../../../Engine/Shaders/Private/VolumetricFogLightFunction.usf" 1408
"../../../Engine/Shaders/Private/LightFunctionCommon.ush" 1409
"../../../Engine/Shaders/Private/VolumetricFog.usf" 1410
"../../../Engine/Shaders/Private/DeferredLightingCommon.ush" 1411
"../../../Engine/Shaders/Private/DynamicLightingCommon.ush" 1412
"../../../Engine/Shaders/Private/CapsuleLightIntegrate.ush" 1413
"../../../Engine/Shaders/Private/ShadingModels.ush" 1414
"../../../Engine/Shaders/Private/BRDF.ush" 1415
"../../../Engine/Shaders/Private/CapsuleLight.ush" 1416
"../../../Engine/Shaders/Private/RectLight.ush" 1417
"../../../Engine/Shaders/Private/TransmissionCommon.ush" 1418
"../../../Engine/Shaders/Private/SubsurfaceProfileCommon.ush" 1419
"../../../Engine/Shaders/Private/BurleyNormalizedSSSCommon.ush" 1420
"../../../Engine/Shaders/Private/RectLightIntegrate.ush" 1421
"../../../Engine/Shaders/Private/LightGridCommon.ush" 1422
"../../../Engine/Shaders/Private/HeightFogCommon.ush" 1423
"../../../Engine/Shaders/Private/DistanceFieldAOShared.ush" 1424
"../../../Engine/Shaders/Private/VolumeLightingCommon.ush" 1425
"../../../Engine/Shaders/Private/ShadowFilteringCommon.ush" 1426
"../../../Engine/Shaders/Private/PixelQuadMessagePassing.ush" 1427
"../../../Engine/Shaders/Private/VolumetricLightmapShared.ush" 1428
"../../../Engine/Shaders/Private/ForwardShadowingCommon.ush" 1429
"../../../Engine/Shaders/Private/ParticipatingMediaCommon.ush" 1430
"../../../Engine/Shaders/Private/VisualizeVolumetricLightmap.usf" 1431
"../../../Engine/Shaders/Private/Tools/VisualizeTexture.usf" 1432
"../../../Engine/Shaders/Private/VelocityShader.usf" 1433
"../../../Engine/Shaders/Private/VelocityCommon.ush" 1434
"../../../Engine/Shaders/Private/Tessellation.ush" 1435
"../../../Engine/Shaders/Private/FlatTessellation.ush" 1436
"../../../Engine/Shaders/Private/PNTriangles.ush" 1437
"../../../Engine/Shaders/Private/TranslucencyUpsampling.usf" 1438
"../../../Engine/Shaders/Private/SeparateTranslucency.ush" 1439
"../../../Engine/Shaders/Private/TranslucentLightInjectionShaders.usf" 1440
"../../../Engine/Shaders/Private/TranslucentShadowDepthShaders.usf" 1441
"../../../Engine/Shaders/Private/ShadowDepthCommon.ush" 1442
"../../../Engine/Shaders/Private/TiledDeferredLightShaders.usf" 1443
"../../../Engine/Shaders/Private/RayTracing/RayTracingTest.usf" 1444
"../../../Engine/Shaders/Private/RayTracing/RayTracingCommon.ush" 1445
"../../../Engine/Shaders/Shared/RayTracingDefinitions.h" 1446
"../../../Engine/Shaders/Private/SurfelTree.usf" 1447
"../../../Engine/Shaders/Private/DistanceFieldLightingShared.ush" 1448
"../../../Engine/Shaders/Private/SurfelMaterialShared.ush" 1449
"../../../Engine/Shaders/Private/SkyAtmosphere.usf" 1450
"../../../Engine/Shaders/Private/SingleLayerWaterComposite.usf" 1451
"../../../Engine/Shaders/Private/ReflectionEnvironmentShared.ush" 1452
"../../../Engine/Shaders/Private/SceneTextureParameters.ush" 1453
"../../../Engine/Shaders/Private/ReflectionEnvironmentComposite.ush" 1454
"../../../Engine/Shaders/Private/ShadowProjectionPixelShader.usf" 1455
"../../../Engine/Shaders/Private/ShadowPercentageCloserFiltering.ush" 1456
"../../../Engine/Shaders/Private/TransmissionThickness.ush" 1457
"../../../Engine/Shaders/Private/HairStrands/HairStrandsVisibilityCommon.ush" 1458
"../../../Engine/Shaders/Private/ShadowProjectionVertexShader.usf" 1459
"../../../Engine/Shaders/Private/CopyShadowMaps.usf" 1460
"../../../Engine/Shaders/Private/ShadowDepthPixelShader.usf" 1461
"../../../Engine/Shaders/Private/LPVWriteVplCommon.ush" 1462
"../../../Engine/Shaders/Private/LPVWriteCommon.ush" 1463
"../../../Engine/Shaders/Private/LPVCommon.ush" 1464
"../../../Engine/Shaders/Private/ShadowDepthVertexShader.usf" 1465
"../../../Engine/Shaders/Private/ShaderPrintDraw.usf" 1466
"../../../Engine/Shaders/Private/ShaderPrintCommon.ush" 1467
"../../../Engine/Shaders/Private/MiniFontCommon.ush" 1468
"../../../Engine/Shaders/Private/QuadComplexityAccumulatePixelShader.usf" 1469
"../../../Engine/Shaders/Private/QuadOverdraw.ush" 1470
"../../../Engine/Shaders/Private/DebugViewModeCommon.ush" 1471
"../../../Engine/Shaders/Private/ShaderComplexityAccumulatePixelShader.usf" 1472
"../../../Engine/Shaders/Private/SSRT/SSRTDiffuseIndirect.usf" 1473
"../../../Engine/Shaders/Private/SSRT/SSRTRayCast.ush" 1474
"../../../Engine/Shaders/Private/SSRT/SSRTTileClassificationBuffer.ush" 1475
"../../../Engine/Shaders/Private/SSRT/SSRTReflections.usf" 1476
"../../../Engine/Shaders/Private/ScreenSpaceDenoise/SSDPublic.ush" 1477
"../../../Engine/Shaders/Private/SSRT/SSRTTileClassification.usf" 1478
"../../../Engine/Shaders/Private/SSRT/SSRTPrevFrameReduction.usf" 1479
"../../../Engine/Shaders/Private/ScreenSpaceDenoise/SSDComposeHarmonics.usf" 1480
"../../../Engine/Shaders/Private/ScreenSpaceDenoise/SSDDefinitions.ush" 1481
"../../../Engine/Shaders/Private/ScreenSpaceDenoise/SSDPublicHarmonics.ush" 1482
"../../../Engine/Shaders/Private/LightShaderParameters.ush" 1483
"../../../Engine/Shaders/Private/ScreenSpaceDenoise/SSDSignalFramework.ush" 1484
"../../../Engine/Shaders/Private/ScreenSpaceDenoise/SSDCommon.ush" 1485
"../../../Engine/Shaders/Private/SphericalGaussian.ush" 1486
"../../../Engine/Shaders/Public/WaveBroadcastIntrinsics.ush" 1487
"../../../Engine/Shaders/Private/ScreenSpaceDenoise/SSDMetadata.ush" 1488
"../../../Engine/Shaders/Private/ScreenSpaceDenoise/SSDSignalCore.ush" 1489
"../../../Engine/Shaders/Private/EyeAdaptationCommon.ush" 1490
"../../../Engine/Shaders/Private/QuasiRandom.ush" 1491
"../../../Engine/Shaders/Private/BlueNoise.ush" 1492
"../../../Engine/Shaders/Private/Halton.ush" 1493
"../../../Engine/Shaders/Private/MortonCode.ush" 1494
"../../../Engine/Shaders/Private/ScreenSpaceDenoise/SSDSignalArray.ush" 1495
"../../../Engine/Shaders/Private/ScreenSpaceDenoise/SSDSignalBufferEncoding.ush" 1496
"../../../Engine/Shaders/Private/ScreenSpaceDenoise/SSDPublicBufferEncoding.ush" 1497
"../../../Engine/Shaders/Private/ScreenSpaceDenoise/SSDTemporalAccumulation.usf" 1498
"../../../Engine/Shaders/Private/ScreenSpaceDenoise/SSDSpatialKernel.ush" 1499
"../../../Engine/Shaders/Private/ScreenSpaceDenoise/SSDSignalAccumulatorArray.ush" 1500
"../../../Engine/Shaders/Private/ScreenSpaceDenoise/SSDSignalAccumulator.ush" 1501
"../../../Engine/Shaders/Private/ScreenSpaceDenoise/SSDSignalCompression.ush" 1502
"../../../Engine/Shaders/Private/TextureSampling.ush" 1503
"../../../Engine/Shaders/Private/ScreenSpaceDenoise/SSDSpatialAccumulation.usf" 1504
"../../../Engine/Shaders/Private/ScreenSpaceDenoise/SSDReduce.usf" 1505
"../../../Engine/Shaders/Private/ScreenSpaceDenoise/SSDInjest.usf" 1506
"../../../Engine/Shaders/Private/ScreenSpaceDenoise/SSDCompressMetadata.usf" 1507
"../../../Engine/Shaders/Private/ScreenPass.usf" 1508
"../../../Engine/Shaders/Private/HZB.usf" 1509
"../../../Engine/Shaders/Private/ReductionCommon.ush" 1510
"../../../Engine/Shaders/Private/HZBOcclusion.usf" 1511
"../../../Engine/Shaders/Private/OcclusionQueryPixelShader.usf" 1512
"../../../Engine/Shaders/Private/OcclusionQueryVertexShader.usf" 1513
"../../../Engine/Shaders/Private/HitProxyPixelShader.usf" 1514
"../../../Engine/Shaders/Private/HitProxyVertexShader.usf" 1515
"../../../Engine/Shaders/Private/ODSCapture.usf" 1516
"../../../Engine/Shaders/Private/SceneCapturePixelShader.usf" 1517
"../../../Engine/Shaders/Private/RequiredTextureResolutionPixelShader.usf" 1518
"../../../Engine/Shaders/Private/RTWriteMaskDecode.usf" 1519
"../../../Engine/Shaders/Private/ReflectionEnvironmentShaders.usf" 1520
"../../../Engine/Shaders/Private/SkyLightingShared.ush" 1521
"../../../Engine/Shaders/Private/ReflectionEnvironmentPixelShader.usf" 1522
"../../../Engine/Shaders/Private/RayTracing/CompositeTranslucencyPS.usf" 1523
"../../../Engine/Shaders/Private/RayTracing/CompositeSkyLightPS.usf" 1524
"../../../Engine/Shaders/Private/RayTracing/GenerateSkyLightVisibilityRaysCS.usf" 1525
"../../../Engine/Shaders/Private/RayTracing/SkyLightMipTreeCommon.ush" 1526
"../../../Engine/Shaders/Private/RayTracing/MipTreeCommon.ush" 1527
"../../../Engine/Shaders/Private/RayTracing/RayTracingSkyLightCommon.ush" 1528
"../../../Engine/Shaders/Private/RayTracing/VisualizeSkyLightMipTreePS.usf" 1529
"../../../Engine/Shaders/Private/Raytracing/BuildMipTreePdfCS.usf" 1530
"../../../Engine/Shaders/Private/Raytracing/BuildSolidAnglePdfCS.usf" 1531
"../../../Engine/Shaders/Private/Raytracing/BuildMipTreeCS.usf" 1532
"../../../Engine/Shaders/Private/Raytracing/RaytracingSkylightRGS.usf" 1533
"../../../Engine/Shaders/Private/Raytracing/RayTracingDeferredShadingCommon.ush" 1534
"../../../Engine/Shaders/Private/RayTracing/RayTracingOcclusionRGS.usf" 1535
"../../../Engine/Shaders/Private/RayTracing/RayTracingDirectionalLight.ush" 1536
"../../../Engine/Shaders/Private/PathTracing/Utilities/PathTracingRandomSequence.ush" 1537
"../../../Engine/Shaders/Private/RayTracing/RayTracingRectLight.ush" 1538
"../../../Engine/Shaders/Private/RayTracing/RayTracingSphereLight.ush" 1539
"../../../Engine/Shaders/Private/RayTracing/RayTracingSpotLight.ush" 1540
"../../../Engine/Shaders/Private/RayTracing/RayTracingDiskLight.ush" 1541
"../../../Engine/Shaders/Private/RayTracing/RayTracingPointLight.ush" 1542
"../../../Engine/Shaders/Private/RayTracing/RayTracingReflections.usf" 1543
"../../../Engine/Shaders/Private/RayTracing/RayTracingHitGroupCommon.ush" 1544
"../../../Engine/Shaders/Shared/RayTracingBuiltInResources.h" 1545
"../../../Engine/Shaders/Private/RayTracing/RayTracingLightingCommon.ush" 1546
"../../../Engine/Shaders/Private/PathTracing/VisualizeMipTreePixelShader.usf" 1547
"../../../Engine/Shaders/Private/RayTracing/RayTracingRectLightRGS.usf" 1548
"../../../Engine/Shaders/Private/RayTracing/RayTracingPrimaryRays.usf" 1549
"../../../Engine/Shaders/Private/RayTracing/RayTracingMaterialDefaultHitShaders.usf" 1550
"../../../Engine/Shaders/Private/RayTracing/RayTracingMaterialHitShaders.usf" 1551
"../../../Engine/Shaders/Private/LightmapCommon.ush" 1552
"../../../Engine/Shaders/Private/RayTracing/RayTracingFinalGatherRGS.usf" 1553
"../../../Engine/Shaders/Private/RayTracing/RayTracingGatherPoints.ush" 1554
"../../../Engine/Shaders/Private/PathTracing/Light/PathTracingLightSampling.ush" 1555
"../../../Engine/Shaders/Private/PathTracing/Light/PathTracingLightCommon.ush" 1556
"../../../Engine/Shaders/Private/PathTracing/Light/PathTracingDirectionalLight.ush" 1557
"../../../Engine/Shaders/Private/PathTracing/Light/PathTracingPointLight.ush" 1558
"../../../Engine/Shaders/Private/PathTracing/Light/PathTracingRectLight.ush" 1559
"../../../Engine/Shaders/Private/PathTracing/Light/PathTracingSkyLight.ush" 1560
"../../../Engine/Shaders/Private/PathTracing/Light/PathTracingSpotLight.ush" 1561
"../../../Engine/Shaders/Private/PathTracing/Material/PathTracingMaterialSampling.ush" 1562
"../../../Engine/Shaders/Private/PathTracing/Material/PathTracingMaterialCommon.ush" 1563
"../../../Engine/Shaders/Private/PathTracing/PathTracingCommon.ush" 1564
"../../../Engine/Shaders/Private/PathTracing/PathTracingDefinitions.ush" 1565
"../../../Engine/Shaders/Private/PathTracing/Material/PathTracingFresnel.ush" 1566
"../../../Engine/Shaders/Private/PathTracing/Material/PathTracingLambert.ush" 1567
"../../../Engine/Shaders/Private/PathTracing/Material/PathTracingGlossy.ush" 1568
"../../../Engine/Shaders/Private/PathTracing/Material/PathTracingSpecularReflection.ush" 1569
"../../../Engine/Shaders/Private/PathTracing/Material/PathTracingSpecularTransmission.ush" 1570
"../../../Engine/Shaders/Private/RayTracing/RayTracingCreateGatherPointsRGS.usf" 1571
"../../../Engine/Shaders/Private/RayTracing/RayTracingGlobalIlluminationRGS.usf" 1572
"../../../Engine/Shaders/Private/RayTracing/RayTracingDynamicMesh.usf" 1573
"../../../Engine/Shaders/Private/RayTracing/MaterialSort.usf" 1574
"../../../Engine/Shaders/Private/RayTracing/RayTracingDeferredMaterials.usf" 1575
"../../../Engine/Shaders/Private/RayTracing/RayTracingDebug.usf" 1576
"../../../Engine/Shaders/Shared/RayTracingDebugDefinitions.h" 1577
"../../../Engine/Shaders/Private/RayTracing/RayTracingBarycentrics.usf" 1578
"../../../Engine/Shaders/Private/RayTracing/RayTracingAmbientOcclusionRGS.usf" 1579
"../../../Engine/Shaders/Private/PrimitiveDistanceAccuracyPixelShader.usf" 1580
"../../../Engine/Shaders/Private/VisualizeShadingModels.usf" 1581
"../../../Engine/Shaders/Private/PostProcessCommon.ush" 1582
"../../../Engine/Shaders/Private/FilterPixelShader.usf" 1583
"../../../Engine/Shaders/Private/ScreenPass.ush" 1584
"../../../Engine/Shaders/Private/FilterVertexShader.usf" 1585
"../../../Engine/Shaders/Private/PostProcessVisualizeHDR.usf" 1586
"../../../Engine/Shaders/Private/PostProcessHistogramCommon.ush" 1587
"../../../Engine/Shaders/Private/ShaderComplexityApplyPixelShader.usf" 1588
"../../../Engine/Shaders/Private/PostProcessVisualizeBuffer.usf" 1589
"../../../Engine/Shaders/Private/PostProcessUpscale.usf" 1590
"../../../Engine/Shaders/Private/PostProcessTonemap.usf" 1591
"../../../Engine/Shaders/Private/PostProcessTestImage.usf" 1592
"../../../Engine/Shaders/Private/PostProcessTemporalAA.usf" 1593
"../../../Engine/Shaders/Private/PostProcessSubsurface.usf" 1594
"../../../Engine/Shaders/Private/SeparableSSS.ush" 1595
"../../../Engine/Shaders/Private/SubsurfaceBurleyNormalized.ush" 1596
"../../../Engine/Shaders/Private/PostProcessSelectionOutline.usf" 1597
"../../../Engine/Shaders/Private/PostProcessNoiseBlur.usf" 1598
"../../../Engine/Shaders/Private/PostProcessMotionBlur.usf" 1599
"../../../Engine/Shaders/Private/PostProcessVelocityFlatten.usf" 1600
"../../../Engine/Shaders/Private/PostProcessMobile.usf" 1601
"../../../Engine/Shaders/Private/PostProcessMitchellNetravali.usf" 1602
"../../../Engine/Shaders/Private/PostProcessMaterialShaders.usf" 1603
"../../../Engine/Shaders/Private/PostProcessLensFlares.usf" 1604
"../../../Engine/Shaders/Private/ComposeSeparateTranslucency.usf" 1605
"../../../Engine/Shaders/Private/PostProcessHMD.usf" 1606
"../../../Engine/Shaders/Private/PostProcessHistogramReduce.usf" 1607
"../../../Engine/Shaders/Private/PostProcessHistogram.usf" 1608
"../../../Engine/Shaders/Private/PostProcessGBufferHints.usf" 1609
"../../../Engine/Shaders/Private/PostProcessFFTBloom.usf" 1610
"../../../Engine/Shaders/Private/PostProcessEyeAdaptation.usf" 1611
"../../../Engine/Shaders/Private/PostProcessDownsample.usf" 1612
"../../../Engine/Shaders/Private/PostProcessDOF.usf" 1613
"../../../Engine/Shaders/Private/PostProcessCompositeEditorPrimitives.usf" 1614
"../../../Engine/Shaders/Private/PostProcessCombineLUTs.usf" 1615
"../../../Engine/Shaders/Private/PostProcessBusyWait.usf" 1616
"../../../Engine/Shaders/Private/PostProcessVisualizeDOF.usf" 1617
"../../../Engine/Shaders/Private/PostProcessBloom.usf" 1618
"../../../Engine/Shaders/Private/FXAAShader.usf" 1619
"../../../Engine/Shaders/Private/Fxaa3_11.ush" 1620
"../../../Engine/Shaders/Private/DiaphragmDOF/DOFRecombine.usf" 1621
"../../../Engine/Shaders/Private/DiaphragmDOF/DOFCommon.ush" 1622
"../../../Engine/Shaders/Private/DiaphragmDOF/DOFHybridScatterPixelShader.usf" 1623
"../../../Engine/Shaders/Private/DiaphragmDOF/DOFHybridScatterCommon.ush" 1624
"../../../Engine/Shaders/Private/DiaphragmDOF/DOFHybridScatterVertexShader.usf" 1625
"../../../Engine/Shaders/Private/DiaphragmDOF/DOFPostfiltering.usf" 1626
"../../../Engine/Shaders/Private/DiaphragmDOF/DOFGatherTileSuggest.ush" 1627
"../../../Engine/Shaders/Private/DiaphragmDOF/DOFCocTileCommon.ush" 1628
"../../../Engine/Shaders/Private/DiaphragmDOF/DOFGatherPass.usf" 1629
"../../../Engine/Shaders/Private/DiaphragmDOF/DOFGatherCommon.ush" 1630
"../../../Engine/Shaders/Private/DiaphragmDOF/DOFGatherAccumulator.ush" 1631
"../../../Engine/Shaders/Private/DiaphragmDOF/DOFGatherKernel.ush" 1632
"../../../Engine/Shaders/Private/DiaphragmDOF/DOFBokehLUT.usf" 1633
"../../../Engine/Shaders/Private/DiaphragmDOF/DOFHybridScatterCompilation.usf" 1634
"../../../Engine/Shaders/Private/DiaphragmDOF/DOFReduce.usf" 1635
"../../../Engine/Shaders/Private/DiaphragmDOF/DOFDownsample.ush" 1636
"../../../Engine/Shaders/Private/DiaphragmDOF/DOFHybridScatterCompilation.ush" 1637
"../../../Engine/Shaders/Private/DiaphragmDOF/DOFDownsample.usf" 1638
"../../../Engine/Shaders/Private/DiaphragmDOF/DOFCocTileDilate.usf" 1639
"../../../Engine/Shaders/Private/DiaphragmDOF/DOFCocTileFlatten.usf" 1640
"../../../Engine/Shaders/Private/DiaphragmDOF/DOFSetup.usf" 1641
"../../../Engine/Shaders/Private/PlanarReflectionShaders.usf" 1642
"../../../Engine/Shaders/Private/PlanarReflectionShared.ush" 1643
"../../../Engine/Shaders/Private/PathTracing/BuildVarianceMipTreeComputeShader.usf" 1644
"../../../Engine/Shaders/Private/PathTracing/VisualizeSkyLightCdfPixelShader.usf" 1645
"../../../Engine/Shaders/Private/PathTracing/BuildSkyLightCubeFaceCdfComputeShader.usf" 1646
"../../../Engine/Shaders/Private/PathTracing/BuildSkyLightColumnCdfComputeShader.usf" 1647
"../../../Engine/Shaders/Private/PathTracing/BuildSkyLightRowCdfComputeShader.usf" 1648
"../../../Engine/Shaders/Private/PathTracing/PathTracingRayCounterComputeShader.usf" 1649
"../../../Engine/Shaders/Private/PathTracing/Material/PathTracingTestIntegrateHemispherePatch.usf" 1650
"../../../Engine/Shaders/Private/PathTracing/Material/PathTracingTestGenerateWiSamples.usf" 1651
"../../../Engine/Shaders/Private/PathTracing/Material/PathTracingTestPdfIntegration.usf" 1652
"../../../Engine/Shaders/Private/PathTracing/Material/PathTracingTestBrdfs.usf" 1653
"../../../Engine/Shaders/Private/PathTracing/PathCompaction.usf" 1654
"../../../Engine/Shaders/Private/PathTracing/Utilities/PathTracingFixedPointArithmetic.ush" 1655
"../../../Engine/Shaders/Private/PathTracing/PathTracingCompositingPixelShader.usf" 1656
"../../../Engine/Shaders/Private/PathTracing/PathTracing.usf" 1657
"../../../Engine/Shaders/Private/PathTracing/PathTracingCamera.ush" 1658
"../../../Engine/Shaders/Private/PathTracing/Sensor/PathTracingPinholeCamera.ush" 1659
"../../../Engine/Shaders/Private/PathTracing/Sensor/PathTracingAdaptivePinholeCamera.ush" 1660
"../../../Engine/Shaders/Private/MobileOpacityShaders.usf" 1661
"../../../Engine/Shaders/Private/MobileMultiView.usf" 1662
"../../../Engine/Shaders/Private/MobileSceneCapture.usf" 1663
"../../../Engine/Shaders/Private/DistortApplyScreenPS.usf" 1664
"../../../Engine/Shaders/Private/MobileBasePassPixelShader.usf" 1665
"../../../Engine/Shaders/Private/MobileBasePassCommon.ush" 1666
"../../../Engine/Shaders/Private/MobileGGX.ush" 1667
"../../../Engine/Shaders/Private/SingleLayerWaterCommon.ush" 1668
"../../../Engine/Shaders/Private/DistortionCommon.ush" 1669
"../../../Engine/Shaders/Private/MobileBasePassVertexShader.usf" 1670
"../../../Engine/Shaders/Private/MeshTexCoordSizeAccuracyPixelShader.usf" 1671
"../../../Engine/Shaders/Private/MaterialTexCoordScalesPixelShader.usf" 1672
"../../../Engine/Shaders/Private/LightShaftShader.usf" 1673
"../../../Engine/Shaders/Private/StationaryLightOverlapShaders.usf" 1674
"../../../Engine/Shaders/Private/DeferredLightPixelShaders.usf" 1675
"../../../Engine/Shaders/Private/HairStrands/HairStrandsCommon.ush" 1676
"../../../Engine/Shaders/Private/HairStrands/HairStrandsDeepShadowCommon.ush" 1677
"../../../Engine/Shaders/Private/HairStrands/HairStrandsDeepTransmittanceCommon.ush" 1678
"../../../Engine/Shaders/Private/HairStrands/HairStrandsDeepTransmittanceDualScattering.ush" 1679
"../../../Engine/Shaders/Private/HairBsdf.ush" 1680
"../../../Engine/Shaders/Private/DeferredLightVertexShaders.usf" 1681
"../../../Engine/Shaders/Private/LPVVisualise.usf" 1682
"../../../Engine/Shaders/Private/LPVGeometryVolumeCommon.ush" 1683
"../../../Engine/Shaders/Private/LPVDirectLightInject.usf" 1684
"../../../Engine/Shaders/Private/LPVPropagate.usf" 1685
"../../../Engine/Shaders/Private/LPVPacking.ush" 1686
"../../../Engine/Shaders/Private/LPVBuildGeometryVolume.usf" 1687
"../../../Engine/Shaders/Private/LPVDirectionalOcclusion.usf" 1688
"../../../Engine/Shaders/Private/LPVInject_AccumulateVplLists.usf" 1689
"../../../Engine/Shaders/Private/LPVInject_GenerateVplLists.usf" 1690
"../../../Engine/Shaders/Private/LPVClearLists.usf" 1691
"../../../Engine/Shaders/Private/LPVClear.usf" 1692
"../../../Engine/Shaders/Private/LightMapDensityShader.usf" 1693
"../../../Engine/Shaders/Private/LightGridInjection.usf" 1694
"../../../Engine/Shaders/Private/LightFunctionPixelShader.usf" 1695
"../../../Engine/Shaders/Private/LightFunctionVertexShader.usf" 1696
"../../../Engine/Shaders/Private/AmbientCubemapComposite.usf" 1697
"../../../Engine/Shaders/Private/DiffuseIndirectComposite.usf" 1698
"../../../Engine/Shaders/Private/HeightfieldLighting.usf" 1699
"../../../Engine/Shaders/Private/DistanceFieldShadowingShared.ush" 1700
"../../../Engine/Shaders/Private/HeightfieldLightingShared.ush" 1701
"../../../Engine/Shaders/Private/HdrCustomResolveShaders.usf" 1702
"../../../Engine/Shaders/Private/HairStrands/HairStrandsVoxelMip.usf" 1703
"../../../Engine/Shaders/Private/HairStrands/HairStrandsVoxelOpaque.usf" 1704
"../../../Engine/Shaders/Private/HairStrands/HairStrandsVisibilityDepthPS.usf" 1705
"../../../Engine/Shaders/Private/HairStrands/HairStrandsVisibilityTransmittanceDepthPS.usf" 1706
"../../../Engine/Shaders/Private/HairStrands/HairStrandsVisibilityFillOpaqueDepthPS.usf" 1707
"../../../Engine/Shaders/Private/HairStrands/HairStrandsVisibilityCompaction.usf" 1708
"../../../Engine/Shaders/Private/HairStrands/HairStrandsVisibilityCopyIndirectArg.usf" 1709
"../../../Engine/Shaders/Private/HairStrands/HairStrandsVisibilityClearPS.usf" 1710
"../../../Engine/Shaders/Private/HairStrands/HairStrandsVisibilityPS.usf" 1711
"../../../Engine/Shaders/Private/HairStrands/HairStrandsVisibilityVS.usf" 1712
"../../../Engine/Shaders/Private/HairStrands/HairStrandsVelocity.usf" 1713
"../../../Engine/Shaders/Private/HairStrands/HairStrandsMaterialPS.usf" 1714
"../../../Engine/Shaders/Private/HairStrands/HairStrandsMaterialVS.usf" 1715
"../../../Engine/Shaders/Private/HairStrands/HairStrandsDeepShadowMask.usf" 1716
"../../../Engine/Shaders/Private/HairStrands/HairStrandsDeepVoxelCommon.ush" 1717
"../../../Engine/Shaders/Private/HairStrands/HairStrandsDeepTransmittanceMask.usf" 1718
"../../../Engine/Shaders/Private/HairStrands/HairStrandsDeepShadowPS.usf" 1719
"../../../Engine/Shaders/Private/HairStrands/HairStrandsDeepShadowVS.usf" 1720
"../../../Engine/Shaders/Private/HairStrands/HairStrandsMeshUpdate.usf" 1721
"../../../Engine/Shaders/Private/HairStrands/HairStrandsMeshProjectionCommon.ush" 1722
"../../../Engine/Shaders/Private/HairStrands/HairStrandsMeshProjection.usf" 1723
"../../../Engine/Shaders/Private/HairStrands/HairStrandsLUT.usf" 1724
"../../../Engine/Shaders/Private/HairStrands/HairStrandsEnvironmentLighting.usf" 1725
"../../../Engine/Shaders/Private/HairStrands/HairStrandsEnvironmentLightingCommon.ush" 1726
"../../../Engine/Shaders/Private/HairStrands/HairStrandsEnvironmentLightingCompose.usf" 1727
"../../../Engine/Shaders/Private/HairStrands/HairStrandsEnvironmentAO.usf" 1728
"../../../Engine/Shaders/Private/HairStrands/HairStrandsVisibilityPPLLDebug.usf" 1729
"../../../Engine/Shaders/Private/HairStrands/HairStrandsMeshProjectionHairDebug.usf" 1730
"../../../Engine/Shaders/Private/HairStrands/HairStrandsMeshProjectionMeshDebug.usf" 1731
"../../../Engine/Shaders/Private/HairStrands/HairStrandsBsdfPlot.usf" 1732
"../../../Engine/Shaders/Private/HairStrands/HairStrandsVoxelRayMarching.usf" 1733
"../../../Engine/Shaders/Private/HairStrands/HairStrandsDeepShadowDebug.usf" 1734
"../../../Engine/Shaders/Private/HairStrands/HairStrandsDebug.usf" 1735
"../../../Engine/Shaders/Private/HairStrands/HairStrandsDebugPrint.usf" 1736
"../../../Engine/Shaders/Private/HairStrands/HairStrandsVisibilityComposeSubPixelPS.usf" 1737
"../../../Engine/Shaders/Private/GPUFastFourierTransform.usf" 1738
"../../../Engine/Shaders/Private/GPUFastFourierTransform2DCore.ush" 1739
"../../../Engine/Shaders/Private/GPUFastFourierTransformCore.ush" 1740
"../../../Engine/Shaders/Private/GPUBenchmark.usf" 1741
"../../../Engine/Shaders/Private/GlobalDistanceField.usf" 1742
"../../../Engine/Shaders/Private/GammaCorrection.usf" 1743
"../../../Engine/Shaders/Private/HeightFogPixelShader.usf" 1744
"../../../Engine/Shaders/Private/HeightFogVertexShader.usf" 1745
"../../../Engine/Shaders/Private/DistortAccumulatePS.usf" 1746
"../../../Engine/Shaders/Private/DistortAccumulateVS.usf" 1747
"../../../Engine/Shaders/Private/DistanceFieldVisualization.usf" 1748
"../../../Engine/Shaders/Private/DistanceFieldShadowing.usf" 1749
"../../../Engine/Shaders/Private/DistanceFieldScreenGridLighting.usf" 1750
"../../../Engine/Shaders/Private/DistanceFieldObjectCulling.usf" 1751
"../../../Engine/Shaders/Private/DistanceFieldLightingPost.usf" 1752
"../../../Engine/Shaders/Private/DistanceFieldGlobalIllumination.usf" 1753
"../../../Engine/Shaders/Private/DitheredTransitionStencil.usf" 1754
"../../../Engine/Shaders/Private/DepthOnlyPixelShader.usf" 1755
"../../../Engine/Shaders/Private/DepthOnlyVertexShader.usf" 1756
"../../../Engine/Shaders/Private/PositionOnlyDepthVertexShader.usf" 1757
"../../../Engine/Shaders/Private/DownsampleDepthPixelShader.usf" 1758
"../../../Engine/Shaders/Private/DeferredDecal.usf" 1759
"../../../Engine/Shaders/Private/DecalCommon.ush" 1760
"../../../Engine/Shaders/Private/DBufferDecalShared.ush" 1761
"../../../Engine/Shaders/Private/DebugViewModeVertexShader.usf" 1762
"../../../Engine/Shaders/Private/EvaluateSurfelMaterial.usf" 1763
"../../../Engine/Shaders/Private/ConvertToUniformMesh.usf" 1764
"../../../Engine/Shaders/Private/PostProcessPassThrough.usf" 1765
"../../../Engine/Shaders/Private/MeshDecals.usf" 1766
"../../../Engine/Shaders/Private/PostProcessLpvIndirect.usf" 1767
"../../../Engine/Shaders/Private/LPVFinalPass.ush" 1768
"../../../Engine/Shaders/Private/PostProcessAmbientOcclusion.usf" 1769
"../../../Engine/Shaders/Private/ClusteredDeferredShadingPixelShader.usf" 1770
"../../../Engine/Shaders/Private/CapsuleShadowShaders.usf" 1771
"../../../Engine/Shaders/Private/ByteBuffer.usf" 1772
"../../../Engine/Shaders/Private/BasePassPixelShader.usf" 1773
"../../../Engine/Shaders/Private/BasePassCommon.ush" 1774
"../../../Engine/Shaders/Private/ShadingModelsMaterial.ush" 1775
"../../../Engine/Shaders/Private/ForwardLightingCommon.ush" 1776
"../../../Engine/Shaders/Private/BasePassTessellationShaders.usf" 1777
"../../../Engine/Shaders/Private/BasePassVertexCommon.ush" 1778
"../../../Engine/Shaders/Private/BasePassVertexShader.usf" 1779
"../../../Engine/Shaders/Private/AtmospherePrecomputeInscatter.usf" 1780
"../../../Engine/Shaders/Private/AtmospherePrecomputeCommon.ush" 1781
"../../../Engine/Shaders/Private/AtmospherePrecompute.usf" 1782
"../../../Engine/Shaders/Private/AtmosphericFogShader.usf" 1783
"../../../Engine/Shaders/Private/SimpleElementVolumeTexturePreviewPixelShader.usf" 1784
"../../../Engine/Shaders/Private/SimpleElementTexture2DPreviewPixelShader.usf" 1785
"../../../Engine/Shaders/Private/SimpleElementNormalMapPixelShader.usf" 1786
"../../../Engine/Shaders/Private/meshpaintdilatepixelshader.usf" 1787
"../../../Engine/Shaders/Private/meshpaintdilatevertexshader.usf" 1788
"../../../Engine/Shaders/Private/MeshPaintPixelShader.usf" 1789
"../../../Engine/Shaders/Private/MeshPaintVertexShader.usf" 1790
"../../../Engine/Shaders/Private/ResolveVertexShader.usf" 1791
"../../../Engine/Shaders/Private/ResolvePixelShader.usf" 1792
"../../../Engine/Shaders/Private/OneColorShader.usf" 1793
"../../../Engine/Shaders/Private/OculusShaders.usf" 1794
"../../../Engine/Shaders/Private/MediaShaders.usf" 1795
"../../../Engine/Shaders/Private/NullPixelShader.usf" 1796
"../../../Engine/Shaders/Private/ComputeGenerateMips.usf" 1797
"../../../Engine/Shaders/Private/Tools/FullscreenVertexShader.usf" 1798
"../../../Engine/Shaders/Private/ClearReplacementShaders.usf" 1799
"../../../Engine/Shaders/Private/RayTracing/RayTracingBuiltInShaders.usf" 1800
"C:/Users/rthru/AppData/Local/UnrealEngine/4.24/DerivedDataCache/Boot.ddc" 1801
"../../../Engine/DerivedDataCache/Compressed.ddp" 1802
"../../../Engine/Content/Animation/DefaultAnimCurveCompressionSettings.uasset" 1803
"../../../Engine/Content/EditorResources/S_Actor.uasset" 1804
"../../../Engine/Content/EngineResources/WhiteSquareTexture.uasset" 1805
"../../../Engine/Content/EngineResources/GradientTexture0.uasset" 1806
"../../../Engine/Content/EngineResources/Black.uasset" 1807
"../../../Engine/Content/EngineMeshes/Sphere.uasset" 1808
"../../../Engine/Content/EngineSounds/Master.uasset" 1809
"../../../Engine/Content/EditorMaterials/MatineeGroups/MAT_Groups_Float.uasset" 1810
"../../../Engine/Content/EditorMaterials/MatineeGroups/MAT_Groups_Anim.uasset" 1811
"../../../Engine/Content/EditorMaterials/MatineeGroups/MAT_Groups_AudioMaster.uasset" 1812
"../../../Engine/Content/EditorMaterials/MatineeGroups/MAT_ColorTrack.uasset" 1813
"../../../Engine/Content/EditorMaterials/MatineeGroups/MAT_Groups_Fade.uasset" 1814
"../../../Engine/Content/EditorMaterials/MatineeGroups/MAT_Groups_Director.uasset" 1815
"../../../Engine/Content/EditorMaterials/MatineeGroups/MAT_Groups_Event.uasset" 1816
"../../../Engine/Content/EditorMaterials/MatineeGroups/MAT_Groups_Move.uasset" 1817
"../../../Engine/Content/EditorMaterials/MatineeGroups/MAT_Groups_Slomo.uasset" 1818
"../../../Engine/Content/EditorMaterials/MatineeGroups/MAT_Groups_Sound.uasset" 1819
"../../../Engine/Content/EditorMaterials/MAT_Groups_Toggle.uasset" 1820
"../../../Engine/Content/EditorMaterials/MatineeGroups/MAT_Groups_Vector.uasset" 1821
"../../../Engine/Content/EditorMaterials/MAT_Groups_Visibility.uasset" 1822
"../../../Engine/Content/EngineResources/DefaultTexture.uasset" 1823
"../../../Engine/Content/EngineResources/DefaultTextureCube.uasset" 1824
"../../../Engine/Content/EngineResources/DefaultVolumeTexture.uasset" 1825
"../../../Engine/Content/EngineResources/DefaultVolumeTexture2D.uasset" 1826
"../../../Engine/Content/EngineFonts/RobotoDistanceField.uasset" 1827
"../../../Engine/Content/EngineMaterials/DefaultTextMaterialOpaque.uasset" 1828
"../../../Engine/Content/Functions/Engine_MaterialFunctions01/Shading/PowerToRoughness.uasset" 1829
"../../../Engine/Content/Functions/Engine_MaterialFunctions01/Shading/ConvertFromDiffSpec.uasset" 1830
"../../../Engine/Content/EngineMaterials/WorldGridMaterial.uasset" 1831
"../../../Engine/Content/Functions/Engine_MaterialFunctions01/Opacity/CameraDepthFade.uasset" 1832
"../../../Engine/Content/EngineMaterials/T_Default_Material_Grid_M.uasset" 1833
"../../../Engine/Content/EngineMaterials/T_Default_Material_Grid_N.uasset" 1834
"../../../Engine/Content/EngineMaterials/DefaultDeferredDecalMaterial.uasset" 1835
"../../../Engine/Content/EngineMaterials/DefaultDiffuse.uasset" 1836
"../../../Engine/Content/EngineMaterials/DefaultLightFunctionMaterial.uasset" 1837
"../../../Engine/Content/EngineMaterials/DefaultPostProcessMaterial.uasset" 1838
"../../../Engine/Content/Functions/Engine_MaterialFunctions02/Utility/BreakOutFloat2Components.uasset" 1839
"../../../Engine/Content/EngineMaterials/DefaultVirtualTextureMaterial.uasset" 1840
"../../../Engine/Content/EditorResources/S_Trigger.uasset" 1841
"../../../Engine/Content/EngineMaterials/BaseFlattenMaterial.uasset" 1842
"../../../Engine/Content/EngineMaterials/BaseFlattenDiffuseMap.uasset" 1843
"../../../Engine/Content/EngineMaterials/BaseFlattenEmissiveMap.uasset" 1844
"../../../Engine/Content/EngineMaterials/BaseFlattenGrayscaleMap.uasset" 1845
"../../../Engine/Content/EngineMaterials/BaseFlattenNormalMap.uasset" 1846
"../../../Engine/Content/EngineDamageTypes/DmgTypeBP_Environmental.uasset" 1847
"../../../Engine/Content/VREditor/TransformGizmo/SM_Sequencer_Key.uasset" 1848
"../../../Engine/Content/VREditor/TransformGizmo/Main.uasset" 1849
"../../../Engine/Content/VREditor/TransformGizmo/Xray.uasset" 1850
"../../../Engine/Content/EngineMaterials/Widget3DPassThrough_Translucent.uasset" 1851
"../../../Engine/Content/EngineMaterials/Widget3DPassThrough.uasset" 1852
"../../../Engine/Config/Mac/MacEngine.ini" 1853
"../../../Engine/Content/EngineMaterials/Widget3DPassThrough_Translucent_OneSided.uasset" 1854
"../../../Engine/Content/EngineMaterials/Widget3DPassThrough_Opaque.uasset" 1855
"../../../Engine/Content/EngineMaterials/Widget3DPassThrough_Opaque_OneSided.uasset" 1856
"../../../Engine/Content/EngineMaterials/Widget3DPassThrough_Masked.uasset" 1857
"../../../Engine/Content/EngineMaterials/Widget3DPassThrough_Masked_OneSided.uasset" 1858
"../../../Engine/Content/VREditor/TransformGizmo/PlaneTranslationHandle.uasset" 1859
"../../../Engine/Content/VREditor/TransformGizmo/TransformGizmoMaterial.uasset" 1860
"../../../Engine/Content/VREditor/LaserPointer/VR_LaserPower_01.uasset" 1861
"../../../Engine/Content/VREditor/TransformGizmo/TranslucentTransformGizmoMaterial.uasset" 1862
"../../../Engine/Content/VREditor/TransformGizmo/BoundingBoxCorner.uasset" 1863
"../../../Engine/Content/VREditor/TransformGizmo/BoundingBoxEdge.uasset" 1864
"../../../Engine/Content/EngineDebugMaterials/WireframeMaterial.uasset" 1865
"../../../Engine/Content/EditorMeshes/Camera/SM_CraneRig_Base.uasset" 1866
"../../../Engine/Content/EditorMaterials/Camera/MI_CineMat_Rig.uasset" 1867
"../../../Engine/Content/EditorMaterials/Camera/CineMat.uasset" 1868
"../../../Engine/Content/EditorMeshes/Camera/SM_CraneRig_Arm.uasset" 1869
"../../../Engine/Content/EditorMeshes/Camera/SM_CraneRig_Mount.uasset" 1870
"../../../Engine/Content/EditorMeshes/Camera/SM_CraneRig_Body.uasset" 1871
"../../../Engine/Content/EditorMeshes/Camera/SM_RailRig_Track.uasset" 1872
"../../../Engine/Content/EditorMeshes/Camera/SM_RailRig_Mount.uasset" 1873
"../../../Engine/Content/ArtTools/RenderToTexture/Meshes/S_1_Unit_Plane.uasset" 1874
"../../../Engine/Content/EngineDebugMaterials/M_SimpleTranslucent.uasset" 1875
"../../../Engine/Content/EngineFonts/Roboto.uasset" 1876
"../../../Engine/Content/EngineFonts/Faces/DroidSansFallback.uasset" 1877
"../../../Engine/Content/EngineFonts/Faces/RobotoBold.uasset" 1878
"../../../Engine/Content/EngineFonts/Faces/RobotoBoldItalic.uasset" 1879
"../../../Engine/Content/EngineFonts/Faces/RobotoItalic.uasset" 1880
"../../../Engine/Content/EngineFonts/Faces/RobotoLight.uasset" 1881
"../../../Engine/Content/EngineFonts/Faces/RobotoRegular.uasset" 1882
"../../../Engine/Content/EditorMaterials/ParticleSystems/PSysThumbnail_NoImage.uasset" 1883
"../../../Engine/Content/EditorMaterials/ParticleSystems/PSysThumbnail_OOD.uasset" 1884
"../../../Engine/Content/Maps/Templates/Thumbnails/Default.uasset" 1885
"../../../Engine/Content/Maps/Templates/Thumbnails/TimeOfDay.uasset" 1886
"../../../Engine/Content/Maps/Templates/Thumbnails/VR-Basic.uasset" 1887
"../../../Engine/Content/EditorLandscapeResources/DataLayer.uasset" 1888
"../../../Engine/Content/EditorResources/S_Solver.uasset" 1889
"../../../../../UNREAL ENGINE/LICENTA BUNA/Licenta/Intermediate/AssetRegistryCache/2657c409.bin" 1890
"../../../../../UNREAL ENGINE/LICENTA BUNA/Licenta/Intermediate/AssetRegistryCache/866581fd.bin" 1891
"../../../../../UNREAL ENGINE/LICENTA BUNA/Licenta/Intermediate/AssetRegistryCache/8c0e1344.bin" 1892
"../../../../../UNREAL ENGINE/LICENTA BUNA/Licenta/Intermediate/AssetRegistryCache/6bead350.bin" 1893
"../../../../../UNREAL ENGINE/LICENTA BUNA/Licenta/Intermediate/AssetRegistryCache/50a675f9.bin" 1894
"../../../../../UNREAL ENGINE/LICENTA BUNA/Licenta/Intermediate/AssetRegistryCache/8e9331e2.bin" 1895
"../../../../../UNREAL ENGINE/LICENTA BUNA/Licenta/Intermediate/AssetRegistryCache/52ed2538.bin" 1896
"../../../../../UNREAL ENGINE/LICENTA BUNA/Licenta/Intermediate/AssetRegistryCache/f0d5030c.bin" 1897
"../../../../../UNREAL ENGINE/LICENTA BUNA/Licenta/Intermediate/AssetRegistryCache/d63b3057.bin" 1898
"../../../../../UNREAL ENGINE/LICENTA BUNA/Licenta/Intermediate/AssetRegistryCache/1f683343.bin" 1899
"../../../Engine/Content/VREditor/TransformGizmo/SM_Sequencer_Node.uasset" 1900
"../../../Engine/Content/Internationalization/icudt64l/coll/ucadata.icu" 1901
"../../../Engine/Content/Internationalization/icudt64l/coll/en.res" 1902
"../../../Engine/Content/Internationalization/icudt64l/coll/root.res" 1903
"../../../Engine/Content/Tutorial/Basics/LevelEditorAttract.uasset" 1904
"../../../Engine/Content/Tutorial/SubEditors/GettingSubstance.uasset" 1905
"../../../Engine/Content/Tutorial/Basics/LevelEditorOverview.uasset" 1906
"../../../Engine/Content/Tutorial/Basics/TutorialAssets/icon_tab_Levels_40x.uasset" 1907
"../../../Engine/Content/Tutorial/ContentIntroCurve.uasset" 1908
"../../../Engine/Content/EditorSounds/Notifications/CompileStart_Cue.uasset" 1909
"../../../Engine/Content/EditorSounds/Notifications/CompileSuccess.uasset" 1910
"../../../Engine/Content/EditorSounds/Notifications/CompileSuccess_Cue.uasset" 1911
"../../../Engine/Content/EditorSounds/Notifications/CompileFailed_Cue.uasset" 1912
"../../../Engine/Content/EditorSounds/Notifications/CompileFailed.uasset" 1913
"../../Plugins/2D/Paper2D/Content/MaskedUnlitSpriteMaterial.uasset" 1914
"../../Plugins/2D/Paper2D/Content/DefaultSpriteMaterial.uasset" 1915
"../../Plugins/2D/Paper2D/Content/DummySpriteTexture.uasset" 1916
"../../Plugins/2D/Paper2D/Content/PlaceholderTextures/DummySpriteTexture.uasset" 1917
"../../Plugins/2D/Paper2D/Content/OpaqueUnlitSpriteMaterial.uasset" 1918
"../../Plugins/2D/Paper2D/Content/DefaultPaperTerrainMaterial.uasset" 1919
"../../Plugins/2D/Paper2D/Content/DummySprite.uasset" 1920
"../../../Engine/Content/EngineMeshes/Cylinder.uasset" 1921
"../../../Engine/Content/EngineMaterials/DefaultMaterial.uasset" 1922
"G:/UNREAL ENGINE/LICENTA BUNA/Licenta/Saved/Config/Windows/SourceControlSettings.ini" 1923
"../../../Engine/Content/EditorResources/S_Note.uasset" 1924
"../../../Engine/Content/EngineDebugMaterials/VolumeToRender.uasset" 1925
"../../../Engine/Content/EngineDebugMaterials/M_VolumeRenderSphereTracePP.uasset" 1926
"../../../Engine/Content/Functions/Engine_MaterialFunctions02/Utility/CameraDirectionVector.uasset" 1927
"../../Plugins/Runtime/Oculus/OculusVR/Content/Materials/OculusMR_WhiteMaterial.uasset" 1928
"../../Plugins/Runtime/Oculus/OculusVR/Content/Materials/OculusMR_ChromaKey.uasset" 1929
"../../../Engine/Content/Functions/Engine_MaterialFunctions02/Utility/BreakOutFloat4Components.uasset" 1930
"../../../Engine/Content/Functions/Engine_MaterialFunctions02/Utility/MakeFloat2.uasset" 1931
"../../../Engine/Content/Functions/Engine_MaterialFunctions02/Utility/MakeFloat3.uasset" 1932
"../../Plugins/Runtime/Oculus/OculusVR/Content/Materials/OculusMR_ChromaKey_Lit.uasset" 1933
"../../Plugins/Runtime/Oculus/OculusVR/Content/Materials/OculusMR_OpaqueColoredMaterial.uasset" 1934
"../../../Engine/Content/EngineMaterials/RemoveSurfaceMaterial.uasset" 1935
"../../../Engine/Content/EngineMaterials/HairDefaultMaterial.uasset" 1936
"../../../Engine/Content/EngineDebugMaterials/DebugMeshMaterial.uasset" 1937
"../../../Engine/Content/EngineMaterials/EmissiveMeshMaterial.uasset" 1938
"../../../Engine/Content/EngineMaterials/DefaultWhiteGrid_Low.uasset" 1939
"../../../Engine/Content/EngineMaterials/M_InvalidLightmapSettings.uasset" 1940
"../../../Engine/Content/EngineMaterials/InvalidLightmapSettings.uasset" 1941
"../../../Engine/Content/EngineMaterials/GizmoMaterial.uasset" 1942
"../../../Engine/Content/EngineMaterials/PhAT_JointLimitMaterial.uasset" 1943
"../../../Engine/Content/Functions/Engine_MaterialFunctions02/WorldPositionOffset/CameraOffset.uasset" 1944
"../../../Engine/Content/EngineMaterials/Good64x64TilingNoiseHighFreq.uasset" 1945
"../../../Engine/Content/EngineMaterials/DefaultBokeh.uasset" 1946
"../../../Engine/Content/EngineMaterials/DefaultBloomKernel.uasset" 1947
"../../../Engine/Content/EngineMaterials/PreintegratedSkinBRDF.uasset" 1948
"../../../Engine/Content/EngineMaterials/MiniFont.uasset" 1949
"../../../Engine/Content/EngineMaterials/WeightMapPlaceholderTexture.uasset" 1950
"../../../Engine/Content/EngineMaterials/DefaultWhiteGrid.uasset" 1951
"../../../Engine/Content/EngineMaterials/BlueNoise.uasset" 1952
"../../../Engine/Content/EngineMaterials/DefaultPhysicalMaterial.uasset" 1953
"../../../../../UNREAL ENGINE/LICENTA BUNA/Licenta/Intermediate/AssetRegistryCache/311563bb.bin" 1954
"../../../../../UNREAL ENGINE/LICENTA BUNA/Licenta/Intermediate/AssetRegistryCache/c90e3f55.bin" 1955
"../../../../../UNREAL ENGINE/LICENTA BUNA/Licenta/Content/GameMaps/MainMenu.umap" 1956
"../../../../../UNREAL ENGINE/LICENTA BUNA/Licenta/Content/GameMaps/PuzzleLevel.umap" 1957
"../../../../../UNREAL ENGINE/LICENTA BUNA/Licenta/Content/GameMaps/Tutorial.umap" 1958
"../../../../../UNREAL ENGINE/LICENTA BUNA/Licenta/Content/GameMaps/Tutorial_BuiltData.uasset" 1959
"../../../../../UNREAL ENGINE/LICENTA BUNA/Licenta/Content/Music/LevelMusic.uasset" 1960
"../../../../../UNREAL ENGINE/LICENTA BUNA/Licenta/Content/Music/LevelSound.uasset" 1961
"../../../../../UNREAL ENGINE/LICENTA BUNA/Licenta/Content/Music/MainMenuMusic.uasset" 1962
"../../../../../UNREAL ENGINE/LICENTA BUNA/Licenta/Content/Music/MenuSound.uasset" 1963
"../../../../../UNREAL ENGINE/LICENTA BUNA/Licenta/Content/Music/TutorialMusic.uasset" 1964
"../../../../../UNREAL ENGINE/LICENTA BUNA/Licenta/Content/Music/TutorialSound.uasset" 1965
"../../../../../UNREAL ENGINE/LICENTA BUNA/Licenta/Content/ThirdPersonBP/Blueprints/ThirdPersonCharacter.uasset" 1966
"../../../Engine/Content/EditorResources/SequenceRecorder/Countdown.uasset" 1967
"../../../Engine/Content/EditorResources/SequenceRecorder/RecordingIndicator.uasset" 1968
"../../../Engine/Content/BasicShapes/Cube.uasset" 1969
"../../../Engine/Content/BasicShapes/Sphere.uasset" 1970
"../../../Engine/Content/BasicShapes/Cylinder.uasset" 1971
"../../../Engine/Content/BasicShapes/Cone.uasset" 1972
"../../../Engine/Content/BasicShapes/Plane.uasset" 1973
"../../../../../UNREAL ENGINE/LICENTA BUNA/Licenta/Intermediate/AssetRegistryCache/80733c15.bin" 1974
"../../../Engine/Content/Maps/Templates/TimeOfDay_Default.umap" 1975
"../../../../../UNREAL ENGINE/LICENTA BUNA/Licenta/Content/CustomAssets/Blueprints/AutoPlatform.uasset" 1976
"../../../../../UNREAL ENGINE/LICENTA BUNA/Licenta/Content/CustomAssets/Blueprints/AutoPlatform_Obstacle.uasset" 1977
"../../../../../UNREAL ENGINE/LICENTA BUNA/Licenta/Content/CustomAssets/Blueprints/BluePlatform.uasset" 1978
"../../../../../UNREAL ENGINE/LICENTA BUNA/Licenta/Content/CustomAssets/Blueprints/GreenPass_Obstacle.uasset" 1979
"../../../../../UNREAL ENGINE/LICENTA BUNA/Licenta/Content/CustomAssets/Blueprints/RedBlock_Obstacle.uasset" 1980
"../../../../../UNREAL ENGINE/LICENTA BUNA/Licenta/Content/CustomAssets/Blueprints/WhiteLights.uasset" 1981
"../../../../../UNREAL ENGINE/LICENTA BUNA/Licenta/Content/ThirdPersonBP/ThirdPersonOverview.uasset" 1982
"../../../../../UNREAL ENGINE/LICENTA BUNA/Licenta/Content/ThirdPersonBP/Blueprints/MainMenu.uasset" 1983
"../../../../../UNREAL ENGINE/LICENTA BUNA/Licenta/Content/ThirdPersonBP/Blueprints/MainMenuController.uasset" 1984
"../../../../../UNREAL ENGINE/LICENTA BUNA/Licenta/Content/ThirdPersonBP/Blueprints/ThirdPersonGameMode.uasset" 1985
"../../../../../UNREAL ENGINE/LICENTA BUNA/Licenta/Content/ThirdPersonBP/Blueprints/ThirdPersonMainMenu.uasset" 1986
"../../../Engine/Content/ArtTools/RenderToTexture/Blueprints/RenderToTexture_Game.uasset" 1987
"../../../Engine/Content/ArtTools/RenderToTexture/Blueprints/RenderToTexture_LevelBP.uasset" 1988
"../../../Engine/Content/ArtTools/RenderToTexture/Blueprints/RenderToTexture_Pawn.uasset" 1989
"../../../Engine/Content/ArtTools/RenderToTexture/Macros/RenderToTextureFunctionLibrary.uasset" 1990
"../../../Engine/Content/ArtTools/RenderToTexture/Macros/RenderToTextureMacros.uasset" 1991
"../../../Engine/Content/EditorBlueprintResources/ActorMacros.uasset" 1992
"../../../Engine/Content/EditorBlueprintResources/StandardMacros.uasset" 1993
"../../../Engine/Content/EngineSky/BP_Sky_Sphere.uasset" 1994
"../../../Engine/Content/FunctionalTesting/Blueprints/AITesting_MoveGoal.uasset" 1995
"../../../Engine/Content/Sequencer/DefaultBurnInOptions.uasset" 1996
"../../../Engine/Content/Tutorial/Basics/ContentBrowserOverview.uasset" 1997
"../../../Engine/Content/Tutorial/Basics/FeaturePacks.uasset" 1998
"../../../Engine/Content/Tutorial/Basics/ViewportsTutorial.uasset" 1999
"../../../Engine/Content/Tutorial/BlueprintTutorials/BlueprintEditorTutorial.uasset" 2000
"../../../Engine/Content/Tutorial/BlueprintTutorials/BlueprintInterfacesEditorOverview.uasset" 2001
"../../../Engine/Content/Tutorial/BlueprintTutorials/BlueprintMacroLibrariesEditorOverview.uasset" 2002
"../../../Engine/Content/Tutorial/BlueprintTutorials/ClassBlueprintsEditorOverview.uasset" 2003
"../../../Engine/Content/Tutorial/BlueprintTutorials/LevelBlueprintEditorOverview.uasset" 2004
"../../../Engine/Content/Tutorial/BlueprintTutorials/TutorialAssets/Tutorial_BP_Class.uasset" 2005
"../../../Engine/Content/Tutorial/BlueprintTutorials/TutorialAssets/Tutorial_BP_Interface.uasset" 2006
"../../../Engine/Content/Tutorial/BlueprintTutorials/TutorialAssets/Tutorial_BP_MacroLib.uasset" 2007
"../../../Engine/Content/Tutorial/Code/AddingCode.uasset" 2008
"../../../Engine/Content/Tutorial/Foliage/FoliageWalkThrough.uasset" 2009
"../../../Engine/Content/Tutorial/Foliage/Foliage_Intro_Tutorial.uasset" 2010
"../../../Engine/Content/Tutorial/Foliage/Foliage_Settings_Tutorial.uasset" 2011
"../../../Engine/Content/Tutorial/Foliage/Foliage_Using_The_Tool_Tutorial.uasset" 2012
"../../../Engine/Content/Tutorial/Installation/InstallingVisualStudioTutorial.uasset" 2013
"../../../Engine/Content/Tutorial/Installation/InstallingXCodeTutorial.uasset" 2014
"../../../Engine/Content/Tutorial/InWorldBlueprintEditing/IWBE_Tutorial.uasset" 2015
"../../../Engine/Content/Tutorial/InWorldBlueprintEditing/IWBE_Tutorial_Part2.uasset" 2016
"../../../Engine/Content/Tutorial/InWorldBlueprintEditing/IWBE_Tutorial_Part3.uasset" 2017
"../../../Engine/Content/Tutorial/InWorldBlueprintEditing/TutorialAssets/IWBE_Blutility.uasset" 2018
"../../../Engine/Content/Tutorial/InWorldBlueprintEditing/TutorialAssets/IWBE_Bridge1.uasset" 2019
"../../../Engine/Content/Tutorial/InWorldBlueprintEditing/TutorialAssets/IWBE_Bridge2.uasset" 2020
"../../../Engine/Content/Tutorial/Landscape/LandscapeWalkThrough.uasset" 2021
"../../../Engine/Content/Tutorial/Landscape/Landscape_Manage_Mode.uasset" 2022
"../../../Engine/Content/Tutorial/Landscape/Landscape_Painting_Mode.uasset" 2023
"../../../Engine/Content/Tutorial/Landscape/Landscape_Sculpt_Mode.uasset" 2024
"../../../Engine/Content/Tutorial/Mobile/CreatingSigningCertAndProvisionTutorial.uasset" 2025
"../../../Engine/Content/Tutorial/Mobile/InstallingiTunesTutorial.uasset" 2026
"../../../Engine/Content/Tutorial/Mobile/SettingUpAndroidTutorial.uasset" 2027
"../../../Engine/Content/Tutorial/Mobile/SettingUpLuminTutorial.uasset" 2028
"../../../Engine/Content/Tutorial/Paper2D/FlipbookEditorTutorial.uasset" 2029
"../../../Engine/Content/Tutorial/Paper2D/SpriteEditorTutorial.uasset" 2030
"../../../Engine/Content/Tutorial/SubEditors/MaterialEditorTutorial.uasset" 2031
"../../../Engine/Content/Tutorial/SubEditors/ParticleSystemEditorTutorial.uasset" 2032
"../../../Engine/Content/Tutorial/SubEditors/PersonaAnimBlueprintEditorWalkthrough.uasset" 2033
"../../../Engine/Content/Tutorial/SubEditors/PersonaAnimEditorWalkthrough.uasset" 2034
"../../../Engine/Content/Tutorial/SubEditors/PersonaWalkthrough.uasset" 2035
"../../../Engine/Content/Tutorial/SubEditors/SkeletalMeshEditorWalkthrough.uasset" 2036
"../../../Engine/Content/Tutorial/SubEditors/SkeletonModeWalkthrough.uasset" 2037
"../../../Engine/Content/Tutorial/SubEditors/StaticMeshEditorTutorial.uasset" 2038
"../../../Engine/Content/Tutorial/SubEditors/TutorialAssets/Character/TutorialCharacter.uasset" 2039
"../../Plugins/Enterprise/DatasmithContent/Content/Blueprints/FBXImporter/BP_AnimatedNode.uasset" 2040
"../../Plugins/Enterprise/DatasmithContent/Content/Blueprints/FBXImporter/BP_Animation.uasset" 2041
"../../Plugins/Enterprise/DatasmithContent/Content/Blueprints/FBXImporter/BP_SceneNode.uasset" 2042
"../../Plugins/Enterprise/DatasmithContent/Content/Blueprints/FBXImporter/BP_SceneRoot.uasset" 2043
"../../Plugins/Enterprise/DatasmithContent/Content/Blueprints/FBXImporter/BP_SharedNode.uasset" 2044
"../../Plugins/Enterprise/DatasmithContent/Content/Blueprints/FBXImporter/BP_Switch.uasset" 2045
"../../Plugins/Enterprise/DatasmithContent/Content/Blueprints/FBXImporter/BP_Toggle.uasset" 2046
"../../Plugins/Enterprise/DatasmithContent/Content/Blueprints/FBXImporter/BP_VREDAnimatedNode.uasset" 2047
"../../Plugins/Enterprise/DatasmithContent/Content/Blueprints/FBXImporter/BP_VREDAnimation.uasset" 2048
"../../Plugins/Enterprise/DatasmithContent/Content/Blueprints/FBXImporter/BP_VREDAnimNode.uasset" 2049
"../../Plugins/Enterprise/DatasmithContent/Content/Blueprints/FBXImporter/FBXImporterUtils.uasset" 2050
"../../Plugins/Enterprise/DatasmithContent/Content/Blueprints/FBXImporter/Animation/BP_AnimationPlayer.uasset" 2051
"../../Plugins/Enterprise/DatasmithContent/Content/Blueprints/FBXImporter/Animation/ImportedSequencesHelper.uasset" 2052
"../../Plugins/Enterprise/DatasmithContent/Content/Blueprints/FBXImporter/Animation/VREDAnimationPlayer.uasset" 2053
"../../Plugins/Enterprise/DatasmithContent/Content/Blueprints/FBXImporter/Variants/BP_VariantSelector.uasset" 2054
"../../Plugins/Enterprise/DatasmithContent/Content/Blueprints/FBXImporter/Variants/VREDVariantsSelector.uasset" 2055
"../../Plugins/Enterprise/DatasmithContent/Content/Datasmith/DatasmithActor.uasset" 2056
"../../Plugins/Enterprise/DatasmithContent/Content/Datasmith/DatasmithAreaLight.uasset" 2057
"../../Plugins/Enterprise/DatasmithContent/Content/Datasmith/DatasmithArealightMesh.uasset" 2058
"../../Plugins/Enterprise/DatasmithContent/Content/Datasmith/DatasmithLayer.uasset" 2059
"../../Plugins/Enterprise/DatasmithContent/Content/Datasmith/DatasmithSelector.uasset" 2060
"../../../../../UNREAL ENGINE/LICENTA BUNA/Licenta/Content/ThirdPersonBP/Blueprints/MainMenuWidget.uasset" 2061
"../../../Engine/Content/Sequencer/DefaultBurnIn.uasset" 2062
"../../Plugins/Enterprise/DatasmithContent/Content/Blueprints/FBXImporter/UI/AnimationSampleUI.uasset" 2063
"../../../../../UNREAL ENGINE/LICENTA BUNA/Licenta/Content/Mannequin/Animations/ThirdPerson_AnimBP.uasset" 2064
"../../../Engine/Content/Tutorial/SubEditors/TutorialAssets/TutorialAnimationBlueprint.uasset" 2065
"../../../Engine/Content/Tutorial/SubEditors/TutorialAssets/Character/TutorialTPP_AnimBlueprint.uasset" 2066
"../../../../../UNREAL ENGINE/LICENTA BUNA/Licenta/Content/CustomAssets/Animation/BluePlatform_Tutorial.uasset" 2067
"../../../Engine/Config//BaseEngine.ini" 2068
"../../../Engine/Config/Unix/UnixEngine.ini" 2069
"../../../Engine/Config/Linux/LinuxEngine.ini" 2070
"../../../Engine/Config/LinuxAArch64/LinuxAArch64Engine.ini" 2071
"../../../Engine/Content/MobileResources/HUD/DefaultVirtualJoysticks.uasset" 2072
"../../../Engine/Content/MobileResources/HUD/VirtualJoystick_Background.uasset" 2073
"../../../Engine/Content/MobileResources/HUD/VirtualJoystick_Thumb.uasset" 2074
"../../../../../UNREAL ENGINE/LICENTA BUNA/Licenta/Content/Mannequin/Animations/ThirdPerson_Jump.uasset" 2075
"../../../../../UNREAL ENGINE/LICENTA BUNA/Licenta/Content/Mannequin/Character/Mesh/UE4_Mannequin_Skeleton.uasset" 2076
"../../../../../UNREAL ENGINE/LICENTA BUNA/Licenta/Content/Mannequin/Animations/ThirdPersonJump_Loop.uasset" 2077
"../../../../../UNREAL ENGINE/LICENTA BUNA/Licenta/Content/Mannequin/Animations/ThirdPersonJump_Start.uasset" 2078
"../../../../../UNREAL ENGINE/LICENTA BUNA/Licenta/Content/Mannequin/Animations/ThirdPerson_IdleRun_2D.uasset" 2079
"../../../../../UNREAL ENGINE/LICENTA BUNA/Licenta/Content/Mannequin/Animations/ThirdPersonIdle.uasset" 2080
"../../../../../UNREAL ENGINE/LICENTA BUNA/Licenta/Content/Mannequin/Animations/ThirdPersonRun.uasset" 2081
"../../../../../UNREAL ENGINE/LICENTA BUNA/Licenta/Content/Mannequin/Animations/ThirdPersonWalk.uasset" 2082
"../../../../../UNREAL ENGINE/LICENTA BUNA/Licenta/Content/Mannequin/Character/Materials/M_UE4Man_Body.uasset" 2083
"../../../Engine/Content/Functions/Engine_MaterialFunctions02/Utility/BlendAngleCorrectedNormals.uasset" 2084
"../../../Engine/Content/Functions/MaterialLayerFunctions/MatLayerBlend_NormalBlend.uasset" 2085
"../../../Engine/Content/Functions/MaterialLayerFunctions/MatLayerBlend_Simple.uasset" 2086
"../../../../../UNREAL ENGINE/LICENTA BUNA/Licenta/Content/Mannequin/Character/Materials/MaterialLayers/ML_GlossyBlack_Latex_UE4.uasset" 2087
"../../../../../UNREAL ENGINE/LICENTA BUNA/Licenta/Content/Mannequin/Character/Materials/MaterialLayers/T_ML_Rubber_Blue_01_D.uasset" 2088
"../../../../../UNREAL ENGINE/LICENTA BUNA/Licenta/Content/Mannequin/Character/Materials/MaterialLayers/T_ML_Rubber_Blue_01_N.uasset" 2089
"../../../../../UNREAL ENGINE/LICENTA BUNA/Licenta/Content/Mannequin/Character/Materials/MaterialLayers/ML_Plastic_Shiny_Beige.uasset" 2090
"../../../../../UNREAL ENGINE/LICENTA BUNA/Licenta/Content/Mannequin/Character/Materials/MaterialLayers/ML_Plastic_Shiny_Beige_LOGO.uasset" 2091
"../../../../../UNREAL ENGINE/LICENTA BUNA/Licenta/Content/Mannequin/Character/Textures/UE4_LOGO_CARD.uasset" 2092
"../../../../../UNREAL ENGINE/LICENTA BUNA/Licenta/Content/Mannequin/Character/Materials/MaterialLayers/ML_SoftMetal_UE4.uasset" 2093
"../../../../../UNREAL ENGINE/LICENTA BUNA/Licenta/Content/Mannequin/Character/Materials/MaterialLayers/T_ML_Aluminum01.uasset" 2094
"../../../../../UNREAL ENGINE/LICENTA BUNA/Licenta/Content/Mannequin/Character/Materials/MaterialLayers/T_ML_Aluminum01_N.uasset" 2095
"../../../../../UNREAL ENGINE/LICENTA BUNA/Licenta/Content/Mannequin/Character/Textures/UE4_Mannequin__normals.uasset" 2096
"../../../../../UNREAL ENGINE/LICENTA BUNA/Licenta/Content/Mannequin/Character/Textures/UE4_Mannequin_MAT_MASKA.uasset" 2097
"../../../../../UNREAL ENGINE/LICENTA BUNA/Licenta/Content/Mannequin/Character/Mesh/SK_Mannequin.uasset" 2098
"../../../../../UNREAL ENGINE/LICENTA BUNA/Licenta/Content/Mannequin/Character/Materials/M_UE4Man_ChestLogo.uasset" 2099
"../../../../../UNREAL ENGINE/LICENTA BUNA/Licenta/Content/Mannequin/Character/Textures/UE4Man_Logo_N.uasset" 2100
"../../../../../UNREAL ENGINE/LICENTA BUNA/Licenta/Content/Mannequin/Character/Mesh/SK_Mannequin_PhysicsAsset.uasset" 2101
"C:/Users/rthru/AppData/Local/UnrealEngine/Common/DerivedDataCache/2/5/3/MATSM_8915F134E11A46E2ACFF4214A7775BDD_PCD3D_SM5_8__BC5N_NOCCBN_NOIRIS_DEV_SL___F02787D65D24A9A32C9BA49BA9898FC3178A0994.udd" 2102
"C:/Users/rthru/AppData/Local/UnrealEngine/Common/DerivedDataCache/8/2/2/MATSM_8915F134E11A46E2ACFF4214A7775BDD_PCD3D_SM5_8__BC5N_NOCCBN_NOIRIS_DEV_SL___313937B9D99EC7D9116BB37A0C55CAF67A743ED5.udd" 2103
"../../../Engine/Content/Maps/Entry.umap" 2104
"../../../Engine/Content/Maps/Entry_BuiltData.uasset" 2105
"../../../Engine/Content/EditorMaterials/PreviewShadowIndicatorMaterial.uasset" 2106
"../../../Engine/Content/EditorMaterials/PreviewShadowIndicator.uasset" 2107
"../../../Engine/Content/EngineDebugMaterials/DebugEditorMaterial.uasset" 2108
"../../../Engine/Content/EditorResources/BSPVertex.uasset" 2109
"../../../Engine/Content/MobileResources/HUD/T_Castle_ThumbstickOutter.uasset" 2110
"../../../Engine/Content/MobileResources/HUD/T_Castle_ThumbstickInner.uasset" 2111
"../../../Engine/Content/MobileResources/HUD/MobileHUDDirectionStick.uasset" 2112
"../../../Engine/Content/MobileResources/HUD/MobileHUDDirectionPad3.uasset" 2113
"../../../Engine/Content/MobileResources/HUD/MobileHUDDirectionPad2.uasset" 2114
"../../../Engine/Content/MobileResources/HUD/MobileHUDDirectionPad.uasset" 2115
"../../../Engine/Content/MobileResources/HUD/MobileHUDButtonFire.uasset" 2116
"../../../Engine/Content/MobileResources/HUD/MobileHUDButton3.uasset" 2117
"../../../Engine/Content/MobileResources/HUD/MobileHUDButton2_on.uasset" 2118
"../../../Engine/Content/MobileResources/HUD/MobileHUDButton2_off.uasset" 2119
"../../../Engine/Content/MobileResources/HUD/MobileHUDButton1_on.uasset" 2120
"../../../Engine/Content/MobileResources/HUD/MobileHUDButton1_off.uasset" 2121
"../../../Engine/Content/MobileResources/HUD/LeftVirtualJoystickOnly.uasset" 2122
"../../../Engine/Content/MobileResources/HUD/AnalogHat.uasset" 2123
"../../../Engine/Content/MobileResources/T_MobileMenu2.uasset" 2124
"../../../Engine/Content/MobileResources/T_MobileControls_texture.uasset" 2125
"../../../../../UNREAL ENGINE/LICENTA BUNA/Licenta/Content/CustomAssets/Materials/Blue.uasset" 2126
"../../../../../UNREAL ENGINE/LICENTA BUNA/Licenta/Content/CustomAssets/Textures/Meshes/ModularBuildingKit12_Lights_BaseColor.uasset" 2127
"../../../../../UNREAL ENGINE/LICENTA BUNA/Licenta/Content/CustomAssets/Textures/Meshes/ModularBuildingKit12_Lights_Normal.uasset" 2128
"../../../../../UNREAL ENGINE/LICENTA BUNA/Licenta/Content/CustomAssets/Textures/Meshes/ModularBuildingKit12_Lights_OcclusionRoughnessMetallic.uasset" 2129
"../../../../../UNREAL ENGINE/LICENTA BUNA/Licenta/Content/CustomAssets/Meshes/ModularBuildingKit12-FixedAll_Ceiling-Lights.uasset" 2130
"../../../../../UNREAL ENGINE/LICENTA BUNA/Licenta/Content/CustomAssets/Materials/Filler2.uasset" 2131
"../../../../../UNREAL ENGINE/LICENTA BUNA/Licenta/Content/CustomAssets/Textures/Meshes/ModularBuildingKit12_Filler2_BaseColor.uasset" 2132
"../../../../../UNREAL ENGINE/LICENTA BUNA/Licenta/Content/CustomAssets/Textures/Meshes/ModularBuildingKit12_Filler2_Normal.uasset" 2133
"../../../../../UNREAL ENGINE/LICENTA BUNA/Licenta/Content/CustomAssets/Textures/Meshes/ModularBuildingKit12_Filler2_OcclusionRoughnessMetallic.uasset" 2134
"../../../../../UNREAL ENGINE/LICENTA BUNA/Licenta/Content/CustomAssets/Materials/Lights.uasset" 2135
"../../../../../UNREAL ENGINE/LICENTA BUNA/Licenta/Content/CustomAssets/Meshes/ModularBuildingKit12-FixedAll_Ceiling_Floor.uasset" 2136
"../../../../../UNREAL ENGINE/LICENTA BUNA/Licenta/Content/CustomAssets/Materials/Filler1.uasset" 2137
"../../../../../UNREAL ENGINE/LICENTA BUNA/Licenta/Content/CustomAssets/Textures/Meshes/ModularBuildingKit12_Filler1_BaseColor.uasset" 2138
"../../../../../UNREAL ENGINE/LICENTA BUNA/Licenta/Content/CustomAssets/Textures/Meshes/ModularBuildingKit12_Filler1_Normal.uasset" 2139
"../../../../../UNREAL ENGINE/LICENTA BUNA/Licenta/Content/CustomAssets/Textures/Meshes/ModularBuildingKit12_Filler1_OcclusionRoughnessMetallic.uasset" 2140
"../../../../../UNREAL ENGINE/LICENTA BUNA/Licenta/Content/CustomAssets/Textures/Buttons/Button_0002_StartNormal.uasset" 2141
"../../../../../UNREAL ENGINE/LICENTA BUNA/Licenta/Content/CustomAssets/Textures/Buttons/Button_0005_ExitNormal.uasset" 2142
"../../../../../UNREAL ENGINE/LICENTA BUNA/Licenta/Content/Images/CustomAssets/Textures/Buttons/Button_0000_BackonClick.uasset" 2143
"../../../../../UNREAL ENGINE/LICENTA BUNA/Licenta/Content/Images/CustomAssets/Textures/Buttons/Button_0000_StartonClick.uasset" 2144
"../../../../../UNREAL ENGINE/LICENTA BUNA/Licenta/Content/Images/CustomAssets/Textures/Buttons/Button_0001_BackHover.uasset" 2145
"../../../../../UNREAL ENGINE/LICENTA BUNA/Licenta/Content/Images/CustomAssets/Textures/Buttons/Button_0001_StartHover.uasset" 2146
"../../../../../UNREAL ENGINE/LICENTA BUNA/Licenta/Content/Images/CustomAssets/Textures/Buttons/Button_0002_BackNormal.uasset" 2147
"../../../../../UNREAL ENGINE/LICENTA BUNA/Licenta/Content/Images/CustomAssets/Textures/Buttons/Button_0003_ExitonClick.uasset" 2148
"../../../../../UNREAL ENGINE/LICENTA BUNA/Licenta/Content/Images/CustomAssets/Textures/Buttons/Button_0004_ExitHover.uasset" 2149
"../../../../../UNREAL ENGINE/LICENTA BUNA/Licenta/Content/Images/CustomAssets/Textures/Buttons/Button_0006_ControlClick.uasset" 2150
"../../../../../UNREAL ENGINE/LICENTA BUNA/Licenta/Content/Images/CustomAssets/Textures/Buttons/Button_0007_ControlHover.uasset" 2151
"../../../../../UNREAL ENGINE/LICENTA BUNA/Licenta/Content/Images/CustomAssets/Textures/Buttons/Button_0008_ControlNormal.uasset" 2152
"../../../../../UNREAL ENGINE/LICENTA BUNA/Licenta/Content/GameMaps/MainMenu_BuiltData.uasset" 2153
"../../../../../UNREAL ENGINE/LICENTA BUNA/Licenta/Content/CustomAssets/Materials/Green.uasset" 2154
"../../../../../UNREAL ENGINE/LICENTA BUNA/Licenta/Content/CustomAssets/Materials/Red.uasset" 2155
"../../../../../UNREAL ENGINE/LICENTA BUNA/Licenta/Content/CustomAssets/Meshes/ModularBuildingKit12-FixedAll_Bridge-End.uasset" 2156
"../../../../../UNREAL ENGINE/LICENTA BUNA/Licenta/Content/CustomAssets/Materials/BridgeEnd.uasset" 2157
"../../../../../UNREAL ENGINE/LICENTA BUNA/Licenta/Content/CustomAssets/Textures/Meshes/ModularBuildingKit12_BridgeEnd_BaseColor.uasset" 2158
"../../../../../UNREAL ENGINE/LICENTA BUNA/Licenta/Content/CustomAssets/Textures/Meshes/ModularBuildingKit12_BridgeEnd_Normal.uasset" 2159
"../../../../../UNREAL ENGINE/LICENTA BUNA/Licenta/Content/CustomAssets/Textures/Meshes/ModularBuildingKit12_BridgeEnd_OcclusionRoughnessMetallic.uasset" 2160
"../../../../../UNREAL ENGINE/LICENTA BUNA/Licenta/Content/CustomAssets/Meshes/ModularBuildingKit12-FixedAll_Corner.uasset" 2161
"../../../../../UNREAL ENGINE/LICENTA BUNA/Licenta/Content/CustomAssets/Materials/CornerWall.uasset" 2162
"../../../../../UNREAL ENGINE/LICENTA BUNA/Licenta/Content/CustomAssets/Textures/Meshes/ModularBuildingKit12_CornerWall_BaseColor.uasset" 2163
"../../../../../UNREAL ENGINE/LICENTA BUNA/Licenta/Content/CustomAssets/Textures/Meshes/ModularBuildingKit12_CornerWall_Normal.uasset" 2164
"../../../../../UNREAL ENGINE/LICENTA BUNA/Licenta/Content/CustomAssets/Textures/Meshes/ModularBuildingKit12_CornerWall_OcclusionRoughnessMetallic.uasset" 2165
"../../../../../UNREAL ENGINE/LICENTA BUNA/Licenta/Content/CustomAssets/Meshes/ModularBuildingKit12-FixedAll_Doorway.uasset" 2166
"../../../../../UNREAL ENGINE/LICENTA BUNA/Licenta/Content/CustomAssets/Materials/Door.uasset" 2167
"../../../../../UNREAL ENGINE/LICENTA BUNA/Licenta/Content/CustomAssets/Textures/Meshes/ModularBuildingKit12_Door_BaseColor.uasset" 2168
"../../../../../UNREAL ENGINE/LICENTA BUNA/Licenta/Content/CustomAssets/Textures/Meshes/ModularBuildingKit12_Door_Normal.uasset" 2169
"../../../../../UNREAL ENGINE/LICENTA BUNA/Licenta/Content/CustomAssets/Textures/Meshes/ModularBuildingKit12_Door_OcclusionRoughnessMetallic.uasset" 2170
"../../../../../UNREAL ENGINE/LICENTA BUNA/Licenta/Content/CustomAssets/Meshes/ModularBuildingKit12-FixedAll_Floor-Straight.uasset" 2171
"../../../../../UNREAL ENGINE/LICENTA BUNA/Licenta/Content/CustomAssets/Materials/Floor.uasset" 2172
"../../../../../UNREAL ENGINE/LICENTA BUNA/Licenta/Content/CustomAssets/Textures/Meshes/ModularBuildingKit12_Floor_BaseColor.uasset" 2173
"../../../../../UNREAL ENGINE/LICENTA BUNA/Licenta/Content/CustomAssets/Textures/Meshes/ModularBuildingKit12_Floor_Normal.uasset" 2174
"../../../../../UNREAL ENGINE/LICENTA BUNA/Licenta/Content/CustomAssets/Textures/Meshes/ModularBuildingKit12_Floor_OcclusionRoughnessMetallic.uasset" 2175
"../../../../../UNREAL ENGINE/LICENTA BUNA/Licenta/Content/CustomAssets/Meshes/ModularBuildingKit12-FixedAll_Pipe.uasset" 2176
"../../../../../UNREAL ENGINE/LICENTA BUNA/Licenta/Content/CustomAssets/Materials/Pipe.uasset" 2177
"../../../../../UNREAL ENGINE/LICENTA BUNA/Licenta/Content/CustomAssets/Textures/Meshes/ModularBuildingKit12_Pipe_BaseColor.uasset" 2178
"../../../../../UNREAL ENGINE/LICENTA BUNA/Licenta/Content/CustomAssets/Textures/Meshes/ModularBuildingKit12_Pipe_Normal.uasset" 2179
"../../../../../UNREAL ENGINE/LICENTA BUNA/Licenta/Content/CustomAssets/Textures/Meshes/ModularBuildingKit12_Pipe_OcclusionRoughnessMetallic.uasset" 2180
"../../../../../UNREAL ENGINE/LICENTA BUNA/Licenta/Content/CustomAssets/Meshes/ModularBuildingKit12-FixedAll_Pipe2.uasset" 2181
"../../../../../UNREAL ENGINE/LICENTA BUNA/Licenta/Content/CustomAssets/Materials/Pipe2.uasset" 2182
"../../../../../UNREAL ENGINE/LICENTA BUNA/Licenta/Content/CustomAssets/Textures/Meshes/ModularBuildingKit12_Pipe2_BaseColor.uasset" 2183
"../../../../../UNREAL ENGINE/LICENTA BUNA/Licenta/Content/CustomAssets/Textures/Meshes/ModularBuildingKit12_Pipe2_Normal.uasset" 2184
"../../../../../UNREAL ENGINE/LICENTA BUNA/Licenta/Content/CustomAssets/Textures/Meshes/ModularBuildingKit12_Pipe2_OcclusionRoughnessMetallic.uasset" 2185
"../../../../../UNREAL ENGINE/LICENTA BUNA/Licenta/Content/CustomAssets/Meshes/ModularBuildingKit12-FixedAll_Wall.uasset" 2186
"../../../../../UNREAL ENGINE/LICENTA BUNA/Licenta/Content/CustomAssets/Materials/Wall.uasset" 2187
"../../../../../UNREAL ENGINE/LICENTA BUNA/Licenta/Content/CustomAssets/Textures/Meshes/ModularBuildingKit12_Wall_BaseColor.uasset" 2188
"../../../../../UNREAL ENGINE/LICENTA BUNA/Licenta/Content/CustomAssets/Textures/Meshes/ModularBuildingKit12_Wall_Normal.uasset" 2189
"../../../../../UNREAL ENGINE/LICENTA BUNA/Licenta/Content/CustomAssets/Textures/Meshes/ModularBuildingKit12_Wall_OcclusionRoughnessMetallic.uasset" 2190
"../../../../../UNREAL ENGINE/LICENTA BUNA/Licenta/Content/CustomAssets/Meshes/ModularBuildingKit12-FixedAll_Wall2.uasset" 2191
"../../../../../UNREAL ENGINE/LICENTA BUNA/Licenta/Content/CustomAssets/Materials/Wall2.uasset" 2192
"../../../../../UNREAL ENGINE/LICENTA BUNA/Licenta/Content/CustomAssets/Textures/Meshes/ModularBuildingKit12_Wall2_BaseColor.uasset" 2193
"../../../../../UNREAL ENGINE/LICENTA BUNA/Licenta/Content/CustomAssets/Textures/Meshes/ModularBuildingKit12_Wall2_Normal.uasset" 2194
"../../../../../UNREAL ENGINE/LICENTA BUNA/Licenta/Content/CustomAssets/Textures/Meshes/ModularBuildingKit12_Wall2_OcclusionRoughnessMetallic.uasset" 2195
"../../../../../UNREAL ENGINE/LICENTA BUNA/Licenta/Content/CustomAssets/Meshes/ModularBuildingKit12-FixedAll_Wiring1.uasset" 2196
"../../../../../UNREAL ENGINE/LICENTA BUNA/Licenta/Content/CustomAssets/Materials/Wires.uasset" 2197
"../../../../../UNREAL ENGINE/LICENTA BUNA/Licenta/Content/CustomAssets/Textures/Meshes/Wiring-Fixed_Wires_BaseColor.uasset" 2198
"../../../../../UNREAL ENGINE/LICENTA BUNA/Licenta/Content/CustomAssets/Textures/Meshes/Wiring-Fixed_Wires_Normal.uasset" 2199
"../../../../../UNREAL ENGINE/LICENTA BUNA/Licenta/Content/CustomAssets/Textures/Meshes/Wiring-Fixed_Wires_OcclusionRoughnessMetallic.uasset" 2200
"C:/Users/rthru/AppData/Local/UnrealEngine/Common/DerivedDataCache/1/4/9/AUDIO_0005_0000_OGG10025600$2D1$2D1$2D1$2D1$2D1_0003_B2C428F2450E878470872A9E4339A2F7.udd" 2201
"C:/Users/rthru/AppData/Local/UnrealEngine/Common/DerivedDataCache/9/7/6/STATICMESH_A9B55814188440DA96CF4A9D318BC1C5_228332BAE0224DD294E232B87D83948FQU__7E678D9E7D8752D0FF7382950527A05B5FBBBD44.udd" 2202
"C:/Users/rthru/AppData/Local/UnrealEngine/Common/DerivedDataCache/5/1/2/NAVCOLLISION_B89838347A4348138EE337A847529C5C_NAVCOLLISION_X_2150D5D5439D1EDD3__3B0AFB3AED72628D4EB8E4E350C8F1668A75E75A.udd" 2203
"C:/Users/rthru/AppData/Local/UnrealEngine/Common/DerivedDataCache/3/2/5/PHYSX_A08609EF508D460CBB6710540B03AACF_PHYSXPC_2150D5D5439D1EDD3C001E89C17AE81__196E5690AC0B2D1863A3BB0661C3E47B7EAF0BD9.udd" 2204
"C:/Users/rthru/AppData/Local/UnrealEngine/Common/DerivedDataCache/5/9/7/STATICMESH_A9B55814188440DA96CF4A9D318BC1C5_228332BAE0224DD294E232B87D83948FQU__A8205546997BAABE5ECFD6AB0182200916905337.udd" 2205
"C:/Users/rthru/AppData/Local/UnrealEngine/Common/DerivedDataCache/5/7/8/NAVCOLLISION_B89838347A4348138EE337A847529C5C_NAVCOLLISION_X_E67A4382428E5622F__E25D67369C8662BEA57D508720162F18B926AE01.udd" 2206
"C:/Users/rthru/AppData/Local/UnrealEngine/Common/DerivedDataCache/9/4/6/PHYSX_A08609EF508D460CBB6710540B03AACF_PHYSXPC_E67A4382428E5622FDCD0898AE44FA2__A7983D184F280F7F65DCB7EE3C3249CA152ECDA9.udd" 2207
"C:/Users/rthru/AppData/Local/UnrealEngine/Common/DerivedDataCache/3/0/0/STATICMESH_A9B55814188440DA96CF4A9D318BC1C5_228332BAE0224DD294E232B87D83948FQU__1E9E31C5BE1DE6F89A57A59C05EA221C1D0AA70B.udd" 2208
"C:/Users/rthru/AppData/Local/UnrealEngine/Common/DerivedDataCache/4/2/5/NAVCOLLISION_B89838347A4348138EE337A847529C5C_NAVCOLLISION_X_D9E445FB4C4D5C4F5__5069D389A24DAF6E22B85ECE488BE5828B392B59.udd" 2209
"C:/Users/rthru/AppData/Local/UnrealEngine/Common/DerivedDataCache/0/6/5/PHYSX_A08609EF508D460CBB6710540B03AACF_PHYSXPC_D9E445FB4C4D5C4F53EE14AFA991F0E__3C26C43C61BFEAE08B6900D470E7E8F7D1BAB856.udd" 2210
"C:/Users/rthru/AppData/Local/UnrealEngine/Common/DerivedDataCache/8/3/2/STATICMESH_A9B55814188440DA96CF4A9D318BC1C5_228332BAE0224DD294E232B87D83948FQU__4536F2CB873144AB97FB86FF789894935691F39F.udd" 2211
"C:/Users/rthru/AppData/Local/UnrealEngine/Common/DerivedDataCache/0/5/7/NAVCOLLISION_B89838347A4348138EE337A847529C5C_NAVCOLLISION_X_5376C9574EA1BCB04__03FDAA919772A0C8635D584CF81269CD34F0ED01.udd" 2212
"C:/Users/rthru/AppData/Local/UnrealEngine/Common/DerivedDataCache/7/3/5/PHYSX_A08609EF508D460CBB6710540B03AACF_PHYSXPC_5376C9574EA1BCB04B9DF8B6496D981__6044161B95020F9F2B3242DD7F9D65E874C8217A.udd" 2213
"C:/Users/rthru/AppData/Local/UnrealEngine/Common/DerivedDataCache/3/4/1/STATICMESH_A9B55814188440DA96CF4A9D318BC1C5_228332BAE0224DD294E232B87D83948FQU__ECDBFF3EF44A557463EDA63C3046A5F62E3A1675.udd" 2214
"C:/Users/rthru/AppData/Local/UnrealEngine/Common/DerivedDataCache/7/6/0/NAVCOLLISION_B89838347A4348138EE337A847529C5C_NAVCOLLISION_X_DED0417445F0C86BF__E0BAC8DEA6D3A16E88BE41D923C8F6A7C6F0AF51.udd" 2215
"C:/Users/rthru/AppData/Local/UnrealEngine/Common/DerivedDataCache/9/8/3/PHYSX_A08609EF508D460CBB6710540B03AACF_PHYSXPC_DED0417445F0C86BF98713B7C08D950__57DD241AE894E4B227A58A30856601B2F99C314A.udd" 2216
"C:/Users/rthru/AppData/Local/UnrealEngine/Common/DerivedDataCache/4/1/6/STATICMESH_A9B55814188440DA96CF4A9D318BC1C5_228332BAE0224DD294E232B87D83948FQU__CBD67AD6536204684229ACD74FC62D67D803DE5E.udd" 2217
"C:/Users/rthru/AppData/Local/UnrealEngine/Common/DerivedDataCache/2/6/8/NAVCOLLISION_B89838347A4348138EE337A847529C5C_NAVCOLLISION_X_6516E8DD4D806BDD5__D0AC63B94A0DA4C70CAEB779874B83DE94A2DEC0.udd" 2218
"C:/Users/rthru/AppData/Local/UnrealEngine/Common/DerivedDataCache/3/7/5/PHYSX_A08609EF508D460CBB6710540B03AACF_PHYSXPC_6516E8DD4D806BDD5D962D896A14EB9__8F4925CDB184590C7E2F22567DAAFAB49555BE6A.udd" 2219
"C:/Users/rthru/AppData/Local/UnrealEngine/Common/DerivedDataCache/5/9/8/STATICMESH_A9B55814188440DA96CF4A9D318BC1C5_228332BAE0224DD294E232B87D83948FQU__237E964EDE5F0C821BA4985891D657423A49B236.udd" 2220
"C:/Users/rthru/AppData/Local/UnrealEngine/Common/DerivedDataCache/3/1/9/NAVCOLLISION_B89838347A4348138EE337A847529C5C_NAVCOLLISION_X_2236C5FC40CDAF6F0__C2038BF97430911AC7429CB7FC0DC144950B3D87.udd" 2221
"C:/Users/rthru/AppData/Local/UnrealEngine/Common/DerivedDataCache/6/6/6/PHYSX_A08609EF508D460CBB6710540B03AACF_PHYSXPC_2236C5FC40CDAF6F071108ACF2F771F__B67A530F0C502EED6647E7580D2AE688FDA051A1.udd" 2222
"C:/Users/rthru/AppData/Local/UnrealEngine/Common/DerivedDataCache/0/0/9/STATICMESH_A9B55814188440DA96CF4A9D318BC1C5_228332BAE0224DD294E232B87D83948FQU__3AB77D212409153C4D26CE9F5C58E8DAA6DB4B39.udd" 2223
"C:/Users/rthru/AppData/Local/UnrealEngine/Common/DerivedDataCache/3/3/8/NAVCOLLISION_B89838347A4348138EE337A847529C5C_NAVCOLLISION_X_4D6AE6ED4EA7715E4__F99FB9297EED36734DBF0D57D9FF93926E863D38.udd" 2224
"C:/Users/rthru/AppData/Local/UnrealEngine/Common/DerivedDataCache/1/9/2/PHYSX_A08609EF508D460CBB6710540B03AACF_PHYSXPC_4D6AE6ED4EA7715E411128BDDE07406__4AAF00D4F8DC9A31DBCDD041426B83F90397E7A3.udd" 2225
"C:/Users/rthru/AppData/Local/UnrealEngine/Common/DerivedDataCache/2/1/7/PHYSX_A08609EF508D460CBB6710540B03AACF_PHYSXPC_E7D58D7949F8D94BD3785482F0D3F6AB__1_0_0_0_3_13315_0.udd" 2226
"C:/Users/rthru/AppData/Local/UnrealEngine/Common/DerivedDataCache/4/7/3/PHYSX_A08609EF508D460CBB6710540B03AACF_PHYSXPC_4BBE9A4041CBB98D13959F9968738460__1_0_0_0_3_13315_0.udd" 2227
"C:/Users/rthru/AppData/Local/UnrealEngine/Common/DerivedDataCache/2/7/2/PHYSX_A08609EF508D460CBB6710540B03AACF_PHYSXPC_DB539DA24621232EDEF9BC8131261B9B__1_0_0_0_2_13315_0.udd" 2228
"C:/Users/rthru/AppData/Local/UnrealEngine/Common/DerivedDataCache/0/3/0/STATICMESH_A9B55814188440DA96CF4A9D318BC1C5_228332BAE0224DD294E232B87D83948FQU__437C09EEDEAE8A78EBF52E8E421331D73B633B62.udd" 2229
"C:/Users/rthru/AppData/Local/UnrealEngine/Common/DerivedDataCache/6/6/1/NAVCOLLISION_B89838347A4348138EE337A847529C5C_NAVCOLLISION_X_5DD6C3B346524DAAC__9CE9749D3D9A595A4872EFE32D8557DFCE5A7A08.udd" 2230
"C:/Users/rthru/AppData/Local/UnrealEngine/Common/DerivedDataCache/7/2/0/STATICMESH_A9B55814188440DA96CF4A9D318BC1C5_228332BAE0224DD294E232B87D83948FQU__5A9DADD2301BA5828BD8189295EFC5913AE5002F.udd" 2231
"C:/Users/rthru/AppData/Local/UnrealEngine/Common/DerivedDataCache/3/2/5/NAVCOLLISION_B89838347A4348138EE337A847529C5C_NAVCOLLISION_X_6B2D041D47AE71CC5__C6E99678155DD08915CA43CDAE5F765F68EA10FA.udd" 2232
"C:/Users/rthru/AppData/Local/UnrealEngine/Common/DerivedDataCache/3/1/8/STATICMESH_A9B55814188440DA96CF4A9D318BC1C5_228332BAE0224DD294E232B87D83948FQU__6F68D30BD6293DD29F0F59E0EBFB0EC82FDC3A38.udd" 2233
"C:/Users/rthru/AppData/Local/UnrealEngine/Common/DerivedDataCache/2/0/2/NAVCOLLISION_B89838347A4348138EE337A847529C5C_NAVCOLLISION_X_13F218A143D33B3AD__BDCA4695772A256A906AB1AA47B05D65883D4518.udd" 2234
"C:/Users/rthru/AppData/Local/UnrealEngine/Common/DerivedDataCache/4/7/5/PHYSX_A08609EF508D460CBB6710540B03AACF_PHYSXPC_6B2D041D47AE71CC5149EB8586E6B1A__F84DF8F978AD020C6080C8EDA448A807BDAFF727.udd" 2235
"C:/Users/rthru/AppData/Local/UnrealEngine/Common/DerivedDataCache/8/2/2/PHYSX_A08609EF508D460CBB6710540B03AACF_PHYSXPC_13F218A143D33B3ADBF3EDB10C4A967__98735574D32380EE29AA231A7E98601AB7E1860C.udd" 2236
"C:/Users/rthru/AppData/Local/UnrealEngine/Common/DerivedDataCache/9/9/8/PHYSX_A08609EF508D460CBB6710540B03AACF_PHYSXPC_5DD6C3B346524DAAC4BF4F894391C7E__44BB5E8C56C3DDDFD78B2D869282B212FEBDD938.udd" 2237
"C:/Users/rthru/AppData/Local/UnrealEngine/Common/DerivedDataCache/2/3/8/TEXTURE_564290F8998644E39A2118D5C683187B_AUTODXT_B84E632C4525A4F6AFA81BA81D14E__79924C4B6D41E31AC5B0CDB109B0DC3FC3ADE4DD.udd" 2238
"C:/Users/rthru/AppData/Local/UnrealEngine/Common/DerivedDataCache/0/2/3/TEXTURE_564290F8998644E39A2118D5C683187B_AUTODXT_B84E632C4525A4F6AFA81BA81D14E__BDE3B476ADFD47FB82F5131A19013D72A96A8724.udd" 2239
"C:/Users/rthru/AppData/Local/UnrealEngine/Common/DerivedDataCache/8/2/4/TEXTURE_564290F8998644E39A2118D5C683187B_AUTODXT_B84E632C4525A4F6AFA81BA81D14E__0AD27F1BD1DF2F78BDF1A02189AEB6467A88F69B.udd" 2240
"C:/Users/rthru/AppData/Local/UnrealEngine/Common/DerivedDataCache/0/7/6/TEXTURE_564290F8998644E39A2118D5C683187B_AUTODXT_B84E632C4525A4F6AFA81BA81D14E__BC77BEA00176D77AB11F8511D74BCC37931EF482.udd" 2241
"C:/Users/rthru/AppData/Local/UnrealEngine/Common/DerivedDataCache/8/6/8/TEXTURE_564290F8998644E39A2118D5C683187B_AUTODXT_B84E632C4525A4F6AFA81BA81D14E__20F7B9894914E8A7E41847F1BB5DBA75EC7BEE3F.udd" 2242
"C:/Users/rthru/AppData/Local/UnrealEngine/Common/DerivedDataCache/1/4/8/TEXTURE_564290F8998644E39A2118D5C683187B_AUTODXT_B84E632C4525A4F6AFA81BA81D14E__515F4321573D4BD5AC9CE4A34B226431739EA31B.udd" 2243
"C:/Users/rthru/AppData/Local/UnrealEngine/Common/DerivedDataCache/2/1/9/MATSM_8915F134E11A46E2ACFF4214A7775BDD_PCD3D_SM5_8__BC5N_NOCCBN_NOIRIS_DEV_SL___844D27296A22E28C1B120B933D7D754A64346C6C.udd" 2244
"../../../Engine/Content/EditorResources/EmptyActor.uasset" 2245
"../../../Engine/Content/EditorResources/LightIcons/S_LightError.uasset" 2246
"../../../Engine/Content/EditorResources/AudioIcons/S_AudioComponent_AutoActivate.uasset" 2247
"C:/Users/rthru/AppData/Local/UnrealEngine/Common/DerivedDataCache/3/7/4/TEXTURE_564290F8998644E39A2118D5C683187B_AUTODXT_183753DF416349D2D2C6C9B41E42C__E34BD1C37C398D17B3156160E9085DF0C660CA74.udd" 2248
"C:/Users/rthru/AppData/Local/UnrealEngine/Common/DerivedDataCache/7/2/3/TEXTURE_564290F8998644E39A2118D5C683187B_AUTODXT_183753DF416349D2D2C6C9B41E42C__E640676D426A0F1532D496F58D8E6766D66592C3.udd" 2249
"C:/Users/rthru/AppData/Local/UnrealEngine/Common/DerivedDataCache/3/9/2/TEXTURE_564290F8998644E39A2118D5C683187B_AUTODXT_183753DF416349D2D2C6C9B41E42C__1B5A0394BD8F66AF42DCF2BEBD7D64B03FECF117.udd" 2250
"C:/Users/rthru/AppData/Local/UnrealEngine/Common/DerivedDataCache/5/4/7/TEXTURE_564290F8998644E39A2118D5C683187B_AUTODXT_183753DF416349D2D2C6C9B41E42C__481B91EADE8111648962A8621F22C55613876C26.udd" 2251
"C:/Users/rthru/AppData/Local/UnrealEngine/Common/DerivedDataCache/9/4/5/TEXTURE_564290F8998644E39A2118D5C683187B_AUTODXT_183753DF416349D2D2C6C9B41E42C__92564AF67F160EBF4593213ED94FC0CB613117E9.udd" 2252
"C:/Users/rthru/AppData/Local/UnrealEngine/Common/DerivedDataCache/9/9/2/TEXTURE_564290F8998644E39A2118D5C683187B_AUTODXT_183753DF416349D2D2C6C9B41E42C__DB3ADFA5E4A0568EC5BD128FB79DF0740F73B065.udd" 2253
"C:/Users/rthru/AppData/Local/UnrealEngine/Common/DerivedDataCache/2/8/3/TEXTURE_564290F8998644E39A2118D5C683187B_BC5_7A91E8AE4372FFA1DD28488B2C7B094C___552616DF83D4A2E61A61179A19FB3087CFBBBC59.udd" 2254
"C:/Users/rthru/AppData/Local/UnrealEngine/Common/DerivedDataCache/9/6/2/TEXTURE_564290F8998644E39A2118D5C683187B_BC5_7A91E8AE4372FFA1DD28488B2C7B094C___B9F4D5D9DB9E048C93BA1A8960407460DCB61709.udd" 2255
"C:/Users/rthru/AppData/Local/UnrealEngine/Common/DerivedDataCache/0/8/9/TEXTURE_564290F8998644E39A2118D5C683187B_BC5_7A91E8AE4372FFA1DD28488B2C7B094C___918C27213644A43C20CB4FD777AA495ECE14F60F.udd" 2256
"C:/Users/rthru/AppData/Local/UnrealEngine/Common/DerivedDataCache/2/2/9/TEXTURE_564290F8998644E39A2118D5C683187B_AUTODXT_461173F94A40B5CF75E63280DE724__A43573BEE722023FCEBB07E4CEEFDED5941C8A64.udd" 2257
"C:/Users/rthru/AppData/Local/UnrealEngine/Common/DerivedDataCache/3/2/6/TEXTURE_564290F8998644E39A2118D5C683187B_AUTODXT_461173F94A40B5CF75E63280DE724__4FE5CD8B5608C7460F6D75891AB1BD617534412E.udd" 2258
"C:/Users/rthru/AppData/Local/UnrealEngine/Common/DerivedDataCache/1/5/9/TEXTURE_564290F8998644E39A2118D5C683187B_AUTODXT_461173F94A40B5CF75E63280DE724__F296F9D3E0B42C0D811B7D9B13FA4F738BAF0623.udd" 2259
"C:/Users/rthru/AppData/Local/UnrealEngine/Common/DerivedDataCache/5/3/2/TEXTURE_564290F8998644E39A2118D5C683187B_BC5_7A91E8AE4372FFA1DD28488B2C7B094C___A919AB9623633D63EC8B7BE5EB8751D46A2A9448.udd" 2260
"C:/Users/rthru/AppData/Local/UnrealEngine/Common/DerivedDataCache/0/6/7/TEXTURE_564290F8998644E39A2118D5C683187B_BC5_7A91E8AE4372FFA1DD28488B2C7B094C___82C2B60B89FC2397B02583AECBDBE26D6BC6A3C8.udd" 2261
"C:/Users/rthru/AppData/Local/UnrealEngine/Common/DerivedDataCache/3/2/8/TEXTURE_564290F8998644E39A2118D5C683187B_AUTODXT_461173F94A40B5CF75E63280DE724__E2D1035DAD85995C41C5F6A92357752DD43BFE0C.udd" 2262
"C:/Users/rthru/AppData/Local/UnrealEngine/Common/DerivedDataCache/4/9/9/TEXTURE_564290F8998644E39A2118D5C683187B_BC5_7A91E8AE4372FFA1DD28488B2C7B094C___9AB57D194EC858CA3D21078AC17CD624DDFAD910.udd" 2263
"C:/Users/rthru/AppData/Local/UnrealEngine/Common/DerivedDataCache/1/4/1/TEXTURE_564290F8998644E39A2118D5C683187B_AUTODXT_461173F94A40B5CF75E63280DE724__5831DCD3BC59AB433E6969371A82C2281774B892.udd" 2264
"C:/Users/rthru/AppData/Local/UnrealEngine/Common/DerivedDataCache/0/1/4/TEXTURE_564290F8998644E39A2118D5C683187B_AUTODXT_461173F94A40B5CF75E63280DE724__34558A2F462F696A48016173DBEAA17C091F3D39.udd" 2265
"C:/Users/rthru/AppData/Local/UnrealEngine/Common/DerivedDataCache/9/1/0/TEXTURE_564290F8998644E39A2118D5C683187B_AUTODXT_E74209B848DFDFFA5D5AE59CF24EE__DF0CAF24C8EBBF57E996B68BB0B04C33E0897BE8.udd" 2266
"C:/Users/rthru/AppData/Local/UnrealEngine/Common/DerivedDataCache/1/8/0/TEXTURE_564290F8998644E39A2118D5C683187B_AUTODXT_E74209B848DFDFFA5D5AE59CF24EE__0CBFB0BFC9610489AB9974BFA35FC45C42903E6A.udd" 2267
"C:/Users/rthru/AppData/Local/UnrealEngine/Common/DerivedDataCache/5/7/9/TEXTURE_564290F8998644E39A2118D5C683187B_AUTODXT_E74209B848DFDFFA5D5AE59CF24EE__7D75CE762EA709943BE2F4F464447FB9EC7BDA46.udd" 2268
"C:/Users/rthru/AppData/Local/UnrealEngine/Common/DerivedDataCache/3/7/1/TEXTURE_564290F8998644E39A2118D5C683187B_AUTODXT_E74209B848DFDFFA5D5AE59CF24EE__D9BDD59720BCD1D261E5203931C921702AC8A9C0.udd" 2269
"C:/Users/rthru/AppData/Local/UnrealEngine/Common/DerivedDataCache/9/7/2/TEXTURE_564290F8998644E39A2118D5C683187B_AUTODXT_E74209B848DFDFFA5D5AE59CF24EE__CDA3D35D1F84F65AF0CB963B91D763831ACD4D3D.udd" 2270
"C:/Users/rthru/AppData/Local/UnrealEngine/Common/DerivedDataCache/3/8/2/TEXTURE_564290F8998644E39A2118D5C683187B_BC5_B40631DD4645C1FD839038AE78656C32___8F5F980CF51B272732CA480F991B052D5445C13E.udd" 2271
"C:/Users/rthru/AppData/Local/UnrealEngine/Common/DerivedDataCache/7/8/4/TEXTURE_564290F8998644E39A2118D5C683187B_BC5_B40631DD4645C1FD839038AE78656C32___70ABD3902FC06528C64DDDE292E12688D0BA1ABC.udd" 2272
"C:/Users/rthru/AppData/Local/UnrealEngine/Common/DerivedDataCache/1/9/7/TEXTURE_564290F8998644E39A2118D5C683187B_BC5_B40631DD4645C1FD839038AE78656C32___6C3013214FAE0007CE2E6F62D213CC22B3A3262F.udd" 2273
"C:/Users/rthru/AppData/Local/UnrealEngine/Common/DerivedDataCache/1/4/5/TEXTURE_564290F8998644E39A2118D5C683187B_BC5_B40631DD4645C1FD839038AE78656C32___705AD7E13BEB6218FCC82F70F1BE60C5A5C1C1E0.udd" 2274
"C:/Users/rthru/AppData/Local/UnrealEngine/Common/DerivedDataCache/7/3/9/TEXTURE_564290F8998644E39A2118D5C683187B_BC5_B40631DD4645C1FD839038AE78656C32___81909AE4E62CA86D425E60E9E56276E000A61F74.udd" 2275
"C:/Users/rthru/AppData/Local/UnrealEngine/Common/DerivedDataCache/5/2/1/TEXTURE_564290F8998644E39A2118D5C683187B_AUTODXT_99CD35B845FE5F330EA41398AF8F8__EBF9FF9059D042FF9FF27939FEA2A2B35DC0040D.udd" 2276
"C:/Users/rthru/AppData/Local/UnrealEngine/Common/DerivedDataCache/0/9/0/TEXTURE_564290F8998644E39A2118D5C683187B_AUTODXT_99CD35B845FE5F330EA41398AF8F8__6A0AA939955CB48FC9696D79EA018A51C4B7E09E.udd" 2277
"C:/Users/rthru/AppData/Local/UnrealEngine/Common/DerivedDataCache/2/2/0/TEXTURE_564290F8998644E39A2118D5C683187B_AUTODXT_99CD35B845FE5F330EA41398AF8F8__76B8C3FB8252F77037F2E849676007CFEDE273CA.udd" 2278
"C:/Users/rthru/AppData/Local/UnrealEngine/Common/DerivedDataCache/6/4/3/TEXTURE_564290F8998644E39A2118D5C683187B_AUTODXT_E74209B848DFDFFA5D5AE59CF24EE__821166C4A92026B605B23FA3D03D2A3A674CC894.udd" 2279
"C:/Users/rthru/AppData/Local/UnrealEngine/Common/DerivedDataCache/0/3/9/TEXTURE_564290F8998644E39A2118D5C683187B_AUTODXT_99CD35B845FE5F330EA41398AF8F8__328175058820177606F01AC2D00E112311E3948D.udd" 2280
"C:/Users/rthru/AppData/Local/UnrealEngine/Common/DerivedDataCache/2/7/6/TEXTURE_564290F8998644E39A2118D5C683187B_AUTODXT_99CD35B845FE5F330EA41398AF8F8__3368A2EEE4619D5552A124756DD42C297CC45655.udd" 2281
"C:/Users/rthru/AppData/Local/UnrealEngine/Common/DerivedDataCache/0/7/7/MATSM_8915F134E11A46E2ACFF4214A7775BDD_PCD3D_SM5_8__BC5N_NOCCBN_NOIRIS_DEV_SL___440EA39B5098DFAB318D8D4EF12595D96DCCB293.udd" 2282
"C:/Users/rthru/AppData/Local/UnrealEngine/Common/DerivedDataCache/5/3/9/TEXTURE_564290F8998644E39A2118D5C683187B_AUTODXT_9B71BE3D443927118C94368E40868__8FCF46E1C9DB83E8A3B593EE7EAB1852517A09B0.udd" 2283
"C:/Users/rthru/AppData/Local/UnrealEngine/Common/DerivedDataCache/6/9/5/TEXTURE_564290F8998644E39A2118D5C683187B_AUTODXT_9B71BE3D443927118C94368E40868__8D709364471AB380C369DAF4C7A599D53E317862.udd" 2284
"C:/Users/rthru/AppData/Local/UnrealEngine/Common/DerivedDataCache/5/8/1/TEXTURE_564290F8998644E39A2118D5C683187B_AUTODXT_99CD35B845FE5F330EA41398AF8F8__16A071995A412C1B03545A2072366DA02CDAC98A.udd" 2285
"C:/Users/rthru/AppData/Local/UnrealEngine/Common/DerivedDataCache/4/7/5/TEXTURE_564290F8998644E39A2118D5C683187B_AUTODXT_9B71BE3D443927118C94368E40868__ABB6FC5C010946ABDCBB2B7AD55B9FC5590B58E0.udd" 2286
"C:/Users/rthru/AppData/Local/UnrealEngine/Common/DerivedDataCache/0/6/9/TEXTURE_564290F8998644E39A2118D5C683187B_AUTODXT_9B71BE3D443927118C94368E40868__45AF17AFFC13D6BC37615600D4D73A82C7985234.udd" 2287
"C:/Users/rthru/AppData/Local/UnrealEngine/Common/DerivedDataCache/5/6/8/TEXTURE_564290F8998644E39A2118D5C683187B_BC5_B40631DD4645C1FD839038AE78656C32___C7108B4598CABB5CBAED96A9D8F1CC9D9487F7D3.udd" 2288
"C:/Users/rthru/AppData/Local/UnrealEngine/Common/DerivedDataCache/3/8/1/TEXTURE_564290F8998644E39A2118D5C683187B_AUTODXT_9B71BE3D443927118C94368E40868__9F3B2FE60BA959D4065A17DC1DB8A5B9A83984E6.udd" 2289
"C:/Users/rthru/AppData/Local/UnrealEngine/Common/DerivedDataCache/8/0/6/TEXTURE_564290F8998644E39A2118D5C683187B_AUTODXT_9B71BE3D443927118C94368E40868__F165BA7CC55F7747CCD3150B8C7BCE3CB02C28AA.udd" 2290
"C:/Users/rthru/AppData/Local/UnrealEngine/Common/DerivedDataCache/0/7/1/MATSM_8915F134E11A46E2ACFF4214A7775BDD_PCD3D_SM5_8__BC5N_NOCCBN_NOIRIS_DEV_SL___3C5A2432D95FACA2F1A573078F6F7F640847B918.udd" 2291
"C:/Users/rthru/AppData/Local/UnrealEngine/Common/DerivedDataCache/0/8/5/TEXTURE_564290F8998644E39A2118D5C683187B_BC5_F273AC9940DBDCB60CA9DAAC519B468E___0E32AD8F9DD711B09313B276BB83787AF910428B.udd" 2292
"C:/Users/rthru/AppData/Local/UnrealEngine/Common/DerivedDataCache/0/5/2/TEXTURE_564290F8998644E39A2118D5C683187B_BC5_F273AC9940DBDCB60CA9DAAC519B468E___6C57D6D005D0F5D52DDACF935F9A7AEA16FD32DE.udd" 2293
"C:/Users/rthru/AppData/Local/UnrealEngine/Common/DerivedDataCache/5/9/1/TEXTURE_564290F8998644E39A2118D5C683187B_BC5_F273AC9940DBDCB60CA9DAAC519B468E___FC4437EF47D6F2178F3D8E9775AA4E0EF6132E73.udd" 2294
"C:/Users/rthru/AppData/Local/UnrealEngine/Common/DerivedDataCache/2/9/4/TEXTURE_564290F8998644E39A2118D5C683187B_BC5_F273AC9940DBDCB60CA9DAAC519B468E___4384430872D44B810675C173898ADEAE1AF0A7AE.udd" 2295
"C:/Users/rthru/AppData/Local/UnrealEngine/Common/DerivedDataCache/4/7/9/TEXTURE_564290F8998644E39A2118D5C683187B_BC5_F273AC9940DBDCB60CA9DAAC519B468E___C5737F6E8C77B9E331F0B3BF6262129426CAA98E.udd" 2296
"C:/Users/rthru/AppData/Local/UnrealEngine/Common/DerivedDataCache/6/6/1/TEXTURE_564290F8998644E39A2118D5C683187B_BC5_F273AC9940DBDCB60CA9DAAC519B468E___90A3C9585DBD644E874941C43E5926E49FCA58ED.udd" 2297
"C:/Users/rthru/AppData/Local/UnrealEngine/Common/DerivedDataCache/4/9/4/TEXTURE_564290F8998644E39A2118D5C683187B_AUTODXT_62DB4CA44C861B8B97055DBF8E2E9__D8A33DBB26032DC08AC35765B8C17D6086809567.udd" 2298
"C:/Users/rthru/AppData/Local/UnrealEngine/Common/DerivedDataCache/2/2/1/TEXTURE_564290F8998644E39A2118D5C683187B_AUTODXT_62DB4CA44C861B8B97055DBF8E2E9__2F51C4FDA1160EA636EC89A04BFD2D0B70E90B26.udd" 2299
"C:/Users/rthru/AppData/Local/UnrealEngine/Common/DerivedDataCache/2/2/4/TEXTURE_564290F8998644E39A2118D5C683187B_BC5_FC9560454E97FE7EF962AA99B6CCE775___896CDDA3B649B6A19B84E7ED1802503E282E8DB2.udd" 2300
"C:/Users/rthru/AppData/Local/UnrealEngine/Common/DerivedDataCache/4/5/8/TEXTURE_564290F8998644E39A2118D5C683187B_AUTODXT_C9ABC4B042AEEA6B7F386782F83A4__86907C7C989F6A3945C3B1DE3ABEBBB40ECE9DF1.udd" 2301
"C:/Users/rthru/AppData/Local/UnrealEngine/Common/DerivedDataCache/4/8/5/TEXTURE_564290F8998644E39A2118D5C683187B_BGRA8_492A014549EE44042C092F9A6FFCA82__1D076D52AB1FE2115575577FEBC46B75CB7D39FE.udd" 2302
"C:/Users/rthru/AppData/Local/UnrealEngine/Common/DerivedDataCache/3/3/8/TEXTURE_564290F8998644E39A2118D5C683187B_BGRA8_3BD24C954AC17FB21D4378BAFE525AE__FE8B072C7A75D778B04ADD6869C41E7E08EA65B2.udd" 2303
"C:/Users/rthru/AppData/Local/UnrealEngine/Common/DerivedDataCache/5/3/8/TEXTURE_564290F8998644E39A2118D5C683187B_BGRA8_37344D27464C55C97C123D92F45D5BD__0B8F3A1DE1330E19E872AA917F18C9B954A74424.udd" 2304
"C:/Users/rthru/AppData/Local/UnrealEngine/Common/DerivedDataCache/2/2/9/TEXTURE_564290F8998644E39A2118D5C683187B_BGRA8_B6EDFD4A41FFE2DAA52E9EA60E383BA__5DFB7E0F63C206501F3AA21B478F3FEC37EBE169.udd" 2305
"C:/Users/rthru/AppData/Local/UnrealEngine/Common/DerivedDataCache/2/4/9/TEXTURE_564290F8998644E39A2118D5C683187B_BGRA8_91FDD8334C8EDE8E9C115A96057433A__A86DF955229EEA4F72D6EA61B49D726890039A21.udd" 2306
"C:/Users/rthru/AppData/Local/UnrealEngine/Common/DerivedDataCache/2/2/8/TEXTURE_564290F8998644E39A2118D5C683187B_AUTODXT_62DB4CA44C861B8B97055DBF8E2E9__5FB767EE1C3ADC83BFDB94BEC74C22AF282A5DF2.udd" 2307
"C:/Users/rthru/AppData/Local/UnrealEngine/Common/DerivedDataCache/1/5/6/TEXTURE_564290F8998644E39A2118D5C683187B_AUTODXT_62DB4CA44C861B8B97055DBF8E2E9__A62EBB256A4B85E4226D5563359F8E59D5F30B4B.udd" 2308
"C:/Users/rthru/AppData/Local/UnrealEngine/Common/DerivedDataCache/2/4/8/TEXTURE_564290F8998644E39A2118D5C683187B_AUTODXT_62DB4CA44C861B8B97055DBF8E2E9__AD3958536DA8A19730E1B4E576930626FDF306ED.udd" 2309
"C:/Users/rthru/AppData/Local/UnrealEngine/Common/DerivedDataCache/4/8/6/TEXTURE_564290F8998644E39A2118D5C683187B_AUTODXT_62DB4CA44C861B8B97055DBF8E2E9__0F2CA6DFB12A331C0FBC8E0F0AD73DCC9FF1E747.udd" 2310
"C:/Users/rthru/AppData/Local/UnrealEngine/Common/DerivedDataCache/3/3/2/MATSM_8915F134E11A46E2ACFF4214A7775BDD_PCD3D_SM5_8__BC5N_NOCCBN_NOIRIS_DEV_SL___1FD8103568B1757A39B201E1802AD14D6D2FFEB7.udd" 2311
"C:/Users/rthru/AppData/Local/UnrealEngine/Common/DerivedDataCache/2/3/9/TEXTURE_564290F8998644E39A2118D5C683187B_BC5_FC9560454E97FE7EF962AA99B6CCE775___C7D51D7D2D904477CC4C1497DEEDFE541460AEE7.udd" 2312
"C:/Users/rthru/AppData/Local/UnrealEngine/Common/DerivedDataCache/4/5/8/TEXTURE_564290F8998644E39A2118D5C683187B_BGRA8_7AE8BF234C3FFAB907EA0BB37C8A589__AB346E7F6C5E2117B01CDE4FEAF7EFA2990813C0.udd" 2313
"C:/Users/rthru/AppData/Local/UnrealEngine/Common/DerivedDataCache/7/4/2/TEXTURE_564290F8998644E39A2118D5C683187B_AUTODXT_A865375543CFB605CD14569FE1ED3__53A3F6E6C8A51232F18AF5EB21201AF98935B33E.udd" 2314
"C:/Users/rthru/AppData/Local/UnrealEngine/Common/DerivedDataCache/0/9/3/TEXTURE_564290F8998644E39A2118D5C683187B_BC5_D78541A94765A574CEE39FB79F1B0DF2___3993561A463046052930A1D426FAD24F13978A38.udd" 2315
"C:/Users/rthru/AppData/Local/UnrealEngine/Common/DerivedDataCache/8/9/2/TEXTURE_564290F8998644E39A2118D5C683187B_AUTODXT_733690A440D531D30552AB90B7957__57B674173FF36D09B56B727F92EBAE57793A30A0.udd" 2316
"C:/Users/rthru/AppData/Local/UnrealEngine/Common/DerivedDataCache/0/4/5/MATSM_8915F134E11A46E2ACFF4214A7775BDD_PCD3D_SM5_8__BC5N_NOCCBN_NOIRIS_DEV_SL___A9053D22F9D60783DE11D486830F8A5B0CCA1E70.udd" 2317
"C:/Users/rthru/AppData/Local/UnrealEngine/Common/DerivedDataCache/6/2/6/TEXTURE_564290F8998644E39A2118D5C683187B_BC5_FC9560454E97FE7EF962AA99B6CCE775___7DFC3C8973F6A276641B82DECB15CAF3241E3D08.udd" 2318
"C:/Users/rthru/AppData/Local/UnrealEngine/Common/DerivedDataCache/2/5/7/TEXTURE_564290F8998644E39A2118D5C683187B_AUTODXT_C9ABC4B042AEEA6B7F386782F83A4__BA689F99AC982827A429C90F4078F46694655A80.udd" 2319
"C:/Users/rthru/AppData/Local/UnrealEngine/Common/DerivedDataCache/8/4/1/TEXTURE_564290F8998644E39A2118D5C683187B_BC5_FC9560454E97FE7EF962AA99B6CCE775___5C8A901FC1D2A164641A6738A72B4A5657EB2DA4.udd" 2320
"C:/Users/rthru/AppData/Local/UnrealEngine/Common/DerivedDataCache/9/1/1/TEXTURE_564290F8998644E39A2118D5C683187B_AUTODXT_B29A7AC849445ECBD59BD991DD73C__5DDBAB37D9F9EDC2ACC9AADED3EC0D965232C055.udd" 2321
"C:/Users/rthru/AppData/Local/UnrealEngine/Common/DerivedDataCache/9/2/0/TEXTURE_564290F8998644E39A2118D5C683187B_AUTODXT_A865375543CFB605CD14569FE1ED3__96936F7A156790D1DF0505E1D40DB35D364B97C5.udd" 2322
"C:/Users/rthru/AppData/Local/UnrealEngine/Common/DerivedDataCache/5/6/6/TEXTURE_564290F8998644E39A2118D5C683187B_AUTODXT_C9ABC4B042AEEA6B7F386782F83A4__FD230CD545146314F495D6EB9AA75435657354E6.udd" 2323
"C:/Users/rthru/AppData/Local/UnrealEngine/Common/DerivedDataCache/1/6/1/TEXTURE_564290F8998644E39A2118D5C683187B_BC5_FC9560454E97FE7EF962AA99B6CCE775___745BBC4A6562C8ED9AF795C458588DAB12056A1B.udd" 2324
"C:/Users/rthru/AppData/Local/UnrealEngine/Common/DerivedDataCache/8/6/8/MATSM_8915F134E11A46E2ACFF4214A7775BDD_PCD3D_SM5_8__BC5N_NOCCBN_NOIRIS_DEV_SL___83B93504D26095630C1E4D72C6D89EB232697C8F.udd" 2325
"C:/Users/rthru/AppData/Local/UnrealEngine/Common/DerivedDataCache/4/6/4/TEXTURE_564290F8998644E39A2118D5C683187B_AUTODXT_C9ABC4B042AEEA6B7F386782F83A4__AEB7C14A9F3B943F51FB3B674C54083E15435C4F.udd" 2326
"C:/Users/rthru/AppData/Local/UnrealEngine/Common/DerivedDataCache/5/9/3/TEXTURE_564290F8998644E39A2118D5C683187B_AUTODXT_C9ABC4B042AEEA6B7F386782F83A4__3DF481A0EB0F6C6C5CAFF22EC3F8FD4C0D797D3B.udd" 2327
"C:/Users/rthru/AppData/Local/UnrealEngine/Common/DerivedDataCache/7/0/6/TEXTURE_564290F8998644E39A2118D5C683187B_AUTODXT_733690A440D531D30552AB90B7957__983A0FAA476912216AF973766611F40BF190CACB.udd" 2328
"C:/Users/rthru/AppData/Local/UnrealEngine/Common/DerivedDataCache/4/7/3/TEXTURE_564290F8998644E39A2118D5C683187B_BC5_D78541A94765A574CEE39FB79F1B0DF2___22251EBFD3B38220AAB2B8800D914CE5D967F4C0.udd" 2329
"C:/Users/rthru/AppData/Local/UnrealEngine/Common/DerivedDataCache/2/8/7/TEXTURE_564290F8998644E39A2118D5C683187B_AUTODXT_B29A7AC849445ECBD59BD991DD73C__CC177D583845532C907AB379936CFEFC24B2CB9D.udd" 2330
"C:/Users/rthru/AppData/Local/UnrealEngine/Common/DerivedDataCache/5/2/1/TEXTURE_564290F8998644E39A2118D5C683187B_AUTODXT_A865375543CFB605CD14569FE1ED3__241DFE057E795DDB555C1C48C9A2DE677F0EA8D6.udd" 2331
"C:/Users/rthru/AppData/Local/UnrealEngine/Common/DerivedDataCache/2/2/1/TEXTURE_564290F8998644E39A2118D5C683187B_AUTODXT_B29A7AC849445ECBD59BD991DD73C__0FA40B437A10254E693A099429D36A54D283A944.udd" 2332
"C:/Users/rthru/AppData/Local/UnrealEngine/Common/DerivedDataCache/2/8/7/TEXTURE_564290F8998644E39A2118D5C683187B_AUTODXT_B29A7AC849445ECBD59BD991DD73C__3A1F773792AF4F0DD495538A4CC80B92F67A3049.udd" 2333
"C:/Users/rthru/AppData/Local/UnrealEngine/Common/DerivedDataCache/3/9/9/TEXTURE_564290F8998644E39A2118D5C683187B_AUTODXT_B29A7AC849445ECBD59BD991DD73C__354BF020BA424FEF28DF4B0A661C905559FF39CF.udd" 2334
"C:/Users/rthru/AppData/Local/UnrealEngine/Common/DerivedDataCache/1/9/2/TEXTURE_564290F8998644E39A2118D5C683187B_AUTODXT_B29A7AC849445ECBD59BD991DD73C__0BE3E69759182C57C7CCBADE3B221C36513CFBC4.udd" 2335
"C:/Users/rthru/AppData/Local/UnrealEngine/Common/DerivedDataCache/8/5/0/TEXTURE_564290F8998644E39A2118D5C683187B_BC5_67FA10FC47D0F0F982C4E6BE5D1C8751___2BFBFCE13A987857DC71DBE939E5E98607B3554E.udd" 2336
"C:/Users/rthru/AppData/Local/UnrealEngine/Common/DerivedDataCache/5/8/5/TEXTURE_564290F8998644E39A2118D5C683187B_AUTODXT_C9ABC4B042AEEA6B7F386782F83A4__2FC80A0A0DEC076DCEDF947F071611D98644D7C8.udd" 2337
"C:/Users/rthru/AppData/Local/UnrealEngine/Common/DerivedDataCache/9/6/9/TEXTURE_564290F8998644E39A2118D5C683187B_AUTODXT_A865375543CFB605CD14569FE1ED3__3D9DF0C3903321950BE2BACB907BF115D786C583.udd" 2338
"C:/Users/rthru/AppData/Local/UnrealEngine/Common/DerivedDataCache/5/8/7/TEXTURE_564290F8998644E39A2118D5C683187B_AUTODXT_A865375543CFB605CD14569FE1ED3__D2D87BF03AE01E0CF65BD230ED4959DE2360A250.udd" 2339
"C:/Users/rthru/AppData/Local/UnrealEngine/Common/DerivedDataCache/5/5/5/MATSM_8915F134E11A46E2ACFF4214A7775BDD_PCD3D_SM5_8__BC5N_NOCCBN_NOIRIS_DEV_SL___BD6FD8041CFAAA1F2DDDA7AA3CF290B6C1A144A9.udd" 2340
"C:/Users/rthru/AppData/Local/UnrealEngine/Common/DerivedDataCache/0/8/8/TEXTURE_564290F8998644E39A2118D5C683187B_BC5_D78541A94765A574CEE39FB79F1B0DF2___9A9DBC015B9BB9923371EAA82AFE531CACE6AF67.udd" 2341
"C:/Users/rthru/AppData/Local/UnrealEngine/Common/DerivedDataCache/4/9/6/TEXTURE_564290F8998644E39A2118D5C683187B_AUTODXT_F8A172B4413B2B07C6A896AAEE2D2__B572ECF92CF2B42F6F76A99957149BA070B4F08E.udd" 2342
"C:/Users/rthru/AppData/Local/UnrealEngine/Common/DerivedDataCache/9/1/0/TEXTURE_564290F8998644E39A2118D5C683187B_AUTODXT_A865375543CFB605CD14569FE1ED3__ECCA86823F92197D488F3081EC7BA3DE5EDB8A12.udd" 2343
"C:/Users/rthru/AppData/Local/UnrealEngine/Common/DerivedDataCache/9/1/6/TEXTURE_564290F8998644E39A2118D5C683187B_AUTODXT_6C3C39D843C1AF7D33B180AAE4ADE__D170B02AAE58C628814A3E57F5F2DE06C6E416F9.udd" 2344
"C:/Users/rthru/AppData/Local/UnrealEngine/Common/DerivedDataCache/5/0/5/TEXTURE_564290F8998644E39A2118D5C683187B_AUTODXT_6C3C39D843C1AF7D33B180AAE4ADE__AF706C5636E20CD0FBD05EBB872EC132E82DE1F9.udd" 2345
"C:/Users/rthru/AppData/Local/UnrealEngine/Common/DerivedDataCache/1/8/8/TEXTURE_564290F8998644E39A2118D5C683187B_AUTODXT_6C3C39D843C1AF7D33B180AAE4ADE__DB3F1C097A107E54C0E69451AF37412C5FEB72E3.udd" 2346
"C:/Users/rthru/AppData/Local/UnrealEngine/Common/DerivedDataCache/5/9/4/TEXTURE_564290F8998644E39A2118D5C683187B_AUTODXT_6C3C39D843C1AF7D33B180AAE4ADE__02DC6891FA824A1DCF073C74BC017F2DDC4D543C.udd" 2347
"C:/Users/rthru/AppData/Local/UnrealEngine/Common/DerivedDataCache/0/0/8/TEXTURE_564290F8998644E39A2118D5C683187B_AUTODXT_6C3C39D843C1AF7D33B180AAE4ADE__01DB918A8A3F479AFAC210266C362683C012A82F.udd" 2348
"C:/Users/rthru/AppData/Local/UnrealEngine/Common/DerivedDataCache/6/8/8/TEXTURE_564290F8998644E39A2118D5C683187B_BC5_FC9560454E97FE7EF962AA99B6CCE775___2A16C0F2097D410528B0B6982D2E7024BE44CCEF.udd" 2349
"C:/Users/rthru/AppData/Local/UnrealEngine/Common/DerivedDataCache/5/0/9/TEXTURE_564290F8998644E39A2118D5C683187B_AUTODXT_6C3C39D843C1AF7D33B180AAE4ADE__21AEEFC567862C6C47CABACEADE43FDC5BD7785E.udd" 2350
"C:/Users/rthru/AppData/Local/UnrealEngine/Common/DerivedDataCache/4/5/2/TEXTURE_564290F8998644E39A2118D5C683187B_BC5_26766D5F470F4F64F86C9FB1DCDB5594___7BABBB3333C0516C140409D8B74E7CBDBFCE7412.udd" 2351
"C:/Users/rthru/AppData/Local/UnrealEngine/Common/DerivedDataCache/0/4/5/TEXTURE_564290F8998644E39A2118D5C683187B_BC5_26766D5F470F4F64F86C9FB1DCDB5594___34C61E10756D918AD46B21EE95DE6E9340D285FC.udd" 2352
"C:/Users/rthru/AppData/Local/UnrealEngine/Common/DerivedDataCache/8/4/4/TEXTURE_564290F8998644E39A2118D5C683187B_AUTODXT_5A012DE341D8EDBD7467DAAC27350__8D82ABA6BFE7845F9A07C5839379DE782DCF83C6.udd" 2353
"C:/Users/rthru/AppData/Local/UnrealEngine/Common/DerivedDataCache/0/3/2/TEXTURE_564290F8998644E39A2118D5C683187B_AUTODXT_5A012DE341D8EDBD7467DAAC27350__D20BF7A8082120FB141138396FB70DD56094A25D.udd" 2354
"C:/Users/rthru/AppData/Local/UnrealEngine/Common/DerivedDataCache/7/4/6/MATSM_8915F134E11A46E2ACFF4214A7775BDD_PCD3D_SM5_8__BC5N_NOCCBN_NOIRIS_DEV_SL___8AEBB5FFBC3ADA2AE59563EC34978D2D1CC5B565.udd" 2355
"C:/Users/rthru/AppData/Local/UnrealEngine/Common/DerivedDataCache/1/7/0/TEXTURE_564290F8998644E39A2118D5C683187B_AUTODXT_5A012DE341D8EDBD7467DAAC27350__F80BD6849B7B694486152815AE1E242C11456177.udd" 2356
"C:/Users/rthru/AppData/Local/UnrealEngine/Common/DerivedDataCache/5/0/1/TEXTURE_564290F8998644E39A2118D5C683187B_AUTODXT_5A012DE341D8EDBD7467DAAC27350__DB1A37DD199E9C4ABDC4D2573CB5ABF00CEDE029.udd" 2357
"C:/Users/rthru/AppData/Local/UnrealEngine/Common/DerivedDataCache/9/2/1/TEXTURE_564290F8998644E39A2118D5C683187B_AUTODXT_733690A440D531D30552AB90B7957__C9087FB866AD115F2313A2B57F014BFF18124F50.udd" 2358
"C:/Users/rthru/AppData/Local/UnrealEngine/Common/DerivedDataCache/4/5/8/TEXTURE_564290F8998644E39A2118D5C683187B_BC5_26766D5F470F4F64F86C9FB1DCDB5594___CE19D9384665825B56C4E0AEC96950F923C7FD38.udd" 2359
"C:/Users/rthru/AppData/Local/UnrealEngine/Common/DerivedDataCache/4/8/8/TEXTURE_564290F8998644E39A2118D5C683187B_AUTODXT_5A012DE341D8EDBD7467DAAC27350__A7F25EB877DC3E8A84D3DEEBB3F97833BB5FE56F.udd" 2360
"C:/Users/rthru/AppData/Local/UnrealEngine/Common/DerivedDataCache/9/0/8/TEXTURE_564290F8998644E39A2118D5C683187B_AUTODXT_5A012DE341D8EDBD7467DAAC27350__0EBFF1EA478535A0D613C12ECC83E6352D46C4B8.udd" 2361
"C:/Users/rthru/AppData/Local/UnrealEngine/Common/DerivedDataCache/1/0/4/TEXTURE_564290F8998644E39A2118D5C683187B_AUTODXT_DAC5F5B2438217BE54CBE8AD12AC9__359F5D4A43B6B0C9C2009117429EFBAE78B6F842.udd" 2362
"C:/Users/rthru/AppData/Local/UnrealEngine/Common/DerivedDataCache/2/9/6/TEXTURE_564290F8998644E39A2118D5C683187B_AUTODXT_DAC5F5B2438217BE54CBE8AD12AC9__1F03903686237472E7581467D5427527F8C571CB.udd" 2363
"C:/Users/rthru/AppData/Local/UnrealEngine/Common/DerivedDataCache/2/7/5/TEXTURE_564290F8998644E39A2118D5C683187B_BC5_26766D5F470F4F64F86C9FB1DCDB5594___1EF7F3D9A1E446F26DA63C30AE2192160272B978.udd" 2364
"C:/Users/rthru/AppData/Local/UnrealEngine/Common/DerivedDataCache/4/2/2/TEXTURE_564290F8998644E39A2118D5C683187B_BC5_26766D5F470F4F64F86C9FB1DCDB5594___C4BB5001D9659F0138BC9F587A80465FDB4D1683.udd" 2365
"C:/Users/rthru/AppData/Local/UnrealEngine/Common/DerivedDataCache/5/1/4/TEXTURE_564290F8998644E39A2118D5C683187B_BC5_26766D5F470F4F64F86C9FB1DCDB5594___5BB22D5F0B9BFB5D4C5DC507BEDC7A0C8BF7800B.udd" 2366
"C:/Users/rthru/AppData/Local/UnrealEngine/Common/DerivedDataCache/4/6/9/TEXTURE_564290F8998644E39A2118D5C683187B_BC5_2AD40D83469331CD9A18099F46BF75E9___A6315AA9E236F70C985477F5D2276224A85D8BD9.udd" 2367
"C:/Users/rthru/AppData/Local/UnrealEngine/Common/DerivedDataCache/1/5/9/TEXTURE_564290F8998644E39A2118D5C683187B_BC5_2AD40D83469331CD9A18099F46BF75E9___2B5F6B1256D8BE1BC795D402A3B1BC44D62043B6.udd" 2368
"C:/Users/rthru/AppData/Local/UnrealEngine/Common/DerivedDataCache/7/5/0/TEXTURE_564290F8998644E39A2118D5C683187B_AUTODXT_DAC5F5B2438217BE54CBE8AD12AC9__704B86A65038667EFF0ECBDE221DC4DD16563B2C.udd" 2369
"C:/Users/rthru/AppData/Local/UnrealEngine/Common/DerivedDataCache/9/9/4/TEXTURE_564290F8998644E39A2118D5C683187B_BC5_67FA10FC47D0F0F982C4E6BE5D1C8751___E1E7AAC50796699AD427AF1C2B893F4DD2AA299D.udd" 2370
"C:/Users/rthru/AppData/Local/UnrealEngine/Common/DerivedDataCache/1/6/5/TEXTURE_564290F8998644E39A2118D5C683187B_AUTODXT_DAC5F5B2438217BE54CBE8AD12AC9__BDD4859E87FFF50AC91F1849F51CDE7768400392.udd" 2371
"C:/Users/rthru/AppData/Local/UnrealEngine/Common/DerivedDataCache/1/6/2/TEXTURE_564290F8998644E39A2118D5C683187B_AUTODXT_DAC5F5B2438217BE54CBE8AD12AC9__D4039C6FC5C72626D2941E1FD9857EC98B8BDACC.udd" 2372
"C:/Users/rthru/AppData/Local/UnrealEngine/Common/DerivedDataCache/8/7/3/TEXTURE_564290F8998644E39A2118D5C683187B_AUTODXT_DAC5F5B2438217BE54CBE8AD12AC9__A272FA90A34FEF189A2720D8E0FA19B944AFA4EB.udd" 2373
"C:/Users/rthru/AppData/Local/UnrealEngine/Common/DerivedDataCache/4/0/0/TEXTURE_564290F8998644E39A2118D5C683187B_AUTODXT_6772B23042180A0290D3D986992F1__C2463D879CD5B9D09CBFD0B2F724C38F14083BE9.udd" 2374
"C:/Users/rthru/AppData/Local/UnrealEngine/Common/DerivedDataCache/1/3/1/TEXTURE_564290F8998644E39A2118D5C683187B_AUTODXT_6772B23042180A0290D3D986992F1__FBA47DBD50A4587089C76AB5A82C6F39CEFC5E4E.udd" 2375
"C:/Users/rthru/AppData/Local/UnrealEngine/Common/DerivedDataCache/6/8/1/TEXTURE_564290F8998644E39A2118D5C683187B_AUTODXT_F8A172B4413B2B07C6A896AAEE2D2__5A711F4C280F3518261C746EF04B5720346F4D28.udd" 2376
"C:/Users/rthru/AppData/Local/UnrealEngine/Common/DerivedDataCache/8/3/2/TEXTURE_564290F8998644E39A2118D5C683187B_AUTODXT_6772B23042180A0290D3D986992F1__60A46B937589F19FD5ECE429EC86FDFD88286C21.udd" 2377
"C:/Users/rthru/AppData/Local/UnrealEngine/Common/DerivedDataCache/1/2/5/TEXTURE_564290F8998644E39A2118D5C683187B_BC5_2AD40D83469331CD9A18099F46BF75E9___0372BD2247D7B8C97E778EE12749D32D034408D9.udd" 2378
"C:/Users/rthru/AppData/Local/UnrealEngine/Common/DerivedDataCache/4/9/1/TEXTURE_564290F8998644E39A2118D5C683187B_AUTODXT_733690A440D531D30552AB90B7957__1011417DB15BE5E6CEA88EDFE46FB2BC5356881F.udd" 2379
"C:/Users/rthru/AppData/Local/UnrealEngine/Common/DerivedDataCache/1/7/1/TEXTURE_564290F8998644E39A2118D5C683187B_AUTODXT_6772B23042180A0290D3D986992F1__A0CF045DE76234FD4AE85F714B78656121BAAA38.udd" 2380
"C:/Users/rthru/AppData/Local/UnrealEngine/Common/DerivedDataCache/2/1/9/TEXTURE_564290F8998644E39A2118D5C683187B_AUTODXT_6772B23042180A0290D3D986992F1__06B4ABCAA45E0F885A6B8A70AB29FCB170BD18C0.udd" 2381
"C:/Users/rthru/AppData/Local/UnrealEngine/Common/DerivedDataCache/6/9/4/TEXTURE_564290F8998644E39A2118D5C683187B_AUTODXT_6772B23042180A0290D3D986992F1__A27D49E15FEEBF07B6C3A6ABFAEB5FC10F9B1BFB.udd" 2382
"C:/Users/rthru/AppData/Local/UnrealEngine/Common/DerivedDataCache/1/4/7/TEXTURE_564290F8998644E39A2118D5C683187B_BC5_2AD40D83469331CD9A18099F46BF75E9___0CD25D295093FD8A4DF294351ADECE8D5EEDFB42.udd" 2383
"C:/Users/rthru/AppData/Local/UnrealEngine/Common/DerivedDataCache/9/3/2/TEXTURE_564290F8998644E39A2118D5C683187B_AUTODXT_8FDFFF6749F8BD64DBEA6E8C69EEF__09C5F0D0738EE4129787A514CD80D1F6CC8AA803.udd" 2384
"C:/Users/rthru/AppData/Local/UnrealEngine/Common/DerivedDataCache/1/0/8/TEXTURE_564290F8998644E39A2118D5C683187B_BC5_2AD40D83469331CD9A18099F46BF75E9___D01CC794F477CE9F3FCC9B72697A513EBC76B886.udd" 2385
"C:/Users/rthru/AppData/Local/UnrealEngine/Common/DerivedDataCache/6/6/0/TEXTURE_564290F8998644E39A2118D5C683187B_AUTODXT_8FDFFF6749F8BD64DBEA6E8C69EEF__1B06607D7029A4E91E64DCF140503A49FFDDEB31.udd" 2386
"C:/Users/rthru/AppData/Local/UnrealEngine/Common/DerivedDataCache/8/9/6/TEXTURE_564290F8998644E39A2118D5C683187B_BC5_2AD40D83469331CD9A18099F46BF75E9___AC32CFFC8C4E7979F045335E44636ECB103FB0C3.udd" 2387
"C:/Users/rthru/AppData/Local/UnrealEngine/Common/DerivedDataCache/3/8/9/TEXTURE_564290F8998644E39A2118D5C683187B_BC5_B89F2FA742B2AC968AEEEAA98F61E8E5___EC4A409FE181A378E1B3F678B0158BAFC2E99C76.udd" 2388
"C:/Users/rthru/AppData/Local/UnrealEngine/Common/DerivedDataCache/3/1/6/TEXTURE_564290F8998644E39A2118D5C683187B_BC5_B89F2FA742B2AC968AEEEAA98F61E8E5___7308C9386FA945D994847D72C7BE02DD613F7874.udd" 2389
"C:/Users/rthru/AppData/Local/UnrealEngine/Common/DerivedDataCache/3/5/2/TEXTURE_564290F8998644E39A2118D5C683187B_AUTODXT_8FDFFF6749F8BD64DBEA6E8C69EEF__24147DE1A9E958BC6228AF95FB10BD92E914C3F5.udd" 2390
"C:/Users/rthru/AppData/Local/UnrealEngine/Common/DerivedDataCache/8/8/2/TEXTURE_564290F8998644E39A2118D5C683187B_AUTODXT_8FDFFF6749F8BD64DBEA6E8C69EEF__9AB720A164F44660E24ADFC926A8EE7AD0561B6A.udd" 2391
"C:/Users/rthru/AppData/Local/UnrealEngine/Common/DerivedDataCache/3/4/8/TEXTURE_564290F8998644E39A2118D5C683187B_AUTODXT_8FDFFF6749F8BD64DBEA6E8C69EEF__90BFE73D74251D4CCD860F6E6D965CA385EC9C90.udd" 2392
"C:/Users/rthru/AppData/Local/UnrealEngine/Common/DerivedDataCache/1/4/1/TEXTURE_564290F8998644E39A2118D5C683187B_AUTODXT_8FDFFF6749F8BD64DBEA6E8C69EEF__B72534A3B35CE01737B3DC51745167D4C62A7100.udd" 2393
"C:/Users/rthru/AppData/Local/UnrealEngine/Common/DerivedDataCache/6/4/9/TEXTURE_564290F8998644E39A2118D5C683187B_AUTODXT_5EFAEF674D3D3F559253E1AC3A160__EFEE9F132644CDFC19C6902556C0A906980C973E.udd" 2394
"C:/Users/rthru/AppData/Local/UnrealEngine/Common/DerivedDataCache/5/5/2/TEXTURE_564290F8998644E39A2118D5C683187B_AUTODXT_5EFAEF674D3D3F559253E1AC3A160__8A9CDF2D15DE2D434E9F9743E95960D881271611.udd" 2395
"C:/Users/rthru/AppData/Local/UnrealEngine/Common/DerivedDataCache/1/5/6/MATSM_8915F134E11A46E2ACFF4214A7775BDD_PCD3D_SM5_8__BC5N_NOCCBN_NOIRIS_DEV_SL___89C04DAC3A12E02C1BC9D5C021A25D4AB2765BC8.udd" 2396
"C:/Users/rthru/AppData/Local/UnrealEngine/Common/DerivedDataCache/2/9/7/TEXTURE_564290F8998644E39A2118D5C683187B_AUTODXT_F8A172B4413B2B07C6A896AAEE2D2__884622AAE53232B260281D260BB0A10EB311F57F.udd" 2397
"C:/Users/rthru/AppData/Local/UnrealEngine/Common/DerivedDataCache/2/2/9/TEXTURE_564290F8998644E39A2118D5C683187B_AUTODXT_F8A172B4413B2B07C6A896AAEE2D2__141DA747134CB60DC6FE7D3B9FBC6C3989FF5C0E.udd" 2398
"C:/Users/rthru/AppData/Local/UnrealEngine/Common/DerivedDataCache/1/2/9/TEXTURE_564290F8998644E39A2118D5C683187B_AUTODXT_F8A172B4413B2B07C6A896AAEE2D2__883B503653CF724F954E9A98FFDD1EB3ED90E816.udd" 2399
"C:/Users/rthru/AppData/Local/UnrealEngine/Common/DerivedDataCache/1/8/7/TEXTURE_564290F8998644E39A2118D5C683187B_AUTODXT_F8A172B4413B2B07C6A896AAEE2D2__2C5B0EF3C819D49213C6D76DDE468F810E7606C8.udd" 2400
"C:/Users/rthru/AppData/Local/UnrealEngine/Common/DerivedDataCache/6/3/1/TEXTURE_564290F8998644E39A2118D5C683187B_BC5_67FA10FC47D0F0F982C4E6BE5D1C8751___F82A0F53EC343B0C4A4343A1FE0355D1544E1CD7.udd" 2401
"C:/Users/rthru/AppData/Local/UnrealEngine/Common/DerivedDataCache/8/0/3/TEXTURE_564290F8998644E39A2118D5C683187B_BC5_B89F2FA742B2AC968AEEEAA98F61E8E5___0F93E5E85B49141ED5A4B116156B27344CACCEF9.udd" 2402
"C:/Users/rthru/AppData/Local/UnrealEngine/Common/DerivedDataCache/4/7/4/TEXTURE_564290F8998644E39A2118D5C683187B_AUTODXT_5EFAEF674D3D3F559253E1AC3A160__E70FE2E0C775129E46C53A0C1B46B2053976D544.udd" 2403
"C:/Users/rthru/AppData/Local/UnrealEngine/Common/DerivedDataCache/6/1/2/TEXTURE_564290F8998644E39A2118D5C683187B_BC5_67FA10FC47D0F0F982C4E6BE5D1C8751___ADC485C4C13E58EF60680E1C75912D7CB8FBC13D.udd" 2404
"C:/Users/rthru/AppData/Local/UnrealEngine/Common/DerivedDataCache/3/5/4/TEXTURE_564290F8998644E39A2118D5C683187B_BC5_B89F2FA742B2AC968AEEEAA98F61E8E5___B5D877FDEA8E1E01BB5EB93DBDAD3ED9837F441A.udd" 2405
"C:/Users/rthru/AppData/Local/UnrealEngine/Common/DerivedDataCache/4/9/3/TEXTURE_564290F8998644E39A2118D5C683187B_AUTODXT_5EFAEF674D3D3F559253E1AC3A160__EDE614D07EF5791E19D53232C12F416A8C6446ED.udd" 2406
"C:/Users/rthru/AppData/Local/UnrealEngine/Common/DerivedDataCache/4/8/3/TEXTURE_564290F8998644E39A2118D5C683187B_BC5_67FA10FC47D0F0F982C4E6BE5D1C8751___8A64D49F31D7427344438E9D5BB75D3B0D48A1CD.udd" 2407
"C:/Users/rthru/AppData/Local/UnrealEngine/Common/DerivedDataCache/0/1/0/TEXTURE_564290F8998644E39A2118D5C683187B_BC5_B89F2FA742B2AC968AEEEAA98F61E8E5___112882E3896AB4173BFF781A3D13E17B2433F9CC.udd" 2408
"C:/Users/rthru/AppData/Local/UnrealEngine/Common/DerivedDataCache/8/0/7/TEXTURE_564290F8998644E39A2118D5C683187B_BC5_67FA10FC47D0F0F982C4E6BE5D1C8751___5A00B45C412A2B9F43ACF4B978F8F103D8EBA6AE.udd" 2409
"C:/Users/rthru/AppData/Local/UnrealEngine/Common/DerivedDataCache/9/1/7/TEXTURE_564290F8998644E39A2118D5C683187B_AUTODXT_5EFAEF674D3D3F559253E1AC3A160__A589A3645AA9FAC2076896DEAE1A44CD85E9AE4E.udd" 2410
"C:/Users/rthru/AppData/Local/UnrealEngine/Common/DerivedDataCache/8/7/7/TEXTURE_564290F8998644E39A2118D5C683187B_BC5_B89F2FA742B2AC968AEEEAA98F61E8E5___823B17B10FC01BD9FC09BD2EC03CECF5CDCDEDD5.udd" 2411
"C:/Users/rthru/AppData/Local/UnrealEngine/Common/DerivedDataCache/4/7/7/TEXTURE_564290F8998644E39A2118D5C683187B_AUTODXT_5EFAEF674D3D3F559253E1AC3A160__35520897BD72B8F93669B5BF08882FB9F755BBD4.udd" 2412
"C:/Users/rthru/AppData/Local/UnrealEngine/Common/DerivedDataCache/8/9/4/TEXTURE_564290F8998644E39A2118D5C683187B_BC5_D78541A94765A574CEE39FB79F1B0DF2___A49A2FBB1D21B3414C1CBB7AE3CA1BF9F427ABFF.udd" 2413
"C:/Users/rthru/AppData/Local/UnrealEngine/Common/DerivedDataCache/2/9/4/TEXTURE_564290F8998644E39A2118D5C683187B_BC5_D78541A94765A574CEE39FB79F1B0DF2___6D6756D69BDA585579375CC642CC69093D78D274.udd" 2414
"C:/Users/rthru/AppData/Local/UnrealEngine/Common/DerivedDataCache/4/6/0/TEXTURE_564290F8998644E39A2118D5C683187B_AUTODXT_733690A440D531D30552AB90B7957__8C44ADA0BAFE05F460FDBA726013CCD3BA353AE2.udd" 2415
"C:/Users/rthru/AppData/Local/UnrealEngine/Common/DerivedDataCache/2/3/5/TEXTURE_564290F8998644E39A2118D5C683187B_AUTODXT_733690A440D531D30552AB90B7957__37C5266CAE48F14501653BDE3BA58A7093411FD5.udd" 2416
"C:/Users/rthru/AppData/Local/UnrealEngine/Common/DerivedDataCache/5/2/4/TEXTURE_564290F8998644E39A2118D5C683187B_BC5_D78541A94765A574CEE39FB79F1B0DF2___726CDD13341306DB6C8E95D9B3CF58694B75643F.udd" 2417
"C:/Users/rthru/AppData/Local/UnrealEngine/Common/DerivedDataCache/7/3/0/MATSM_8915F134E11A46E2ACFF4214A7775BDD_PCD3D_SM5_8__BC5N_NOCCBN_NOIRIS_DEV_SL___1CA1E1E364752246D60183DB520CFD726B8BBBB9.udd" 2418
"C:/Users/rthru/AppData/Local/UnrealEngine/Common/DerivedDataCache/5/0/9/MATSM_8915F134E11A46E2ACFF4214A7775BDD_PCD3D_SM5_8__BC5N_NOCCBN_NOIRIS_DEV_SL___C35D8FDC7E2ABF3D91AEE3F9F9B88F633EB9BE04.udd" 2419
"C:/Users/rthru/AppData/Local/UnrealEngine/Common/DerivedDataCache/0/0/7/TEXTURE_564290F8998644E39A2118D5C683187B_AUTODXT_D4CFA68C481D478CB825C682920DD__768914D8263354850438C385DD34F22E6037E8F0.udd" 2420
"C:/Users/rthru/AppData/Local/UnrealEngine/Common/DerivedDataCache/8/4/1/TEXTURE_564290F8998644E39A2118D5C683187B_AUTODXT_7625015F42C0B5634CB4CF9517BE8__3902C9A66313BAE9216A9F8DA23A75F312535C97.udd" 2421
"C:/Users/rthru/AppData/Local/UnrealEngine/Common/DerivedDataCache/8/5/5/TEXTURE_564290F8998644E39A2118D5C683187B_AUTODXT_D4CFA68C481D478CB825C682920DD__4365202E24708D8016A32B97D76E067EE036C22F.udd" 2422
"C:/Users/rthru/AppData/Local/UnrealEngine/Common/DerivedDataCache/6/1/5/TEXTURE_564290F8998644E39A2118D5C683187B_DXT1_331150404B2D8EA55E9DD895AAAF5A7B__C24332AC5E88DF7C0352C735FAFD2E41A4F5BF84.udd" 2423
"C:/Users/rthru/AppData/Local/UnrealEngine/Common/DerivedDataCache/8/3/1/TEXTURE_564290F8998644E39A2118D5C683187B_DXT1_F048EA3148D49BB09DDE32B1D16C3203__07BE2556E30EF022F73560867A58E6AFF7AFA30C.udd" 2424
"C:/Users/rthru/AppData/Local/UnrealEngine/Common/DerivedDataCache/7/6/7/TEXTURE_564290F8998644E39A2118D5C683187B_G8_DA33FCAD48DE7D7AA46DAFA81A343EC7_0__242151E19A681979C2B286C7D7A4DE095C7AC2EA.udd" 2425
"C:/Users/rthru/AppData/Local/UnrealEngine/Common/DerivedDataCache/0/6/0/TEXTURE_564290F8998644E39A2118D5C683187B_G8_1DCE72B0408B5767417C2790B065AEBC_0__2E43171D7DB4E3ADF652CE5BA48F93B4A03FEEC5.udd" 2426
"C:/Users/rthru/AppData/Local/UnrealEngine/Common/DerivedDataCache/8/5/0/TEXTURE_564290F8998644E39A2118D5C683187B_G8_DA33FCAD48DE7D7AA46DAFA81A343EC7_0__6BF3A0528DC002F67004D2D149BD912FF80DCCB0.udd" 2427
"C:/Users/rthru/AppData/Local/UnrealEngine/Common/DerivedDataCache/8/8/1/TEXTURE_564290F8998644E39A2118D5C683187B_AUTODXT_D4CFA68C481D478CB825C682920DD__73D5BC66BB2AB00573F428B5B001647CA3EE5118.udd" 2428
"C:/Users/rthru/AppData/Local/UnrealEngine/Common/DerivedDataCache/9/4/9/TEXTURE_564290F8998644E39A2118D5C683187B_G8_DA33FCAD48DE7D7AA46DAFA81A343EC7_0__9F5AE1FD00C7BFE089B380CC322BAF3D92D326EC.udd" 2429
"C:/Users/rthru/AppData/Local/UnrealEngine/Common/DerivedDataCache/8/0/3/TEXTURE_564290F8998644E39A2118D5C683187B_G8_DA33FCAD48DE7D7AA46DAFA81A343EC7_0__D11C9505BA076DD205090E7596CE838DECC6A24F.udd" 2430
"C:/Users/rthru/AppData/Local/UnrealEngine/Common/DerivedDataCache/4/9/6/TEXTURE_564290F8998644E39A2118D5C683187B_G8_DA33FCAD48DE7D7AA46DAFA81A343EC7_0__2C16C0D60D67B5C63A2D5A4FA95AB888134F9344.udd" 2431
"C:/Users/rthru/AppData/Local/UnrealEngine/Common/DerivedDataCache/0/4/0/TEXTURE_564290F8998644E39A2118D5C683187B_AUTODXT_D4CFA68C481D478CB825C682920DD__2C31CBD7FD86B582141502CBCDCCF7C41E1F34EE.udd" 2432
"C:/Users/rthru/AppData/Local/UnrealEngine/Common/DerivedDataCache/1/5/8/TEXTURE_564290F8998644E39A2118D5C683187B_BGRA8_4152C98848B84A40CC5F68AE6032E46__38A124698059BA673E065BF535BF74C5663CC84C.udd" 2433
"C:/Users/rthru/AppData/Local/UnrealEngine/Common/DerivedDataCache/7/1/7/TEXTURE_564290F8998644E39A2118D5C683187B_BGRA8_FE27FA574241FB0B4D8F3C930623E5E__3113B236A597ADC455079B5D2035860B8F7124EF.udd" 2434
"C:/Users/rthru/AppData/Local/UnrealEngine/Common/DerivedDataCache/8/9/2/TEXTURE_564290F8998644E39A2118D5C683187B_BGRA8_24E9A1384F136E5F9FA1D9852E5E147__F23DDFF4CEF9CFAECE8D04229BC524127B8C8810.udd" 2435
"C:/Users/rthru/AppData/Local/UnrealEngine/Common/DerivedDataCache/4/9/5/TEXTURE_564290F8998644E39A2118D5C683187B_BGRA8_B6F6E9E0463E69AAEE43769BFE1E057__45AB2F921D180F0773BBF93745276F1038E0211B.udd" 2436
"C:/Users/rthru/AppData/Local/UnrealEngine/Common/DerivedDataCache/3/7/0/TEXTURE_564290F8998644E39A2118D5C683187B_BGRA8_4A8A3D6346023D4060AD4FBC0C9630C__AFFBBD18A06AADC35C9D2C0099B5BD217C88793C.udd" 2437
"C:/Users/rthru/AppData/Local/UnrealEngine/Common/DerivedDataCache/9/5/4/TEXTURE_564290F8998644E39A2118D5C683187B_DXT1_331150404B2D8EA55E9DD895AAAF5A7B__3078496200077F8019D127422C6206B3196E02E4.udd" 2438
"C:/Users/rthru/AppData/Local/UnrealEngine/Common/DerivedDataCache/4/4/2/TEXTURE_564290F8998644E39A2118D5C683187B_DXT1_331150404B2D8EA55E9DD895AAAF5A7B__D4B9E6AFAC71EF41D359D77C3A017FC9C33F6081.udd" 2439
"C:/Users/rthru/AppData/Local/UnrealEngine/Common/DerivedDataCache/5/9/8/TEXTURE_564290F8998644E39A2118D5C683187B_DXT1_331150404B2D8EA55E9DD895AAAF5A7B__591BCEB448D4F0EDA0FA698F47567E34747DCC73.udd" 2440
"../../../../../UNREAL ENGINE/LICENTA BUNA/Licenta/Content/CustomAssets/Materials/YellowLights.uasset" 2441
"../../../../../UNREAL ENGINE/LICENTA BUNA/Licenta/Content/CustomAssets/Meshes/GreenBridge_StaticMesh.uasset" 2442
"../../../../../UNREAL ENGINE/LICENTA BUNA/Licenta/Content/CustomAssets/Meshes/ModularBuildingKit12-FixedAll_Doorway_Tunnel.uasset" 2443
"../../../../../UNREAL ENGINE/LICENTA BUNA/Licenta/Content/CustomAssets/Materials/DoorTunnel.uasset" 2444
"../../../../../UNREAL ENGINE/LICENTA BUNA/Licenta/Content/CustomAssets/Textures/Meshes/ModularBuildingKit12_DoorTunnel_BaseColor.uasset" 2445
"../../../../../UNREAL ENGINE/LICENTA BUNA/Licenta/Content/CustomAssets/Textures/Meshes/ModularBuildingKit12_DoorTunnel_Normal.uasset" 2446
"../../../../../UNREAL ENGINE/LICENTA BUNA/Licenta/Content/CustomAssets/Textures/Meshes/ModularBuildingKit12_DoorTunnel_OcclusionRoughnessMetallic.uasset" 2447
"../../../../../UNREAL ENGINE/LICENTA BUNA/Licenta/Content/CustomAssets/Meshes/ModularBuildingKit12-FixedAll_Floor-Corner.uasset" 2448
"../../../../../UNREAL ENGINE/LICENTA BUNA/Licenta/Content/CustomAssets/Materials/FloorCorner.uasset" 2449
"../../../../../UNREAL ENGINE/LICENTA BUNA/Licenta/Content/CustomAssets/Textures/Meshes/ModularBuildingKit12_FloorCorner_BaseColor.uasset" 2450
"../../../../../UNREAL ENGINE/LICENTA BUNA/Licenta/Content/CustomAssets/Textures/Meshes/ModularBuildingKit12_FloorCorner_Normal.uasset" 2451
"../../../../../UNREAL ENGINE/LICENTA BUNA/Licenta/Content/CustomAssets/Textures/Meshes/ModularBuildingKit12_FloorCorner_OcclusionRoughnessMetallic.uasset" 2452
"../../../../../UNREAL ENGINE/LICENTA BUNA/Licenta/Content/CustomAssets/Meshes/ModularBuildingKit12-FixedAll_Floor-End.uasset" 2453
"../../../../../UNREAL ENGINE/LICENTA BUNA/Licenta/Content/CustomAssets/Materials/FloorEnd.uasset" 2454
"../../../../../UNREAL ENGINE/LICENTA BUNA/Licenta/Content/CustomAssets/Textures/Meshes/ModularBuildingKit12_FloorEnd_BaseColor.uasset" 2455
"../../../../../UNREAL ENGINE/LICENTA BUNA/Licenta/Content/CustomAssets/Textures/Meshes/ModularBuildingKit12_FloorEnd_Normal.uasset" 2456
"../../../../../UNREAL ENGINE/LICENTA BUNA/Licenta/Content/CustomAssets/Textures/Meshes/ModularBuildingKit12_FloorEnd_OcclusionRoughnessMetallic.uasset" 2457
"../../../../../UNREAL ENGINE/LICENTA BUNA/Licenta/Content/CustomAssets/Meshes/ModularBuildingKit12-FixedAll_Floor-TJunction.uasset" 2458
"../../../../../UNREAL ENGINE/LICENTA BUNA/Licenta/Content/CustomAssets/Materials/FloorT.uasset" 2459
"../../../../../UNREAL ENGINE/LICENTA BUNA/Licenta/Content/CustomAssets/Textures/Meshes/ModularBuildingKit12_FloorT_BaseColor.uasset" 2460
"../../../../../UNREAL ENGINE/LICENTA BUNA/Licenta/Content/CustomAssets/Textures/Meshes/ModularBuildingKit12_FloorT_Normal.uasset" 2461
"../../../../../UNREAL ENGINE/LICENTA BUNA/Licenta/Content/CustomAssets/Textures/Meshes/ModularBuildingKit12_FloorT_OcclusionRoughnessMetallic.uasset" 2462
"../../../../../UNREAL ENGINE/LICENTA BUNA/Licenta/Content/CustomAssets/Meshes/ModularBuildingKit12-FixedAll_Railing.uasset" 2463
"../../../../../UNREAL ENGINE/LICENTA BUNA/Licenta/Content/CustomAssets/Materials/Railing.uasset" 2464
"../../../../../UNREAL ENGINE/LICENTA BUNA/Licenta/Content/CustomAssets/Textures/Meshes/ModularBuildingKit12_Railing_BaseColor.uasset" 2465
"../../../../../UNREAL ENGINE/LICENTA BUNA/Licenta/Content/CustomAssets/Textures/Meshes/ModularBuildingKit12_Railing_Normal.uasset" 2466
"../../../../../UNREAL ENGINE/LICENTA BUNA/Licenta/Content/CustomAssets/Textures/Meshes/ModularBuildingKit12_Railing_OcclusionRoughnessMetallic.uasset" 2467
"../../../../../UNREAL ENGINE/LICENTA BUNA/Licenta/Content/CustomAssets/Meshes/ModularBuildingKit13_Doorway2.uasset" 2468
"../../../../../UNREAL ENGINE/LICENTA BUNA/Licenta/Content/CustomAssets/Materials/Door2.uasset" 2469
"../../../../../UNREAL ENGINE/LICENTA BUNA/Licenta/Content/CustomAssets/Textures/Meshes/ModularBuildingKit13_Door2_BaseColor.uasset" 2470
"../../../../../UNREAL ENGINE/LICENTA BUNA/Licenta/Content/CustomAssets/Textures/Meshes/ModularBuildingKit13_Door2_Normal.uasset" 2471
"../../../../../UNREAL ENGINE/LICENTA BUNA/Licenta/Content/CustomAssets/Textures/Meshes/ModularBuildingKit13_Door2_OcclusionRoughnessMetallic.uasset" 2472
"../../../../../UNREAL ENGINE/LICENTA BUNA/Licenta/Content/CustomAssets/Meshes/ModularBuildingKit13_Laser.uasset" 2473
"../../../../../UNREAL ENGINE/LICENTA BUNA/Licenta/Content/CustomAssets/Meshes/ModularBuildingKit13_WallTopFiller.uasset" 2474
"../../../../../UNREAL ENGINE/LICENTA BUNA/Licenta/Content/CustomAssets/Materials/WallTopFill.uasset" 2475
"../../../../../UNREAL ENGINE/LICENTA BUNA/Licenta/Content/CustomAssets/Textures/Meshes/ModularBuildingKit13_WallTopFiller_BaseColor.uasset" 2476
"../../../../../UNREAL ENGINE/LICENTA BUNA/Licenta/Content/CustomAssets/Textures/Meshes/ModularBuildingKit13_WallTopFiller_Normal.uasset" 2477
"../../../../../UNREAL ENGINE/LICENTA BUNA/Licenta/Content/CustomAssets/Textures/Meshes/ModularBuildingKit13_WallTopFiller_OcclusionRoughnessMetallic.uasset" 2478
"C:/Users/rthru/AppData/Local/UnrealEngine/Common/DerivedDataCache/9/5/4/PHYSX_A08609EF508D460CBB6710540B03AACF_PHYSXPC_1A7CB0B1483C0C726A1677AA6E9B0085__1_0_0_0_2_13315_0.udd" 2479
"C:/Users/rthru/AppData/Local/UnrealEngine/Common/DerivedDataCache/4/4/7/STATICMESH_A9B55814188440DA96CF4A9D318BC1C5_228332BAE0224DD294E232B87D83948FQU__DE47850748D8AA7B73A72C935BB7B19A24D424D2.udd" 2480
"C:/Users/rthru/AppData/Local/UnrealEngine/Common/DerivedDataCache/5/1/7/NAVCOLLISION_B89838347A4348138EE337A847529C5C_NAVCOLLISION_X_6C9B485246D580E9C__EF735C474A8008BEB225C88104F92379647C5D8D.udd" 2481
"C:/Users/rthru/AppData/Local/UnrealEngine/Common/DerivedDataCache/8/4/8/STATICMESH_A9B55814188440DA96CF4A9D318BC1C5_228332BAE0224DD294E232B87D83948FQU__FD8C786F310D001392F96EBE65A77EAE05C37BE3.udd" 2482
"C:/Users/rthru/AppData/Local/UnrealEngine/Common/DerivedDataCache/0/4/5/NAVCOLLISION_B89838347A4348138EE337A847529C5C_NAVCOLLISION_X_B62C7CE5483F29BF1__0C86DC7621EC81BE91C24ADA3824115481429727.udd" 2483
"C:/Users/rthru/AppData/Local/UnrealEngine/Common/DerivedDataCache/7/3/4/STATICMESH_A9B55814188440DA96CF4A9D318BC1C5_228332BAE0224DD294E232B87D83948FQU__F81F86D1BDF9714266CF9DDBB364C949B07ED626.udd" 2484
"C:/Users/rthru/AppData/Local/UnrealEngine/Common/DerivedDataCache/3/6/9/NAVCOLLISION_B89838347A4348138EE337A847529C5C_NAVCOLLISION_X_B665753E470F7A2C2__7631F52BABE728B17811F9DB9A687A661EF38734.udd" 2485
"C:/Users/rthru/AppData/Local/UnrealEngine/Common/DerivedDataCache/0/7/0/STATICMESH_A9B55814188440DA96CF4A9D318BC1C5_228332BAE0224DD294E232B87D83948FQU__DF235EA955C25DB1C2E84DE47AEBDA9452658E31.udd" 2486
"C:/Users/rthru/AppData/Local/UnrealEngine/Common/DerivedDataCache/9/6/2/NAVCOLLISION_B89838347A4348138EE337A847529C5C_NAVCOLLISION_X_996AD40648050B68D__A201634125B20ECC7463B438D0EB93FBEC34AD4B.udd" 2487
"C:/Users/rthru/AppData/Local/UnrealEngine/Common/DerivedDataCache/2/6/7/STATICMESH_A9B55814188440DA96CF4A9D318BC1C5_228332BAE0224DD294E232B87D83948FQU__0EE99344941BBC9F4689AAF71B309581E8F08934.udd" 2488
"C:/Users/rthru/AppData/Local/UnrealEngine/Common/DerivedDataCache/3/6/5/NAVCOLLISION_B89838347A4348138EE337A847529C5C_NAVCOLLISION_X_13D1BDBF4A8D0C0B2__7DA2F241E09A9E4827FC7854030D5317A3009017.udd" 2489
"C:/Users/rthru/AppData/Local/UnrealEngine/Common/DerivedDataCache/3/0/0/STATICMESH_A9B55814188440DA96CF4A9D318BC1C5_228332BAE0224DD294E232B87D83948FQU__333B84379B5CB6DD6FF056AC84EDA5764150E79C.udd" 2490
"C:/Users/rthru/AppData/Local/UnrealEngine/Common/DerivedDataCache/3/5/5/NAVCOLLISION_B89838347A4348138EE337A847529C5C_NAVCOLLISION_X_EE545FA9424309248__1CC179133E719FE34AA26EC24EBE696CC86E21EC.udd" 2491
"C:/Users/rthru/AppData/Local/UnrealEngine/Common/DerivedDataCache/7/1/3/STATICMESH_A9B55814188440DA96CF4A9D318BC1C5_228332BAE0224DD294E232B87D83948FQU__BB6FF8BB1E8F3C6B4F0B143AF2B3B784DC1EB433.udd" 2492
"C:/Users/rthru/AppData/Local/UnrealEngine/Common/DerivedDataCache/3/0/8/NAVCOLLISION_B89838347A4348138EE337A847529C5C_NAVCOLLISION_X_49F06ED048DD572E3__B4951D9B97DF343A1C9A83E64301CC14C5C5895D.udd" 2493
"C:/Users/rthru/AppData/Local/UnrealEngine/Common/DerivedDataCache/9/8/4/STATICMESH_A9B55814188440DA96CF4A9D318BC1C5_228332BAE0224DD294E232B87D83948FQU__74A36BF9553DB8BF95945D48FA426857C799FFE2.udd" 2494
"C:/Users/rthru/AppData/Local/UnrealEngine/Common/DerivedDataCache/8/0/3/NAVCOLLISION_B89838347A4348138EE337A847529C5C_NAVCOLLISION_X_573B7E7F47672B4DB__5A9E4B01AAF445A88F9323443CBC8E567D8768BD.udd" 2495
"C:/Users/rthru/AppData/Local/UnrealEngine/Common/DerivedDataCache/9/1/1/STATICMESH_A9B55814188440DA96CF4A9D318BC1C5_228332BAE0224DD294E232B87D83948FQU__7BB7E244385A9F9751B71ECD721CE0E725AB2982.udd" 2496
"C:/Users/rthru/AppData/Local/UnrealEngine/Common/DerivedDataCache/3/2/6/NAVCOLLISION_B89838347A4348138EE337A847529C5C_NAVCOLLISION_X_01C87E3C4A249CC6F__DCB3E90B2D21EDA02D15DBC9C1720EF30B6D1C30.udd" 2497
"C:/Users/rthru/AppData/Local/UnrealEngine/Common/DerivedDataCache/4/4/6/PHYSX_A08609EF508D460CBB6710540B03AACF_PHYSXPC_B665753E470F7A2C239669812E1753C__CD90ADBD494ADB293C3A8A5E01157D2B25432ACB.udd" 2498
"C:/Users/rthru/AppData/Local/UnrealEngine/Common/DerivedDataCache/7/4/0/PHYSX_A08609EF508D460CBB6710540B03AACF_PHYSXPC_6C9B485246D580E9C79CA4AA2450EAB__B29E0487AA71F05CDEB4F9B8420D337AEC2C554A.udd" 2499
"C:/Users/rthru/AppData/Local/UnrealEngine/Common/DerivedDataCache/0/1/2/AUDIO_0005_0000_OGG10025600$2D1$2D1$2D1$2D1$2D1_0003_90A91C1C4C3CD680D520DE8198B9D3F4.udd" 2500
"C:/Users/rthru/AppData/Local/UnrealEngine/Common/DerivedDataCache/4/7/8/PHYSX_A08609EF508D460CBB6710540B03AACF_PHYSXPC_01C87E3C4A249CC6F02476B3B181CE8__11F7C57568ADDD040E8C6EFE2B021AD9C369732D.udd" 2501
"C:/Users/rthru/AppData/Local/UnrealEngine/Common/DerivedDataCache/8/0/8/PHYSX_A08609EF508D460CBB6710540B03AACF_PHYSXPC_573B7E7F47672B4DB4F7D389F5209F0__7DEFBE51DBC16EAC0D637BBA1DC26C285237B341.udd" 2502
"C:/Users/rthru/AppData/Local/UnrealEngine/Common/DerivedDataCache/1/9/7/PHYSX_A08609EF508D460CBB6710540B03AACF_PHYSXPC_B62C7CE5483F29BF1B7183B52BC073C__E2EB9F16ABF7A09B53FAEAC0025F6057AB4AD2B8.udd" 2503
"C:/Users/rthru/AppData/Local/UnrealEngine/Common/DerivedDataCache/5/6/0/PHYSX_A08609EF508D460CBB6710540B03AACF_PHYSXPC_49F06ED048DD572E338A918EF8E6393__D42A2B534AB030CE951759F8DA39EA4395E237B1.udd" 2504
"C:/Users/rthru/AppData/Local/UnrealEngine/Common/DerivedDataCache/3/5/3/PHYSX_A08609EF508D460CBB6710540B03AACF_PHYSXPC_EE545FA94243092487CEE98AD912CA7__2AB1B17E639535415C53B40D8DF4E502DA792530.udd" 2505
"C:/Users/rthru/AppData/Local/UnrealEngine/Common/DerivedDataCache/4/6/6/PHYSX_A08609EF508D460CBB6710540B03AACF_PHYSXPC_13D1BDBF4A8D0C0B2A013DA0DEEBD5C__7CF4FDE80AB13F4D3E2B0C8695CB75D6B1226798.udd" 2506
"C:/Users/rthru/AppData/Local/UnrealEngine/Common/DerivedDataCache/7/7/7/PHYSX_A08609EF508D460CBB6710540B03AACF_PHYSXPC_996AD40648050B68D69C3AA27D3B1D3__02213F328781CC5FBD4EA65A945A590EB899C9CB.udd" 2507
"C:/Users/rthru/AppData/Local/UnrealEngine/Common/DerivedDataCache/0/0/8/MATSM_8915F134E11A46E2ACFF4214A7775BDD_PCD3D_SM5_8__BC5N_NOCCBN_NOIRIS_DEV_SL___D92CC4B70BC53F8221E7B85905D20E4AADD80787.udd" 2508
"C:/Users/rthru/AppData/Local/UnrealEngine/Common/DerivedDataCache/7/0/1/TEXTURE_564290F8998644E39A2118D5C683187B_AUTODXT_8BAF48FC4E3D4199450EAF919C1A8__7ADF4316191F07C86181BDA0D1BCBAA82059BBC9.udd" 2509
"C:/Users/rthru/AppData/Local/UnrealEngine/Common/DerivedDataCache/4/8/1/TEXTURE_564290F8998644E39A2118D5C683187B_AUTODXT_8BAF48FC4E3D4199450EAF919C1A8__0E762F718CE0D393BEB26BC5279403ADA6025A3F.udd" 2510
"C:/Users/rthru/AppData/Local/UnrealEngine/Common/DerivedDataCache/5/4/6/TEXTURE_564290F8998644E39A2118D5C683187B_AUTODXT_8BAF48FC4E3D4199450EAF919C1A8__02C9838AC9779C543CAB6776DD0E85CBB1BCD00E.udd" 2511
"C:/Users/rthru/AppData/Local/UnrealEngine/Common/DerivedDataCache/2/1/1/TEXTURE_564290F8998644E39A2118D5C683187B_AUTODXT_8BAF48FC4E3D4199450EAF919C1A8__5AC172E05BECB26FD73560EF3B180BE7157EEAF2.udd" 2512
"C:/Users/rthru/AppData/Local/UnrealEngine/Common/DerivedDataCache/4/9/6/TEXTURE_564290F8998644E39A2118D5C683187B_AUTODXT_8BAF48FC4E3D4199450EAF919C1A8__4B20FD4E6BD6C28D3A52EAAE3EB0EA196D4FC2FE.udd" 2513
"C:/Users/rthru/AppData/Local/UnrealEngine/Common/DerivedDataCache/3/5/7/TEXTURE_564290F8998644E39A2118D5C683187B_AUTODXT_8BAF48FC4E3D4199450EAF919C1A8__1FE60DBC0DD8158261E096228E816838BAEE34B3.udd" 2514
"C:/Users/rthru/AppData/Local/UnrealEngine/Common/DerivedDataCache/7/3/2/TEXTURE_564290F8998644E39A2118D5C683187B_BC5_FB13CA0A473ADEC1D713B88F1C940B61___6D9F7B690D4FAE86A8FD2F8799485CE7D31303B2.udd" 2515
"C:/Users/rthru/AppData/Local/UnrealEngine/Common/DerivedDataCache/6/8/2/TEXTURE_564290F8998644E39A2118D5C683187B_BC5_FB13CA0A473ADEC1D713B88F1C940B61___5ED340A098BC0121AFC17D190FE53D1A0DD02103.udd" 2516
"C:/Users/rthru/AppData/Local/UnrealEngine/Common/DerivedDataCache/2/3/9/TEXTURE_564290F8998644E39A2118D5C683187B_BC5_FB13CA0A473ADEC1D713B88F1C940B61___4956947791693D0AA36967D53E500AF46C8DC377.udd" 2517
"C:/Users/rthru/AppData/Local/UnrealEngine/Common/DerivedDataCache/1/4/4/TEXTURE_564290F8998644E39A2118D5C683187B_BC5_FB13CA0A473ADEC1D713B88F1C940B61___C77BC8B35062DEE4B7F9CBC59D80D5066B3DA246.udd" 2518
"C:/Users/rthru/AppData/Local/UnrealEngine/Common/DerivedDataCache/8/9/0/TEXTURE_564290F8998644E39A2118D5C683187B_BC5_FB13CA0A473ADEC1D713B88F1C940B61___F030B192E4B78F020BEC1228F7BBF5F22259B6D9.udd" 2519
"C:/Users/rthru/AppData/Local/UnrealEngine/Common/DerivedDataCache/9/1/0/TEXTURE_564290F8998644E39A2118D5C683187B_AUTODXT_0D87927D41E1129FA649D98FFFB65__348BC24962712024E720FD26A370A19AEE28745E.udd" 2520
"C:/Users/rthru/AppData/Local/UnrealEngine/Common/DerivedDataCache/7/5/4/TEXTURE_564290F8998644E39A2118D5C683187B_BC5_FB13CA0A473ADEC1D713B88F1C940B61___5890FDAA1404ADF32CA32E8944F473FECE5381D5.udd" 2521
"C:/Users/rthru/AppData/Local/UnrealEngine/Common/DerivedDataCache/0/7/6/TEXTURE_564290F8998644E39A2118D5C683187B_AUTODXT_E7DD6E404153E603EA0CB88466726__A6AE60C5A3CCB75D7973A6574F9BDEDD80803CCA.udd" 2522
"C:/Users/rthru/AppData/Local/UnrealEngine/Common/DerivedDataCache/9/7/2/TEXTURE_564290F8998644E39A2118D5C683187B_AUTODXT_0D87927D41E1129FA649D98FFFB65__56D4276FA6BB7D6F0DCC1ADFD5267FE61A285553.udd" 2523
"C:/Users/rthru/AppData/Local/UnrealEngine/Common/DerivedDataCache/1/7/0/TEXTURE_564290F8998644E39A2118D5C683187B_AUTODXT_0D87927D41E1129FA649D98FFFB65__28ECC99127230E7A520D32000E0011E39E2838CA.udd" 2524
"C:/Users/rthru/AppData/Local/UnrealEngine/Common/DerivedDataCache/3/8/0/TEXTURE_564290F8998644E39A2118D5C683187B_AUTODXT_E7DD6E404153E603EA0CB88466726__6BABD8D0A72C72776DA2B370C63A202064D13644.udd" 2525
"C:/Users/rthru/AppData/Local/UnrealEngine/Common/DerivedDataCache/1/8/8/TEXTURE_564290F8998644E39A2118D5C683187B_AUTODXT_0D87927D41E1129FA649D98FFFB65__289D8CED186EFCF00E9426440BAC8F99B0E96237.udd" 2526
"C:/Users/rthru/AppData/Local/UnrealEngine/Common/DerivedDataCache/7/0/0/TEXTURE_564290F8998644E39A2118D5C683187B_AUTODXT_0D87927D41E1129FA649D98FFFB65__BB28091ED3F883F01B05B023F8E92DCCBA46061C.udd" 2527
"C:/Users/rthru/AppData/Local/UnrealEngine/Common/DerivedDataCache/7/7/4/TEXTURE_564290F8998644E39A2118D5C683187B_AUTODXT_0D87927D41E1129FA649D98FFFB65__8AD61E1106673E5D8F9F5D531519FD642874CF21.udd" 2528
"C:/Users/rthru/AppData/Local/UnrealEngine/Common/DerivedDataCache/4/4/6/TEXTURE_564290F8998644E39A2118D5C683187B_AUTODXT_E7DD6E404153E603EA0CB88466726__4212EF2B4343FDAAA09C2A11C386CB5FC67176DD.udd" 2529
"C:/Users/rthru/AppData/Local/UnrealEngine/Common/DerivedDataCache/3/4/9/TEXTURE_564290F8998644E39A2118D5C683187B_AUTODXT_E7DD6E404153E603EA0CB88466726__2814BE7FB1DED487CA510A56233D39F95BA667C8.udd" 2530
"C:/Users/rthru/AppData/Local/UnrealEngine/Common/DerivedDataCache/7/9/3/TEXTURE_564290F8998644E39A2118D5C683187B_AUTODXT_E7DD6E404153E603EA0CB88466726__530C3731B1CBA2B5B0190BBE64640EEFD091261D.udd" 2531
"C:/Users/rthru/AppData/Local/UnrealEngine/Common/DerivedDataCache/7/3/3/TEXTURE_564290F8998644E39A2118D5C683187B_AUTODXT_E7DD6E404153E603EA0CB88466726__F69C7DF9888A14FF7CDC8AACE51E935767B38F91.udd" 2532
"C:/Users/rthru/AppData/Local/UnrealEngine/Common/DerivedDataCache/4/8/3/TEXTURE_564290F8998644E39A2118D5C683187B_BC5_3E62880F45338CB3BFE2A78C6CC6984D___B8E4B92D1B9BEEF890B22298943CBBD490357835.udd" 2533
"C:/Users/rthru/AppData/Local/UnrealEngine/Common/DerivedDataCache/7/2/0/TEXTURE_564290F8998644E39A2118D5C683187B_BC5_3E62880F45338CB3BFE2A78C6CC6984D___E5D2194D719A8C0C3DAFF2C7C6C7F724B3D56C76.udd" 2534
"C:/Users/rthru/AppData/Local/UnrealEngine/Common/DerivedDataCache/9/1/8/TEXTURE_564290F8998644E39A2118D5C683187B_BC5_3E62880F45338CB3BFE2A78C6CC6984D___A38BB1CA3DBA3B6A7BB2FBB1CF70F512367FFA90.udd" 2535
"C:/Users/rthru/AppData/Local/UnrealEngine/Common/DerivedDataCache/6/8/7/TEXTURE_564290F8998644E39A2118D5C683187B_BC5_3E62880F45338CB3BFE2A78C6CC6984D___B447317808F0C95EA814AC5C19E1107257B60C95.udd" 2536
"C:/Users/rthru/AppData/Local/UnrealEngine/Common/DerivedDataCache/6/2/5/TEXTURE_564290F8998644E39A2118D5C683187B_BC5_3E62880F45338CB3BFE2A78C6CC6984D___0C6CE3B890CFBDE825A2B84B26ED5BD664DF6040.udd" 2537
"C:/Users/rthru/AppData/Local/UnrealEngine/Common/DerivedDataCache/9/6/2/TEXTURE_564290F8998644E39A2118D5C683187B_BC5_3E62880F45338CB3BFE2A78C6CC6984D___47307B4B5F6E6F67964981EC57A7A61D6852F54D.udd" 2538
"C:/Users/rthru/AppData/Local/UnrealEngine/Common/DerivedDataCache/9/2/8/MATSM_8915F134E11A46E2ACFF4214A7775BDD_PCD3D_SM5_8__BC5N_NOCCBN_NOIRIS_DEV_SL___A848D6CCC1F6CE10E437118C07A5A8B7CC3035B3.udd" 2539
"C:/Users/rthru/AppData/Local/UnrealEngine/Common/DerivedDataCache/6/9/4/TEXTURE_564290F8998644E39A2118D5C683187B_AUTODXT_87F852FC46D4726EA15F8CA364BEC__A038053A9C4C12E2FA42429F155139D7EB92276B.udd" 2540
"C:/Users/rthru/AppData/Local/UnrealEngine/Common/DerivedDataCache/8/2/6/TEXTURE_564290F8998644E39A2118D5C683187B_AUTODXT_87F852FC46D4726EA15F8CA364BEC__F9B2F9BCDEEB9582EAB101287C32A7E79E4FC703.udd" 2541
"C:/Users/rthru/AppData/Local/UnrealEngine/Common/DerivedDataCache/9/1/9/TEXTURE_564290F8998644E39A2118D5C683187B_AUTODXT_87F852FC46D4726EA15F8CA364BEC__F7F02085E9B9681ED2FE7C07E2278C34BBC6C636.udd" 2542
"C:/Users/rthru/AppData/Local/UnrealEngine/Common/DerivedDataCache/8/1/7/TEXTURE_564290F8998644E39A2118D5C683187B_AUTODXT_87F852FC46D4726EA15F8CA364BEC__03A07E502FD1996EF0DCA870907A58CE9A72AA3D.udd" 2543
"C:/Users/rthru/AppData/Local/UnrealEngine/Common/DerivedDataCache/6/1/2/TEXTURE_564290F8998644E39A2118D5C683187B_AUTODXT_87F852FC46D4726EA15F8CA364BEC__6F83544F4EE5819FE20F4C3426261B4022F9E173.udd" 2544
"C:/Users/rthru/AppData/Local/UnrealEngine/Common/DerivedDataCache/8/1/0/TEXTURE_564290F8998644E39A2118D5C683187B_AUTODXT_87F852FC46D4726EA15F8CA364BEC__75AA5B3B2CEE65DCD0B54B60580908B37D8C221D.udd" 2545
"C:/Users/rthru/AppData/Local/UnrealEngine/Common/DerivedDataCache/4/0/0/TEXTURE_564290F8998644E39A2118D5C683187B_BC5_8DEEC2D74703406C05C477BC5111D599___693C245793B1DB83E26BFADE9D8969618FAB1E5D.udd" 2546
"C:/Users/rthru/AppData/Local/UnrealEngine/Common/DerivedDataCache/8/3/4/TEXTURE_564290F8998644E39A2118D5C683187B_BC5_8DEEC2D74703406C05C477BC5111D599___9D7E5A1F4DA2C37DE7FC79C6495FA58C5988F0F7.udd" 2547
"C:/Users/rthru/AppData/Local/UnrealEngine/Common/DerivedDataCache/7/5/9/TEXTURE_564290F8998644E39A2118D5C683187B_BC5_8DEEC2D74703406C05C477BC5111D599___91B6C2F6AE28064B856D24974AF33C3376ADB021.udd" 2548
"C:/Users/rthru/AppData/Local/UnrealEngine/Common/DerivedDataCache/4/6/3/TEXTURE_564290F8998644E39A2118D5C683187B_BC5_8DEEC2D74703406C05C477BC5111D599___F784152180803264FC1529C77AC29F063B97B408.udd" 2549
"C:/Users/rthru/AppData/Local/UnrealEngine/Common/DerivedDataCache/3/1/2/TEXTURE_564290F8998644E39A2118D5C683187B_BC5_8DEEC2D74703406C05C477BC5111D599___641D409FF3825F6F28B35F6AE85A900EA66DADF8.udd" 2550
"C:/Users/rthru/AppData/Local/UnrealEngine/Common/DerivedDataCache/9/2/5/TEXTURE_564290F8998644E39A2118D5C683187B_BC5_8DEEC2D74703406C05C477BC5111D599___C77035C5AF01B1237FAEB3574577882652AC2F14.udd" 2551
"C:/Users/rthru/AppData/Local/UnrealEngine/Common/DerivedDataCache/3/7/1/TEXTURE_564290F8998644E39A2118D5C683187B_AUTODXT_961DC298499C222B249D579A4D4EB__EC469489151AAE4065E160D498E85FCF1716BAE5.udd" 2552
"C:/Users/rthru/AppData/Local/UnrealEngine/Common/DerivedDataCache/5/4/9/TEXTURE_564290F8998644E39A2118D5C683187B_AUTODXT_961DC298499C222B249D579A4D4EB__C38CAB9F2FAE2726A1D4F15BCF97F252C6875C5C.udd" 2553
"C:/Users/rthru/AppData/Local/UnrealEngine/Common/DerivedDataCache/6/2/8/TEXTURE_564290F8998644E39A2118D5C683187B_AUTODXT_961DC298499C222B249D579A4D4EB__8E940987FF53A016FE11D4774FFE9C7D9766663F.udd" 2554
"C:/Users/rthru/AppData/Local/UnrealEngine/Common/DerivedDataCache/9/1/6/TEXTURE_564290F8998644E39A2118D5C683187B_AUTODXT_961DC298499C222B249D579A4D4EB__69E049E47EEA12EC5F4A9AB9B83EE58414ED576D.udd" 2555
"C:/Users/rthru/AppData/Local/UnrealEngine/Common/DerivedDataCache/3/9/3/TEXTURE_564290F8998644E39A2118D5C683187B_AUTODXT_961DC298499C222B249D579A4D4EB__CFA286F73CBF46E30E726E06B9AE2C7E703C76C4.udd" 2556
"C:/Users/rthru/AppData/Local/UnrealEngine/Common/DerivedDataCache/1/4/3/TEXTURE_564290F8998644E39A2118D5C683187B_AUTODXT_961DC298499C222B249D579A4D4EB__751B781EF09A365E155EF4E8B9D77713C2057C87.udd" 2557
"C:/Users/rthru/AppData/Local/UnrealEngine/Common/DerivedDataCache/3/7/8/MATSM_8915F134E11A46E2ACFF4214A7775BDD_PCD3D_SM5_8__BC5N_NOCCBN_NOIRIS_DEV_SL___B83E101005032D88F595A355766A9EF431610862.udd" 2558
"C:/Users/rthru/AppData/Local/UnrealEngine/Common/DerivedDataCache/6/9/0/TEXTURE_564290F8998644E39A2118D5C683187B_AUTODXT_F5F6CF6E44D9B54A18E5BE81197E4__F1AF3A467D85E964647D5A62A9933512FFCE60FB.udd" 2559
"C:/Users/rthru/AppData/Local/UnrealEngine/Common/DerivedDataCache/8/4/9/TEXTURE_564290F8998644E39A2118D5C683187B_AUTODXT_F5F6CF6E44D9B54A18E5BE81197E4__335536BB7C032F8D062AF23F6C022E37FD4D962F.udd" 2560
"C:/Users/rthru/AppData/Local/UnrealEngine/Common/DerivedDataCache/2/6/1/TEXTURE_564290F8998644E39A2118D5C683187B_AUTODXT_F5F6CF6E44D9B54A18E5BE81197E4__6B850C666AB06C27E823888122BA781FB34B9427.udd" 2561
"C:/Users/rthru/AppData/Local/UnrealEngine/Common/DerivedDataCache/6/2/2/TEXTURE_564290F8998644E39A2118D5C683187B_AUTODXT_F5F6CF6E44D9B54A18E5BE81197E4__5AD332BBC1545D8FA47CA61AD0351B1CCE0B4B93.udd" 2562
"C:/Users/rthru/AppData/Local/UnrealEngine/Common/DerivedDataCache/5/6/7/TEXTURE_564290F8998644E39A2118D5C683187B_AUTODXT_F5F6CF6E44D9B54A18E5BE81197E4__5CF58A0CE7ADEBA36E0C1FB9B7CDF9B6E4828F44.udd" 2563
"C:/Users/rthru/AppData/Local/UnrealEngine/Common/DerivedDataCache/3/2/4/TEXTURE_564290F8998644E39A2118D5C683187B_AUTODXT_F5F6CF6E44D9B54A18E5BE81197E4__021E27E60FD2C6965EAAE1B13C5D75D4F456296F.udd" 2564
"C:/Users/rthru/AppData/Local/UnrealEngine/Common/DerivedDataCache/9/1/1/TEXTURE_564290F8998644E39A2118D5C683187B_BC5_F91A33954BC5AD1965DE20B46E44C1F1___13EF86C4CE2F19B9E510E661AB2AB4787DF92902.udd" 2565
"C:/Users/rthru/AppData/Local/UnrealEngine/Common/DerivedDataCache/8/7/9/TEXTURE_564290F8998644E39A2118D5C683187B_AUTODXT_8AA5880A4ECBDA42C30814A85BC77__BF0D209D6281FAB02D21B7417A19F3A5751104D4.udd" 2566
"C:/Users/rthru/AppData/Local/UnrealEngine/Common/DerivedDataCache/7/5/5/TEXTURE_564290F8998644E39A2118D5C683187B_BC5_F91A33954BC5AD1965DE20B46E44C1F1___19DF7E3A14AC6B19AE301175EE1A05EEA62ECEFE.udd" 2567
"C:/Users/rthru/AppData/Local/UnrealEngine/Common/DerivedDataCache/3/2/3/TEXTURE_564290F8998644E39A2118D5C683187B_BC5_F91A33954BC5AD1965DE20B46E44C1F1___AFB9CC1B89DEC7320CBA0FCE963E003FED1EF569.udd" 2568
"C:/Users/rthru/AppData/Local/UnrealEngine/Common/DerivedDataCache/3/0/8/TEXTURE_564290F8998644E39A2118D5C683187B_BC5_F91A33954BC5AD1965DE20B46E44C1F1___2B74D54F13BA3CF469679DC284A855B05EFAE190.udd" 2569
"C:/Users/rthru/AppData/Local/UnrealEngine/Common/DerivedDataCache/0/8/8/TEXTURE_564290F8998644E39A2118D5C683187B_BC5_F91A33954BC5AD1965DE20B46E44C1F1___15FA90E66938D1C346D12E49C9A11DC3CC328A38.udd" 2570
"C:/Users/rthru/AppData/Local/UnrealEngine/Common/DerivedDataCache/2/8/5/TEXTURE_564290F8998644E39A2118D5C683187B_AUTODXT_8AA5880A4ECBDA42C30814A85BC77__28B4AA792284A8C777B89563902388467312E090.udd" 2571
"C:/Users/rthru/AppData/Local/UnrealEngine/Common/DerivedDataCache/4/4/1/TEXTURE_564290F8998644E39A2118D5C683187B_AUTODXT_8AA5880A4ECBDA42C30814A85BC77__90A6690DD4B425A85BBA135254984E90C0764412.udd" 2572
"C:/Users/rthru/AppData/Local/UnrealEngine/Common/DerivedDataCache/8/0/4/TEXTURE_564290F8998644E39A2118D5C683187B_AUTODXT_8AA5880A4ECBDA42C30814A85BC77__257E9EF12EDD9D8CCB83F3586CDAC12395698A0A.udd" 2573
"C:/Users/rthru/AppData/Local/UnrealEngine/Common/DerivedDataCache/6/4/9/TEXTURE_564290F8998644E39A2118D5C683187B_AUTODXT_8AA5880A4ECBDA42C30814A85BC77__BC6E7966C4CD31637BAE1BDB16DCBBD50401AB66.udd" 2574
"C:/Users/rthru/AppData/Local/UnrealEngine/Common/DerivedDataCache/8/5/6/MATSM_8915F134E11A46E2ACFF4214A7775BDD_PCD3D_SM5_8__BC5N_NOCCBN_NOIRIS_DEV_SL___9A27B146F407DCA51826488A93EF585DD75FB54C.udd" 2575
"C:/Users/rthru/AppData/Local/UnrealEngine/Common/DerivedDataCache/5/1/4/TEXTURE_564290F8998644E39A2118D5C683187B_BC5_F91A33954BC5AD1965DE20B46E44C1F1___745C56A7BC2AF31F5841C6D0E38DEF2E1D7419E1.udd" 2576
"C:/Users/rthru/AppData/Local/UnrealEngine/Common/DerivedDataCache/0/7/2/TEXTURE_564290F8998644E39A2118D5C683187B_AUTODXT_8AA5880A4ECBDA42C30814A85BC77__48AABEC55C790607E04EAC3EB9BFE81398EDCAC3.udd" 2577
"C:/Users/rthru/AppData/Local/UnrealEngine/Common/DerivedDataCache/4/8/5/TEXTURE_564290F8998644E39A2118D5C683187B_AUTODXT_5706B44C4EC17B68B06B52B841E66__BC060ED9060D56D7DADF39353D91CF56433BA324.udd" 2578
"C:/Users/rthru/AppData/Local/UnrealEngine/Common/DerivedDataCache/6/5/9/TEXTURE_564290F8998644E39A2118D5C683187B_AUTODXT_5706B44C4EC17B68B06B52B841E66__E72828EA0628498EF09BEA93DBAE4B8FCF35F1CA.udd" 2579
"C:/Users/rthru/AppData/Local/UnrealEngine/Common/DerivedDataCache/0/6/8/TEXTURE_564290F8998644E39A2118D5C683187B_AUTODXT_5706B44C4EC17B68B06B52B841E66__8AD62E4717F8786BCCE2DF85E932A4E48F1465A9.udd" 2580
"C:/Users/rthru/AppData/Local/UnrealEngine/Common/DerivedDataCache/3/5/1/TEXTURE_564290F8998644E39A2118D5C683187B_AUTODXT_5706B44C4EC17B68B06B52B841E66__0AFE8BA07ACF53A45564ADA1E16E144699E50F1F.udd" 2581
"C:/Users/rthru/AppData/Local/UnrealEngine/Common/DerivedDataCache/4/7/0/TEXTURE_564290F8998644E39A2118D5C683187B_AUTODXT_5706B44C4EC17B68B06B52B841E66__5BDA7650F39E19CCA67583F495B334E4EF34F24F.udd" 2582
"C:/Users/rthru/AppData/Local/UnrealEngine/Common/DerivedDataCache/9/8/1/TEXTURE_564290F8998644E39A2118D5C683187B_AUTODXT_5706B44C4EC17B68B06B52B841E66__92C7E5BCD7ADCD4B4F18D5F712F96432F9D96C38.udd" 2583
"C:/Users/rthru/AppData/Local/UnrealEngine/Common/DerivedDataCache/7/2/1/TEXTURE_564290F8998644E39A2118D5C683187B_BC5_24D5599848AC5BEBD72768AC4E7A5B9B___10F65CA248F3D728445E8B38A6A9F7D3DEB6C361.udd" 2584
"C:/Users/rthru/AppData/Local/UnrealEngine/Common/DerivedDataCache/1/7/7/TEXTURE_564290F8998644E39A2118D5C683187B_BC5_24D5599848AC5BEBD72768AC4E7A5B9B___951EE239784BECB08750697EBC4010516F33524C.udd" 2585
"C:/Users/rthru/AppData/Local/UnrealEngine/Common/DerivedDataCache/3/2/1/TEXTURE_564290F8998644E39A2118D5C683187B_BC5_24D5599848AC5BEBD72768AC4E7A5B9B___1DE019725646D53E662875A315BAE71D125ACE50.udd" 2586
"C:/Users/rthru/AppData/Local/UnrealEngine/Common/DerivedDataCache/5/0/4/TEXTURE_564290F8998644E39A2118D5C683187B_BC5_24D5599848AC5BEBD72768AC4E7A5B9B___F8F6C1699E8597760990235B1B9E1FCEDC8B14D8.udd" 2587
"C:/Users/rthru/AppData/Local/UnrealEngine/Common/DerivedDataCache/1/1/6/TEXTURE_564290F8998644E39A2118D5C683187B_BC5_24D5599848AC5BEBD72768AC4E7A5B9B___626C4C8B7FD827EE41EC3DEA4DB5F3BA4A57F888.udd" 2588
"C:/Users/rthru/AppData/Local/UnrealEngine/Common/DerivedDataCache/4/8/0/TEXTURE_564290F8998644E39A2118D5C683187B_BC5_24D5599848AC5BEBD72768AC4E7A5B9B___C35D3269A1F7F8B3FD25402C3B9F3E895B616571.udd" 2589
"C:/Users/rthru/AppData/Local/UnrealEngine/Common/DerivedDataCache/0/1/1/TEXTURE_564290F8998644E39A2118D5C683187B_AUTODXT_6A8CEC2A4C0C350B02AA849B3C0CF__D0895F46DF469EDAB31AB7276495856B4B0101A1.udd" 2590
"C:/Users/rthru/AppData/Local/UnrealEngine/Common/DerivedDataCache/7/5/1/TEXTURE_564290F8998644E39A2118D5C683187B_AUTODXT_6A8CEC2A4C0C350B02AA849B3C0CF__C8B17AFE83189ECC51A137A828C0E0EEB5A280CD.udd" 2591
"C:/Users/rthru/AppData/Local/UnrealEngine/Common/DerivedDataCache/1/1/6/TEXTURE_564290F8998644E39A2118D5C683187B_AUTODXT_6A8CEC2A4C0C350B02AA849B3C0CF__4BEF2B985EC85D478C4CC67AF1DCBC48876E8462.udd" 2592
"C:/Users/rthru/AppData/Local/UnrealEngine/Common/DerivedDataCache/6/5/2/TEXTURE_564290F8998644E39A2118D5C683187B_AUTODXT_6A8CEC2A4C0C350B02AA849B3C0CF__52D74645757394BFF30A060FAB8F696FBD00B0F8.udd" 2593
"C:/Users/rthru/AppData/Local/UnrealEngine/Common/DerivedDataCache/8/0/2/TEXTURE_564290F8998644E39A2118D5C683187B_AUTODXT_6A8CEC2A4C0C350B02AA849B3C0CF__1E8B5BB4D56FB1836FCA549276A70289C3817154.udd" 2594
"C:/Users/rthru/AppData/Local/UnrealEngine/Common/DerivedDataCache/3/4/0/TEXTURE_564290F8998644E39A2118D5C683187B_AUTODXT_6A8CEC2A4C0C350B02AA849B3C0CF__E5083597E89E6915E9EA4394D5506A5C5F1AB7C6.udd" 2595
"C:/Users/rthru/AppData/Local/UnrealEngine/Common/DerivedDataCache/9/8/0/MATSM_8915F134E11A46E2ACFF4214A7775BDD_PCD3D_SM5_8__BC5N_NOCCBN_NOIRIS_DEV_SL___4191D139B1C76CD7C5857A480268E9AAAF9B5AD9.udd" 2596
"C:/Users/rthru/AppData/Local/UnrealEngine/Common/DerivedDataCache/3/8/7/TEXTURE_564290F8998644E39A2118D5C683187B_AUTODXT_7EF78C7C43FC64B42116479E79A38__34492AE4FF03033E47C7A9BFFE7F9032A97206F2.udd" 2597
"C:/Users/rthru/AppData/Local/UnrealEngine/Common/DerivedDataCache/3/8/8/TEXTURE_564290F8998644E39A2118D5C683187B_AUTODXT_7EF78C7C43FC64B42116479E79A38__1C6675983C537BB6849CF3D65D37DCB9F813CA4E.udd" 2598
"C:/Users/rthru/AppData/Local/UnrealEngine/Common/DerivedDataCache/3/5/0/TEXTURE_564290F8998644E39A2118D5C683187B_AUTODXT_7EF78C7C43FC64B42116479E79A38__011F105F8A9F251C229013AADE160844BBDB7DB3.udd" 2599
"C:/Users/rthru/AppData/Local/UnrealEngine/Common/DerivedDataCache/0/4/4/TEXTURE_564290F8998644E39A2118D5C683187B_AUTODXT_7EF78C7C43FC64B42116479E79A38__4BA245B357D0EDAE3141DD82FE2FA04B914C2CFB.udd" 2600
"C:/Users/rthru/AppData/Local/UnrealEngine/Common/DerivedDataCache/4/2/0/TEXTURE_564290F8998644E39A2118D5C683187B_AUTODXT_7EF78C7C43FC64B42116479E79A38__1338CC7A0886894B77936F95850031FD45C6D112.udd" 2601
"C:/Users/rthru/AppData/Local/UnrealEngine/Common/DerivedDataCache/7/7/3/TEXTURE_564290F8998644E39A2118D5C683187B_AUTODXT_7EF78C7C43FC64B42116479E79A38__E7F8860351EDDA4A197BA27665460F6E8EABAB8F.udd" 2602
"C:/Users/rthru/AppData/Local/UnrealEngine/Common/DerivedDataCache/3/4/2/TEXTURE_564290F8998644E39A2118D5C683187B_BC5_6932F3D64B4F209F53BF339CCD5F5206___9A1C28631475D22C25684D4380C5305A06EDF461.udd" 2603
"C:/Users/rthru/AppData/Local/UnrealEngine/Common/DerivedDataCache/2/8/9/TEXTURE_564290F8998644E39A2118D5C683187B_BC5_6932F3D64B4F209F53BF339CCD5F5206___FD3DD78408516DBF5B3AAA2F063D6C0DFCE850FE.udd" 2604
"C:/Users/rthru/AppData/Local/UnrealEngine/Common/DerivedDataCache/2/6/2/TEXTURE_564290F8998644E39A2118D5C683187B_BC5_6932F3D64B4F209F53BF339CCD5F5206___3D28CD2FEA58301EF52AD8015FE9B12AEC960255.udd" 2605
"C:/Users/rthru/AppData/Local/UnrealEngine/Common/DerivedDataCache/1/4/0/TEXTURE_564290F8998644E39A2118D5C683187B_BC5_6932F3D64B4F209F53BF339CCD5F5206___6AB4F38CDAFE64B5610E69DA0D1DA4FF9EE1B551.udd" 2606
"C:/Users/rthru/AppData/Local/UnrealEngine/Common/DerivedDataCache/6/3/3/TEXTURE_564290F8998644E39A2118D5C683187B_BC5_6932F3D64B4F209F53BF339CCD5F5206___E31BE720E9F18052E6117087EFFBC4D3485425E3.udd" 2607
"C:/Users/rthru/AppData/Local/UnrealEngine/Common/DerivedDataCache/6/1/0/TEXTURE_564290F8998644E39A2118D5C683187B_BC5_6932F3D64B4F209F53BF339CCD5F5206___69193464566A172EE9BF992F8837CAF04BBAFAB4.udd" 2608
"C:/Users/rthru/AppData/Local/UnrealEngine/Common/DerivedDataCache/2/1/5/TEXTURE_564290F8998644E39A2118D5C683187B_AUTODXT_3E243F78406B8D4BD5567094703C5__37BB2160FCEDAC34AB548BCB35AA9A2571E76003.udd" 2609
"C:/Users/rthru/AppData/Local/UnrealEngine/Common/DerivedDataCache/3/1/5/TEXTURE_564290F8998644E39A2118D5C683187B_AUTODXT_3E243F78406B8D4BD5567094703C5__4771E42CC85ACB522BB8897A82F196BC6A0DA1BB.udd" 2610
"C:/Users/rthru/AppData/Local/UnrealEngine/Common/DerivedDataCache/0/2/5/TEXTURE_564290F8998644E39A2118D5C683187B_AUTODXT_3E243F78406B8D4BD5567094703C5__6BB0B3F190B1AD9FEFE746380935150F695A5BE4.udd" 2611
"C:/Users/rthru/AppData/Local/UnrealEngine/Common/DerivedDataCache/6/4/4/TEXTURE_564290F8998644E39A2118D5C683187B_AUTODXT_3E243F78406B8D4BD5567094703C5__0A9712C265AFA8543A034D9C8B2CCF2D0019CBF6.udd" 2612
"C:/Users/rthru/AppData/Local/UnrealEngine/Common/DerivedDataCache/5/8/7/TEXTURE_564290F8998644E39A2118D5C683187B_AUTODXT_3E243F78406B8D4BD5567094703C5__E739BC53E87E541CDB4DCC4FC88A2FF6CA1D8C99.udd" 2613
"C:/Users/rthru/AppData/Local/UnrealEngine/Common/DerivedDataCache/3/0/0/TEXTURE_564290F8998644E39A2118D5C683187B_AUTODXT_3E243F78406B8D4BD5567094703C5__61C1CFC23CCEC03E48AC2AC96F9B7C1F166B6CF3.udd" 2614
"C:/Users/rthru/AppData/Local/UnrealEngine/Common/DerivedDataCache/2/8/9/MATSM_8915F134E11A46E2ACFF4214A7775BDD_PCD3D_SM5_8__BC5N_NOCCBN_NOIRIS_DEV_SL___5EB1847CDA23BA12251E68EE949E979BBA01A077.udd" 2615
"C:/Users/rthru/AppData/Local/UnrealEngine/Common/DerivedDataCache/4/3/4/TEXTURE_564290F8998644E39A2118D5C683187B_AUTODXT_C7E449BF43D02C1933EF0E9EDB46A__B492BA898FB73EE8005CAB36DEBE926AAF608FD4.udd" 2616
"C:/Users/rthru/AppData/Local/UnrealEngine/Common/DerivedDataCache/0/0/4/TEXTURE_564290F8998644E39A2118D5C683187B_AUTODXT_C7E449BF43D02C1933EF0E9EDB46A__A45951E2D82FAC8B03F56B3835760FDB53A6ED6A.udd" 2617
"C:/Users/rthru/AppData/Local/UnrealEngine/Common/DerivedDataCache/3/0/6/TEXTURE_564290F8998644E39A2118D5C683187B_AUTODXT_C7E449BF43D02C1933EF0E9EDB46A__C8C19B578770780D7EDEEB63387AB3E922A7FAE0.udd" 2618
"C:/Users/rthru/AppData/Local/UnrealEngine/Common/DerivedDataCache/0/4/3/TEXTURE_564290F8998644E39A2118D5C683187B_AUTODXT_C7E449BF43D02C1933EF0E9EDB46A__176B323B2250B178CB34E882377B522A39DBA072.udd" 2619
"C:/Users/rthru/AppData/Local/UnrealEngine/Common/DerivedDataCache/8/6/7/TEXTURE_564290F8998644E39A2118D5C683187B_AUTODXT_C7E449BF43D02C1933EF0E9EDB46A__2D14AFE0CFB95E3433E368441471248B0FAF27A3.udd" 2620
"C:/Users/rthru/AppData/Local/UnrealEngine/Common/DerivedDataCache/4/7/1/TEXTURE_564290F8998644E39A2118D5C683187B_AUTODXT_C7E449BF43D02C1933EF0E9EDB46A__6A0D85319706A55ED918ECF9B27B976CB111693B.udd" 2621
"C:/Users/rthru/AppData/Local/UnrealEngine/Common/DerivedDataCache/4/1/4/TEXTURE_564290F8998644E39A2118D5C683187B_BC5_F63737574EBE72B51D38D2A2F9B7D129___48B4186F99B356D7ED2E2C61F9FAF9CD08D1BC1C.udd" 2622
"C:/Users/rthru/AppData/Local/UnrealEngine/Common/DerivedDataCache/3/2/8/TEXTURE_564290F8998644E39A2118D5C683187B_BC5_F63737574EBE72B51D38D2A2F9B7D129___CE2817DFFF45F56EF618E9494A5DB17CC2AD6B71.udd" 2623
"C:/Users/rthru/AppData/Local/UnrealEngine/Common/DerivedDataCache/1/4/5/TEXTURE_564290F8998644E39A2118D5C683187B_BC5_F63737574EBE72B51D38D2A2F9B7D129___82BB1272B32A8ADFFBF2FA5D18FB0C59FF3D68C7.udd" 2624
"C:/Users/rthru/AppData/Local/UnrealEngine/Common/DerivedDataCache/7/1/6/TEXTURE_564290F8998644E39A2118D5C683187B_BC5_F63737574EBE72B51D38D2A2F9B7D129___CDD7765E4F4F8F5CD871D429C0F262F211285312.udd" 2625
"C:/Users/rthru/AppData/Local/UnrealEngine/Common/DerivedDataCache/9/4/8/TEXTURE_564290F8998644E39A2118D5C683187B_BC5_F63737574EBE72B51D38D2A2F9B7D129___570938E6D8AF9381B81F1E61F171B8B318E81296.udd" 2626
"C:/Users/rthru/AppData/Local/UnrealEngine/Common/DerivedDataCache/8/1/0/TEXTURE_564290F8998644E39A2118D5C683187B_BC5_F63737574EBE72B51D38D2A2F9B7D129___BCB66159DDC62640B7D2E67FC5673D79E10083CE.udd" 2627
"C:/Users/rthru/AppData/Local/UnrealEngine/Common/DerivedDataCache/9/6/0/TEXTURE_564290F8998644E39A2118D5C683187B_AUTODXT_07D1130C430DDDA9623953A8A3D0E__8DC1359D3410D6E9C2E23F8B60C3FD451291CE57.udd" 2628
"C:/Users/rthru/AppData/Local/UnrealEngine/Common/DerivedDataCache/4/4/1/TEXTURE_564290F8998644E39A2118D5C683187B_AUTODXT_07D1130C430DDDA9623953A8A3D0E__CED7E9A7E904F231E65B01AFC1CA6B628FD5CBE0.udd" 2629
"C:/Users/rthru/AppData/Local/UnrealEngine/Common/DerivedDataCache/6/3/2/TEXTURE_564290F8998644E39A2118D5C683187B_AUTODXT_07D1130C430DDDA9623953A8A3D0E__EF8764340D8B808DAD3594C97CD157AE3B2624B9.udd" 2630
"C:/Users/rthru/AppData/Local/UnrealEngine/Common/DerivedDataCache/7/6/4/TEXTURE_564290F8998644E39A2118D5C683187B_AUTODXT_07D1130C430DDDA9623953A8A3D0E__0521152711B3F6CAA9E94AA158D26F4A61361A07.udd" 2631
"C:/Users/rthru/AppData/Local/UnrealEngine/Common/DerivedDataCache/7/6/2/TEXTURE_564290F8998644E39A2118D5C683187B_AUTODXT_07D1130C430DDDA9623953A8A3D0E__DB11D2BF2562480EA17A544A1DFE47068481D85E.udd" 2632
"C:/Users/rthru/AppData/Local/UnrealEngine/Common/DerivedDataCache/2/4/0/TEXTURE_564290F8998644E39A2118D5C683187B_AUTODXT_07D1130C430DDDA9623953A8A3D0E__0B6066CE4D93D475A64385487105BB4EAEE31B58.udd" 2633
"C:/Users/rthru/AppData/Local/UnrealEngine/Common/DerivedDataCache/5/1/4/MATSM_8915F134E11A46E2ACFF4214A7775BDD_PCD3D_SM5_8__BC5N_NOCCBN_NOIRIS_DEV_SL___23F5445252F53059476627164E9C90B0D5D55FA5.udd" 2634
"C:/Users/rthru/AppData/Local/UnrealEngine/Common/DerivedDataCache/2/0/7/TEXTURE_564290F8998644E39A2118D5C683187B_AUTODXT_24FFAE724779F65EB4A3C9A207D9C__0DBE0A27B5132BB86CB7BF7B821483D8F026AECB.udd" 2635
"C:/Users/rthru/AppData/Local/UnrealEngine/Common/DerivedDataCache/7/0/7/TEXTURE_564290F8998644E39A2118D5C683187B_AUTODXT_F293D8EE48A05807C431569AD52FF__138C31588BE29A190CDF7761AF98EEFD859281FA.udd" 2636
"C:/Users/rthru/AppData/Local/UnrealEngine/Common/DerivedDataCache/7/4/9/TEXTURE_564290F8998644E39A2118D5C683187B_AUTODXT_517CC14A475E6042FE5111911C0BC__7F871315A9A0F8C78B5CBC71E91B3E9AEAC7ADD5.udd" 2637
"C:/Users/rthru/AppData/Local/UnrealEngine/Common/DerivedDataCache/5/7/5/TEXTURE_564290F8998644E39A2118D5C683187B_DXT1_9D6C6B6647F2EDC4AF48FAA0C524C33F__46677BEC189EEE6A4FE57D9F726B3B68E2D5E8CF.udd" 2638
"C:/Users/rthru/AppData/Local/UnrealEngine/Common/DerivedDataCache/2/2/8/TEXTURE_564290F8998644E39A2118D5C683187B_AUTODXT_F293D8EE48A05807C431569AD52FF__0FB76278AEFF440D5F4EFA0FB40DBA5A4AC5876F.udd" 2639
"C:/Users/rthru/AppData/Local/UnrealEngine/Common/DerivedDataCache/7/0/0/TEXTURE_564290F8998644E39A2118D5C683187B_AUTODXT_24FFAE724779F65EB4A3C9A207D9C__5E30D40EA1F223956EA946CB73159EACF1E75F72.udd" 2640
"C:/Users/rthru/AppData/Local/UnrealEngine/Common/DerivedDataCache/5/5/9/TEXTURE_564290F8998644E39A2118D5C683187B_AUTODXT_517CC14A475E6042FE5111911C0BC__1C22B363F64DBF7D610237071EB8EC479E7C38AF.udd" 2641
"C:/Users/rthru/AppData/Local/UnrealEngine/Common/DerivedDataCache/1/2/8/TEXTURE_564290F8998644E39A2118D5C683187B_DXT1_A58F85434E513600E685409B12AF13D1__8F35AB183C22BF7D33B9081D985125BE93BD9370.udd" 2642
"C:/Users/rthru/AppData/Local/UnrealEngine/Common/DerivedDataCache/3/4/8/TEXTURE_564290F8998644E39A2118D5C683187B_DXT1_6662054543B9433795BA739C41F3D185__DD1E6B885301F059EE89BE4E67F240C4C4B10755.udd" 2643
"C:/Users/rthru/AppData/Local/UnrealEngine/Common/DerivedDataCache/6/1/5/TEXTURE_564290F8998644E39A2118D5C683187B_AUTODXT_F293D8EE48A05807C431569AD52FF__0289AFDE524C4EA7E322E2BA51D21282E9EFE4B5.udd" 2644
"C:/Users/rthru/AppData/Local/UnrealEngine/Common/DerivedDataCache/7/2/8/TEXTURE_564290F8998644E39A2118D5C683187B_AUTODXT_517CC14A475E6042FE5111911C0BC__589FE0C65994F3285669027903373C39B4D0DE7F.udd" 2645
"C:/Users/rthru/AppData/Local/UnrealEngine/Common/DerivedDataCache/9/1/9/TEXTURE_564290F8998644E39A2118D5C683187B_AUTODXT_24FFAE724779F65EB4A3C9A207D9C__8BF767E0C1CC057EDF3ABE77E21F5972E58B1CD2.udd" 2646
"C:/Users/rthru/AppData/Local/UnrealEngine/Common/DerivedDataCache/8/3/0/TEXTURE_564290F8998644E39A2118D5C683187B_AUTODXT_F293D8EE48A05807C431569AD52FF__9FA6491A3354DF7F60156153735EF0D3B08AA262.udd" 2647
"C:/Users/rthru/AppData/Local/UnrealEngine/Common/DerivedDataCache/0/0/8/TEXTURE_564290F8998644E39A2118D5C683187B_AUTODXT_24FFAE724779F65EB4A3C9A207D9C__39329A410B3D26BD1701F90BFAB8DF9B567EC8A1.udd" 2648
"C:/Users/rthru/AppData/Local/UnrealEngine/Common/DerivedDataCache/8/3/4/TEXTURE_564290F8998644E39A2118D5C683187B_AUTODXT_517CC14A475E6042FE5111911C0BC__4D95AB6D5AEA140E643F1FE297F4C3687228A615.udd" 2649
"C:/Users/rthru/AppData/Local/UnrealEngine/Common/DerivedDataCache/9/1/9/TEXTURE_564290F8998644E39A2118D5C683187B_AUTODXT_F293D8EE48A05807C431569AD52FF__A817BB96370FFAB7DEF6E7480DC8DDF534EE2D4C.udd" 2650
"C:/Users/rthru/AppData/Local/UnrealEngine/Common/DerivedDataCache/8/9/7/TEXTURE_564290F8998644E39A2118D5C683187B_AUTODXT_517CC14A475E6042FE5111911C0BC__B944F9EE72C2F6604F4D0C19C1D508F3959DC8E8.udd" 2651
"C:/Users/rthru/AppData/Local/UnrealEngine/Common/DerivedDataCache/8/4/1/TEXTURE_564290F8998644E39A2118D5C683187B_AUTODXT_24FFAE724779F65EB4A3C9A207D9C__4510923A3FA16AE210EB7B4F257502A158918E6F.udd" 2652
"C:/Users/rthru/AppData/Local/UnrealEngine/Common/DerivedDataCache/8/6/6/MATSM_8915F134E11A46E2ACFF4214A7775BDD_PCD3D_SM5_8__BC5N_NOCCBN_NOIRIS_DEV_SL___741DF28B17115C1803687E6BD0300D95E6681C80.udd" 2653
"C:/Users/rthru/AppData/Local/UnrealEngine/Common/DerivedDataCache/9/9/8/TEXTURE_564290F8998644E39A2118D5C683187B_DXT1_6662054543B9433795BA739C41F3D185__BB010E8E4C4ACFA12BE5327D9FD13060927E2077.udd" 2654
"C:/Users/rthru/AppData/Local/UnrealEngine/Common/DerivedDataCache/4/9/7/TEXTURE_564290F8998644E39A2118D5C683187B_DXT1_9D6C6B6647F2EDC4AF48FAA0C524C33F__A9DE318DB47ECFA3A4139E71555B955E11459CFD.udd" 2655
"C:/Users/rthru/AppData/Local/UnrealEngine/Common/DerivedDataCache/6/2/4/TEXTURE_564290F8998644E39A2118D5C683187B_DXT1_A58F85434E513600E685409B12AF13D1__5AC90A31BF9044CFDE64BC2D494D670AEBE76EDD.udd" 2656
"C:/Users/rthru/AppData/Local/UnrealEngine/Common/DerivedDataCache/7/6/4/TEXTURE_564290F8998644E39A2118D5C683187B_BGRA8_C010939145BD807913943884B818AC8__D8BB30784C41863E364C28A3BD644B072D31565D.udd" 2657
"C:/Users/rthru/AppData/Local/UnrealEngine/Common/DerivedDataCache/4/7/8/TEXTURE_564290F8998644E39A2118D5C683187B_BGRA8_EF344AA146B8EF521869BDA56270792__1C5408BFEAEF91E06A015C960CA1B29931E3708C.udd" 2658
"C:/Users/rthru/AppData/Local/UnrealEngine/Common/DerivedDataCache/7/4/4/TEXTURE_564290F8998644E39A2118D5C683187B_BGRA8_C010939145BD807913943884B818AC8__27021F4E116099B01048D134DE3A281058183B90.udd" 2659
"C:/Users/rthru/AppData/Local/UnrealEngine/Common/DerivedDataCache/5/0/3/TEXTURE_564290F8998644E39A2118D5C683187B_BGRA8_EF344AA146B8EF521869BDA56270792__2FC7A37EF3A1B006866BFD3A375F51F3DD5A0A43.udd" 2660
"C:/Users/rthru/AppData/Local/UnrealEngine/Common/DerivedDataCache/5/8/8/TEXTURE_564290F8998644E39A2118D5C683187B_DXT1_9D6C6B6647F2EDC4AF48FAA0C524C33F__1486C5A28F23BAA83BA16767658BE20D8FC80669.udd" 2661
"C:/Users/rthru/AppData/Local/UnrealEngine/Common/DerivedDataCache/7/7/8/TEXTURE_564290F8998644E39A2118D5C683187B_BGRA8_EF344AA146B8EF521869BDA56270792__E8A08BA801FA2A7442A5421500E5517BEB3E031E.udd" 2662
"C:/Users/rthru/AppData/Local/UnrealEngine/Common/DerivedDataCache/9/5/3/TEXTURE_564290F8998644E39A2118D5C683187B_BGRA8_EF344AA146B8EF521869BDA56270792__5DD2B83C97274A0D77B6282148EC9EA96130164C.udd" 2663
"C:/Users/rthru/AppData/Local/UnrealEngine/Common/DerivedDataCache/3/4/5/TEXTURE_564290F8998644E39A2118D5C683187B_BGRA8_EF344AA146B8EF521869BDA56270792__EFAE6846F168823827B1F8A7D04D1FE0E4E226BF.udd" 2664
"C:/Users/rthru/AppData/Local/UnrealEngine/Common/DerivedDataCache/8/6/3/TEXTURE_564290F8998644E39A2118D5C683187B_BGRA8_C010939145BD807913943884B818AC8__E66835BCE6D8C6459B7FB61FBCD4FD924FA2C968.udd" 2665
"C:/Users/rthru/AppData/Local/UnrealEngine/Common/DerivedDataCache/3/0/7/TEXTURE_564290F8998644E39A2118D5C683187B_BGRA8_C010939145BD807913943884B818AC8__E9A3707F096C47A5459812DFB7025F246006AB84.udd" 2666
"C:/Users/rthru/AppData/Local/UnrealEngine/Common/DerivedDataCache/5/4/2/TEXTURE_564290F8998644E39A2118D5C683187B_BGRA8_C010939145BD807913943884B818AC8__A0E11877339C99762D292A0B9C1A47E45BCBDFD0.udd" 2667
"C:/Users/rthru/AppData/Local/UnrealEngine/Common/DerivedDataCache/4/7/5/TEXTURE_564290F8998644E39A2118D5C683187B_DXT1_A58F85434E513600E685409B12AF13D1__D32C46B41DA107EB61F45A76330108266FC0859A.udd" 2668
"C:/Users/rthru/AppData/Local/UnrealEngine/Common/DerivedDataCache/3/0/4/TEXTURE_564290F8998644E39A2118D5C683187B_BGRA8_C135C7334CB504646A0C2497D4735B1__C1883D7D49474CF692BF6ACC8B0CE3B303E7C757.udd" 2669
"C:/Users/rthru/AppData/Local/UnrealEngine/Common/DerivedDataCache/8/5/9/TEXTURE_564290F8998644E39A2118D5C683187B_DXT1_6662054543B9433795BA739C41F3D185__F58D29A2F69FABE6AC3F75C0767D228AC962FFF2.udd" 2670
"C:/Users/rthru/AppData/Local/UnrealEngine/Common/DerivedDataCache/6/7/3/TEXTURE_564290F8998644E39A2118D5C683187B_DXT1_A58F85434E513600E685409B12AF13D1__6CBB32BF2C8B7EEB723C2CF18F492826ED536B75.udd" 2671
"C:/Users/rthru/AppData/Local/UnrealEngine/Common/DerivedDataCache/8/4/3/TEXTURE_564290F8998644E39A2118D5C683187B_AUTODXT_4C1118714570E3E9FCF9108C772FF__7196F483B9FD92D3EE04AA35D17B64095CD9B625.udd" 2672
"C:/Users/rthru/AppData/Local/UnrealEngine/Common/DerivedDataCache/7/1/0/TEXTURE_564290F8998644E39A2118D5C683187B_AUTODXT_4C1118714570E3E9FCF9108C772FF__D86BC80E4A139D98B0961E430767046922275A9C.udd" 2673
"C:/Users/rthru/AppData/Local/UnrealEngine/Common/DerivedDataCache/1/3/1/TEXTURE_564290F8998644E39A2118D5C683187B_BC5_AD6ECD254C74BD895A8F0C87B2E7473C___1C55CD36603B1914129F74D541B6CD99E6D01559.udd" 2674
"C:/Users/rthru/AppData/Local/UnrealEngine/Common/DerivedDataCache/7/3/1/TEXTURE_564290F8998644E39A2118D5C683187B_BC5_AD6ECD254C74BD895A8F0C87B2E7473C___EF55758A18D51DDDEAF118295E0D012F5ACD8EEE.udd" 2675
"C:/Users/rthru/AppData/Local/UnrealEngine/Common/DerivedDataCache/2/5/7/TEXTURE_564290F8998644E39A2118D5C683187B_AUTODXT_4C1118714570E3E9FCF9108C772FF__7A6FB13E06121E712DB5DCEB4BCE89F093E2768F.udd" 2676
"C:/Users/rthru/AppData/Local/UnrealEngine/Common/DerivedDataCache/6/4/7/TEXTURE_564290F8998644E39A2118D5C683187B_DXT1_6662054543B9433795BA739C41F3D185__D890F048A5316F7BC490FCD4DCDADCF886F6A191.udd" 2677
"C:/Users/rthru/AppData/Local/UnrealEngine/Common/DerivedDataCache/2/4/8/TEXTURE_564290F8998644E39A2118D5C683187B_AUTODXT_4C1118714570E3E9FCF9108C772FF__BE686DB11B4AB6E0FC28C6BD4B6FF81D5306EF12.udd" 2678
"C:/Users/rthru/AppData/Local/UnrealEngine/Common/DerivedDataCache/7/0/7/TEXTURE_564290F8998644E39A2118D5C683187B_AUTODXT_6DFDADA148BB56F070FF4E84415ED__E19C2701256827D533B33B5697F8E8B488343AEF.udd" 2679
"C:/Users/rthru/AppData/Local/UnrealEngine/Common/DerivedDataCache/4/9/9/TEXTURE_564290F8998644E39A2118D5C683187B_AUTODXT_6DFDADA148BB56F070FF4E84415ED__D3B6703C2655E5DB9C8EDCA62DCCB24B7AD780C6.udd" 2680
"C:/Users/rthru/AppData/Local/UnrealEngine/Common/DerivedDataCache/4/9/6/TEXTURE_564290F8998644E39A2118D5C683187B_AUTODXT_4C1118714570E3E9FCF9108C772FF__49DFE3675B635BD28CC6BACAB010CF9F2D938316.udd" 2681
"C:/Users/rthru/AppData/Local/UnrealEngine/Common/DerivedDataCache/0/0/7/TEXTURE_564290F8998644E39A2118D5C683187B_AUTODXT_4C1118714570E3E9FCF9108C772FF__4DFD301EE3608EEDF0FDBECD2626384A04112FBF.udd" 2682
"C:/Users/rthru/AppData/Local/UnrealEngine/Common/DerivedDataCache/7/9/8/TEXTURE_564290F8998644E39A2118D5C683187B_DXT1_A58F85434E513600E685409B12AF13D1__27F394B52F8ECD74ABFFB59DEAE3233EE1E58A7C.udd" 2683
"C:/Users/rthru/AppData/Local/UnrealEngine/Common/DerivedDataCache/5/0/6/TEXTURE_564290F8998644E39A2118D5C683187B_BC5_8C0B92794AD3F32608A205BA62825103___BBFB7D9A322E4AF48F8DB240A243661EFDDC3F78.udd" 2684
"C:/Users/rthru/AppData/Local/UnrealEngine/Common/DerivedDataCache/6/2/6/TEXTURE_564290F8998644E39A2118D5C683187B_BC5_8C0B92794AD3F32608A205BA62825103___0048B703093CA5900CC947AA3B8D67AEA9633C58.udd" 2685
"C:/Users/rthru/AppData/Local/UnrealEngine/Common/DerivedDataCache/6/6/0/TEXTURE_564290F8998644E39A2118D5C683187B_AUTODXT_A82D660D4132D33B3B580F9DE9F52__53428416DE9900DEDEF862160FFB99CF0BAF5188.udd" 2686
"C:/Users/rthru/AppData/Local/UnrealEngine/Common/DerivedDataCache/2/3/4/TEXTURE_564290F8998644E39A2118D5C683187B_AUTODXT_A82D660D4132D33B3B580F9DE9F52__3BA1D9FB6CC33699C741E4FF56CFA2B40E74852F.udd" 2687
"C:/Users/rthru/AppData/Local/UnrealEngine/Common/DerivedDataCache/8/3/7/TEXTURE_564290F8998644E39A2118D5C683187B_AUTODXT_6DFDADA148BB56F070FF4E84415ED__303444CDF94DBFA2F9496445B3213C4641022901.udd" 2688
"C:/Users/rthru/AppData/Local/UnrealEngine/Common/DerivedDataCache/0/8/4/TEXTURE_564290F8998644E39A2118D5C683187B_BC5_AD6ECD254C74BD895A8F0C87B2E7473C___52BB936C26057EAB325695C02F5F01D7D55AA9C5.udd" 2689
"C:/Users/rthru/AppData/Local/UnrealEngine/Common/DerivedDataCache/2/2/9/TEXTURE_564290F8998644E39A2118D5C683187B_AUTODXT_6DFDADA148BB56F070FF4E84415ED__9B35849707A53B4BB416FB4929D9294DF3110D9D.udd" 2690
"C:/Users/rthru/AppData/Local/UnrealEngine/Common/DerivedDataCache/9/8/2/TEXTURE_564290F8998644E39A2118D5C683187B_AUTODXT_6DFDADA148BB56F070FF4E84415ED__CC1D30DCD0E68CCA994577A78258D200C250978A.udd" 2691
"C:/Users/rthru/AppData/Local/UnrealEngine/Common/DerivedDataCache/8/9/5/TEXTURE_564290F8998644E39A2118D5C683187B_AUTODXT_6DFDADA148BB56F070FF4E84415ED__7A41A03F3C30E6D5DE32D97988A8F98A96381E9A.udd" 2692
"C:/Users/rthru/AppData/Local/UnrealEngine/Common/DerivedDataCache/8/9/8/TEXTURE_564290F8998644E39A2118D5C683187B_BC5_AD6ECD254C74BD895A8F0C87B2E7473C___40BA6FE3A4E3AD344BA71FA62DCE6DF26707330A.udd" 2693
"C:/Users/rthru/AppData/Local/UnrealEngine/Common/DerivedDataCache/2/5/1/TEXTURE_564290F8998644E39A2118D5C683187B_AUTODXT_A82D660D4132D33B3B580F9DE9F52__4CD0D7CBF5F698EF2A85851FF0EB75208252A0BC.udd" 2694
"C:/Users/rthru/AppData/Local/UnrealEngine/Common/DerivedDataCache/9/4/5/TEXTURE_564290F8998644E39A2118D5C683187B_BC5_AD6ECD254C74BD895A8F0C87B2E7473C___62F84F359E01399198C2CF4BED7C21E5A6E17E04.udd" 2695
"C:/Users/rthru/AppData/Local/UnrealEngine/Common/DerivedDataCache/5/6/3/TEXTURE_564290F8998644E39A2118D5C683187B_BC5_AD6ECD254C74BD895A8F0C87B2E7473C___B16891496E82A4AC4AEB38B5F3BA5DC5CA9E04AC.udd" 2696
"C:/Users/rthru/AppData/Local/UnrealEngine/Common/DerivedDataCache/8/0/8/TEXTURE_564290F8998644E39A2118D5C683187B_AUTODXT_A82D660D4132D33B3B580F9DE9F52__7B883C04E35ED6F1DFB7BA8B395CB70B8EF91A07.udd" 2697
"C:/Users/rthru/AppData/Local/UnrealEngine/Common/DerivedDataCache/6/1/6/TEXTURE_564290F8998644E39A2118D5C683187B_AUTODXT_A82D660D4132D33B3B580F9DE9F52__AA5D3BF80A927034F086D7DFD3DC1BED1D926EB1.udd" 2698
"C:/Users/rthru/AppData/Local/UnrealEngine/Common/DerivedDataCache/2/2/1/TEXTURE_564290F8998644E39A2118D5C683187B_BC5_8C0B92794AD3F32608A205BA62825103___5B9EDCC5D79D05D7B291F9FDF41A227A6F52A987.udd" 2699
"C:/Users/rthru/AppData/Local/UnrealEngine/Common/DerivedDataCache/8/7/4/MATSM_8915F134E11A46E2ACFF4214A7775BDD_PCD3D_SM5_8__BC5N_NOCCBN_NOIRIS_DEV_SL___1C2ED28F6054445D7AAA578F3B0E62667A243B3A.udd" 2700
"C:/Users/rthru/AppData/Local/UnrealEngine/Common/DerivedDataCache/4/3/3/TEXTURE_564290F8998644E39A2118D5C683187B_AUTODXT_A82D660D4132D33B3B580F9DE9F52__D5A457B2CD8BD228FDE539A0F78DF07CA50FBC7E.udd" 2701
"C:/Users/rthru/AppData/Local/UnrealEngine/Common/DerivedDataCache/5/5/5/TEXTURE_564290F8998644E39A2118D5C683187B_BC5_8C0B92794AD3F32608A205BA62825103___15C0D89BD90971B3A5F62EAF2DEC65C56F91A622.udd" 2702
"C:/Users/rthru/AppData/Local/UnrealEngine/Common/DerivedDataCache/0/4/0/TEXTURE_564290F8998644E39A2118D5C683187B_BC5_8C0B92794AD3F32608A205BA62825103___B463F5662224ACB63647518D5B09C0C41AC8FFF2.udd" 2703
"C:/Users/rthru/AppData/Local/UnrealEngine/Common/DerivedDataCache/9/7/7/TEXTURE_564290F8998644E39A2118D5C683187B_BC5_8C0B92794AD3F32608A205BA62825103___8A15884CB5A4B94D7E0C55BE25BF3E35B9D1F136.udd" 2704
"C:/Users/rthru/AppData/Local/UnrealEngine/Common/DerivedDataCache/0/0/4/TEXTURE_564290F8998644E39A2118D5C683187B_DXT1_6662054543B9433795BA739C41F3D185__31B9DDBC25C8F344A50D842C4960D182B9CBECE6.udd" 2705
"C:/Users/rthru/AppData/Local/UnrealEngine/Common/DerivedDataCache/2/2/6/TEXTURE_564290F8998644E39A2118D5C683187B_DXT1_9D6C6B6647F2EDC4AF48FAA0C524C33F__A3A389348285FFEC7D996DE1B61931DBC6DEFC3C.udd" 2706
"C:/Users/rthru/AppData/Local/UnrealEngine/Common/DerivedDataCache/2/1/0/TEXTURE_564290F8998644E39A2118D5C683187B_DXT1_9D6C6B6647F2EDC4AF48FAA0C524C33F__169EB76B38E38583C72DA77EBBA660AB5181D0CC.udd" 2707
"C:/Users/rthru/AppData/Local/UnrealEngine/Common/DerivedDataCache/9/7/4/TEXTURE_564290F8998644E39A2118D5C683187B_AUTODXT_D8F02A164C2EB73514541280BDA78__0E8973778646FB708792300B19D80B71693A4C62.udd" 2708
"C:/Users/rthru/AppData/Local/UnrealEngine/Common/DerivedDataCache/2/7/0/TEXTURE_564290F8998644E39A2118D5C683187B_AUTODXT_D8F02A164C2EB73514541280BDA78__86E7B7B0A6E21C27B1F99BC6293A3FAFE2DADD9B.udd" 2709
"C:/Users/rthru/AppData/Local/UnrealEngine/Common/DerivedDataCache/5/3/1/TEXTURE_564290F8998644E39A2118D5C683187B_AUTODXT_D8F02A164C2EB73514541280BDA78__6B34E0A812E06055B584BF2DD6D1277E3D385158.udd" 2710
"C:/Users/rthru/AppData/Local/UnrealEngine/Common/DerivedDataCache/1/8/0/TEXTURE_564290F8998644E39A2118D5C683187B_AUTODXT_D8F02A164C2EB73514541280BDA78__731ECB6D84CF6A43397DDE591125AA6330A20E71.udd" 2711
"C:/Users/rthru/AppData/Local/UnrealEngine/Common/DerivedDataCache/0/4/7/TEXTURE_564290F8998644E39A2118D5C683187B_AUTODXT_D8F02A164C2EB73514541280BDA78__934F9D932E05F98E3CAE00FE27063D533AA73E81.udd" 2712
"C:/Users/rthru/AppData/Local/UnrealEngine/Common/DerivedDataCache/1/3/3/TEXTURE_564290F8998644E39A2118D5C683187B_AUTODXT_D8F02A164C2EB73514541280BDA78__762CBD9125A6EE2EE7C180441597779C0D6C65E0.udd" 2713
"C:/Users/rthru/AppData/Local/UnrealEngine/Common/DerivedDataCache/5/8/7/MATSM_8915F134E11A46E2ACFF4214A7775BDD_PCD3D_SM5_8__BC5N_NOCCBN_NOIRIS_DEV_SL___2D94E7DF2EFDA024F65E7E748E47AD8F29915FF3.udd" 2714
"C:/Users/rthru/AppData/Local/UnrealEngine/Common/DerivedDataCache/9/5/6/TEXTURE_564290F8998644E39A2118D5C683187B_AUTODXT_D931B7AC491D08F84F0A16B332C1E__32CA4DC4E06625D58A4EAA7A778F2A33CFE0336E.udd" 2715
"C:/Users/rthru/AppData/Local/UnrealEngine/Common/DerivedDataCache/4/5/0/TEXTURE_564290F8998644E39A2118D5C683187B_AUTODXT_D931B7AC491D08F84F0A16B332C1E__55E891E3EBC18B60F2B8992FED8A4DEAD3B299E1.udd" 2716
"C:/Users/rthru/AppData/Local/UnrealEngine/Common/DerivedDataCache/2/6/8/TEXTURE_564290F8998644E39A2118D5C683187B_AUTODXT_D931B7AC491D08F84F0A16B332C1E__B1709F94E0B5C86D76F7690F64CDEEE830329EF3.udd" 2717
"C:/Users/rthru/AppData/Local/UnrealEngine/Common/DerivedDataCache/9/6/1/TEXTURE_564290F8998644E39A2118D5C683187B_AUTODXT_D931B7AC491D08F84F0A16B332C1E__A4B82E1786386EA72A455BAA2C5D1D91BE270C2D.udd" 2718
"C:/Users/rthru/AppData/Local/UnrealEngine/Common/DerivedDataCache/8/6/3/TEXTURE_564290F8998644E39A2118D5C683187B_AUTODXT_D931B7AC491D08F84F0A16B332C1E__7F797E2DDDA84A356A415D57510CA0AF4B297C9A.udd" 2719
"C:/Users/rthru/AppData/Local/UnrealEngine/Common/DerivedDataCache/3/3/9/TEXTURE_564290F8998644E39A2118D5C683187B_AUTODXT_D931B7AC491D08F84F0A16B332C1E__16427431F59011927DDC95A2D277ADDA13066898.udd" 2720
"C:/Users/rthru/AppData/Local/UnrealEngine/Common/DerivedDataCache/4/7/3/TEXTURE_564290F8998644E39A2118D5C683187B_BC5_DDABCB2B48392C90A5474F8E0DB26ADC___38CBA2B5AACCFA69830C09FAF2EADD60932A7EA8.udd" 2721
"C:/Users/rthru/AppData/Local/UnrealEngine/Common/DerivedDataCache/1/6/5/TEXTURE_564290F8998644E39A2118D5C683187B_BC5_DDABCB2B48392C90A5474F8E0DB26ADC___2E42B1AE3F49624526BACEB94C586FE80B654C44.udd" 2722
"C:/Users/rthru/AppData/Local/UnrealEngine/Common/DerivedDataCache/6/3/8/TEXTURE_564290F8998644E39A2118D5C683187B_AUTODXT_2ADC450E46D9B9ADD7D26AB7A9E6D__7635195576F9A4C9F93DD364075690A8A1E348BB.udd" 2723
"C:/Users/rthru/AppData/Local/UnrealEngine/Common/DerivedDataCache/1/6/9/TEXTURE_564290F8998644E39A2118D5C683187B_AUTODXT_2ADC450E46D9B9ADD7D26AB7A9E6D__D805CDEB1BDD72A228F8DC62ACC8EE556A647424.udd" 2724
"C:/Users/rthru/AppData/Local/UnrealEngine/Common/DerivedDataCache/5/0/2/TEXTURE_564290F8998644E39A2118D5C683187B_BC5_DDABCB2B48392C90A5474F8E0DB26ADC___90ED7D124F058D50C702052805E4607C28518175.udd" 2725
"C:/Users/rthru/AppData/Local/UnrealEngine/Common/DerivedDataCache/0/7/4/TEXTURE_564290F8998644E39A2118D5C683187B_BC5_DDABCB2B48392C90A5474F8E0DB26ADC___17A8FD136EEE336E98C5A33C057276B2252CC731.udd" 2726
"C:/Users/rthru/AppData/Local/UnrealEngine/Common/DerivedDataCache/8/7/5/TEXTURE_564290F8998644E39A2118D5C683187B_AUTODXT_2ADC450E46D9B9ADD7D26AB7A9E6D__1E81A9C67AE1BD680BFB2433CD79289B8CAABB0F.udd" 2727
"C:/Users/rthru/AppData/Local/UnrealEngine/Common/DerivedDataCache/9/2/9/TEXTURE_564290F8998644E39A2118D5C683187B_BC5_DDABCB2B48392C90A5474F8E0DB26ADC___DDB190139E3D989A311A2C2337F53A1F3969BF5C.udd" 2728
"C:/Users/rthru/AppData/Local/UnrealEngine/Common/DerivedDataCache/7/5/1/TEXTURE_564290F8998644E39A2118D5C683187B_BC5_DDABCB2B48392C90A5474F8E0DB26ADC___CA52DDE147D1B0A36BF2F68D1F8C25A84745FCD2.udd" 2729
"C:/Users/rthru/AppData/Local/UnrealEngine/Common/DerivedDataCache/8/2/9/TEXTURE_564290F8998644E39A2118D5C683187B_AUTODXT_2ADC450E46D9B9ADD7D26AB7A9E6D__8CD2A0290AC56F6AE2E68471CAD05BD4ABB03219.udd" 2730
"C:/Users/rthru/AppData/Local/UnrealEngine/Common/DerivedDataCache/9/0/8/TEXTURE_564290F8998644E39A2118D5C683187B_AUTODXT_2ADC450E46D9B9ADD7D26AB7A9E6D__846290BB86F5F2A7B143014915F6D25C49A2634D.udd" 2731
"C:/Users/rthru/AppData/Local/UnrealEngine/Common/DerivedDataCache/8/1/5/TEXTURE_564290F8998644E39A2118D5C683187B_AUTODXT_2ADC450E46D9B9ADD7D26AB7A9E6D__C3212371497EDA6752068C0BDAE79766F4A4E981.udd" 2732
"C:/Users/rthru/AppData/Local/UnrealEngine/Common/DerivedDataCache/0/6/5/MATSM_8915F134E11A46E2ACFF4214A7775BDD_PCD3D_SM5_8__BC5N_NOCCBN_NOIRIS_DEV_SL___F6B4021079E708D6AAC94A2DA48A96455BD12726.udd" 2733
"C:/Users/rthru/AppData/Local/UnrealEngine/Common/DerivedDataCache/5/0/0/TEXTURE_564290F8998644E39A2118D5C683187B_AUTODXT_D094253A4D11C25F2EADD2A6688FD__BD848DB05F6D1C1051D8E0732ECCB2982C4500A1.udd" 2734
"C:/Users/rthru/AppData/Local/UnrealEngine/Common/DerivedDataCache/3/4/5/TEXTURE_564290F8998644E39A2118D5C683187B_AUTODXT_D094253A4D11C25F2EADD2A6688FD__64F90770C5DDA10801DC7388BE5F238C193FE216.udd" 2735
"C:/Users/rthru/AppData/Local/UnrealEngine/Common/DerivedDataCache/0/8/3/TEXTURE_564290F8998644E39A2118D5C683187B_AUTODXT_D094253A4D11C25F2EADD2A6688FD__810930E247792EB04BD7D6986CDE32963E251362.udd" 2736
"C:/Users/rthru/AppData/Local/UnrealEngine/Common/DerivedDataCache/6/8/7/TEXTURE_564290F8998644E39A2118D5C683187B_AUTODXT_D094253A4D11C25F2EADD2A6688FD__E4587E0348FB3B80983B3F0B3B17181AF10AE090.udd" 2737
"C:/Users/rthru/AppData/Local/UnrealEngine/Common/DerivedDataCache/4/7/6/TEXTURE_564290F8998644E39A2118D5C683187B_AUTODXT_D094253A4D11C25F2EADD2A6688FD__18DDC23B35064FEF5226158E2B15BB9160C0B036.udd" 2738
"C:/Users/rthru/AppData/Local/UnrealEngine/Common/DerivedDataCache/0/6/1/TEXTURE_564290F8998644E39A2118D5C683187B_AUTODXT_D094253A4D11C25F2EADD2A6688FD__91415AB93EF1CD59325ABAB649619389DF1B2B9A.udd" 2739
"C:/Users/rthru/AppData/Local/UnrealEngine/Common/DerivedDataCache/8/4/1/MATSM_8915F134E11A46E2ACFF4214A7775BDD_PCD3D_SM5_8__BC5N_NOCCBN_NOIRIS_DEV_SL___F00C4160DD59E4A5A56E46F2202370A8A2C97682.udd" 2740
"../../../../../UNREAL ENGINE/LICENTA BUNA/Licenta/Content/CustomAssets/Materials/Invisible.uasset" 2741
"../../../../../UNREAL ENGINE/LICENTA BUNA/Licenta/Content/GameMaps/PuzzleLevel_BuiltData.uasset" 2742
"../../../../../UNREAL ENGINE/LICENTA BUNA/Licenta/Content/CustomAssets/Meshes/GreenFallthrough_StaticMesh.uasset" 2743
"../../../../../UNREAL ENGINE/LICENTA BUNA/Licenta/Content/CustomAssets/Meshes/ModularBuildingKit12-FixedAll_Floor-Cross.uasset" 2744
"../../../../../UNREAL ENGINE/LICENTA BUNA/Licenta/Content/CustomAssets/Materials/FloorCross.uasset" 2745
"../../../../../UNREAL ENGINE/LICENTA BUNA/Licenta/Content/CustomAssets/Textures/Meshes/ModularBuildingKit12_FloorCross_BaseColor.uasset" 2746
"../../../../../UNREAL ENGINE/LICENTA BUNA/Licenta/Content/CustomAssets/Textures/Meshes/ModularBuildingKit12_FloorCross_Normal.uasset" 2747
"../../../../../UNREAL ENGINE/LICENTA BUNA/Licenta/Content/CustomAssets/Textures/Meshes/ModularBuildingKit12_FloorCross_OcclusionRoughnessMetallic.uasset" 2748
"../../../../../UNREAL ENGINE/LICENTA BUNA/Licenta/Content/CustomAssets/Meshes/ModularBuildingKit13_WallCornerIn.uasset" 2749
"../../../../../UNREAL ENGINE/LICENTA BUNA/Licenta/Content/CustomAssets/Materials/WallCornerIn.uasset" 2750
"../../../../../UNREAL ENGINE/LICENTA BUNA/Licenta/Content/CustomAssets/Textures/Meshes/ModularBuildingKit13-CornerPiece_WallCornerIn_BaseColor.uasset" 2751
"../../../../../UNREAL ENGINE/LICENTA BUNA/Licenta/Content/CustomAssets/Textures/Meshes/ModularBuildingKit13-CornerPiece_WallCornerIn_Normal.uasset" 2752
"../../../../../UNREAL ENGINE/LICENTA BUNA/Licenta/Content/CustomAssets/Textures/Meshes/ModularBuildingKit13-CornerPiece_WallCornerIn_OcclusionRoughnessMetallic.uasset" 2753
"C:/Users/rthru/AppData/Local/UnrealEngine/Common/DerivedDataCache/6/9/7/AUDIO_0005_0000_OGG10025600$2D1$2D1$2D1$2D1$2D1_0003_D835EFFF422FB5068AB13AA86D6E3140.udd" 2754
"C:/Users/rthru/AppData/Local/UnrealEngine/Common/DerivedDataCache/2/1/6/STATICMESH_A9B55814188440DA96CF4A9D318BC1C5_228332BAE0224DD294E232B87D83948FQU__98D8B6F6321A11CF9C849CF134A8087C0B7DAB9B.udd" 2755
"C:/Users/rthru/AppData/Local/UnrealEngine/Common/DerivedDataCache/8/0/2/NAVCOLLISION_B89838347A4348138EE337A847529C5C_NAVCOLLISION_X_E40F3E574DDF653E6__57CE4CC58E58BF0F892A3D3C1B4B985D66AD4EAF.udd" 2756
"C:/Users/rthru/AppData/Local/UnrealEngine/Common/DerivedDataCache/5/8/0/PHYSX_A08609EF508D460CBB6710540B03AACF_PHYSXPC_E40F3E574DDF653E60D70FAB9EA3897__308B81FC15E44B47013DF2775DC2972C9306058C.udd" 2757
"C:/Users/rthru/AppData/Local/UnrealEngine/Common/DerivedDataCache/4/6/5/STATICMESH_A9B55814188440DA96CF4A9D318BC1C5_228332BAE0224DD294E232B87D83948FQU__095D7BA7E7B8417BA13F8F07A00AAFD3D39171F3.udd" 2758
"C:/Users/rthru/AppData/Local/UnrealEngine/Common/DerivedDataCache/3/6/2/NAVCOLLISION_B89838347A4348138EE337A847529C5C_NAVCOLLISION_X_799DF541439072B05__E948D405D4F13A223C818A68BEA9EAFDCE7867D6.udd" 2759
"C:/Users/rthru/AppData/Local/UnrealEngine/Common/DerivedDataCache/7/1/8/PHYSX_A08609EF508D460CBB6710540B03AACF_PHYSXPC_799DF541439072B05E706888BA53880__C7EFBCB4A095A02347368C8F98E6ABFBEED8F94B.udd" 2760
"C:/Users/rthru/AppData/Local/UnrealEngine/Common/DerivedDataCache/3/7/6/STATICMESH_A9B55814188440DA96CF4A9D318BC1C5_228332BAE0224DD294E232B87D83948FQU__7B68AED94F8B469BB1BE726BB639BD7A6BBB2DA9.udd" 2761
"C:/Users/rthru/AppData/Local/UnrealEngine/Common/DerivedDataCache/2/8/7/NAVCOLLISION_B89838347A4348138EE337A847529C5C_NAVCOLLISION_X_1340803642D2D5CA4__C1FA61946FC8A9B985E9A76B016B33393E15E8B2.udd" 2762
"C:/Users/rthru/AppData/Local/UnrealEngine/Common/DerivedDataCache/7/6/6/PHYSX_A08609EF508D460CBB6710540B03AACF_PHYSXPC_1340803642D2D5CA4B46DAB21DD10FD__6319AB0DB95A2E3EC17DCF2BF896176DA8ED43DE.udd" 2763
"C:/Users/rthru/AppData/Local/UnrealEngine/Common/DerivedDataCache/9/2/8/MATSM_8915F134E11A46E2ACFF4214A7775BDD_PCD3D_SM5_8__BC5N_NOCCBN_NOIRIS_DEV_SL___739F96C8385BF374FA72521FA6D98AA2098FB0AA.udd" 2764
"C:/Users/rthru/AppData/Local/UnrealEngine/Common/DerivedDataCache/4/5/9/TEXTURE_564290F8998644E39A2118D5C683187B_AUTODXT_FA85001F4BB00FDAF1B2D2AF91C4C__FF533BC54EDCD69A8ECCD627A65FD49DB8CA620E.udd" 2765
"../../../../../UNREAL ENGINE/LICENTA BUNA/Licenta/Content/CustomAssets/Animation/EndLevel.uasset" 2766
"C:/Users/rthru/AppData/Local/UnrealEngine/Common/DerivedDataCache/4/5/9/TEXTURE_564290F8998644E39A2118D5C683187B_AUTODXT_FA85001F4BB00FDAF1B2D2AF91C4C__1943697CB56EFFE931AC8BABD5AC6C7A5CE2AE17.udd" 2767
"C:/Users/rthru/AppData/Local/UnrealEngine/Common/DerivedDataCache/4/7/9/TEXTURE_564290F8998644E39A2118D5C683187B_BC5_B9A954CA42487ED4B6E5929136E03A5D___BE68CDCEA0C9C5EB7606A5E49120CDB73D6E495C.udd" 2768
"C:/Users/rthru/AppData/Local/UnrealEngine/Common/DerivedDataCache/6/6/2/TEXTURE_564290F8998644E39A2118D5C683187B_AUTODXT_85873E984F0A1D64B9562C9DEF32D__9641F742A050DB30E8DE460B0E0DDB4A2C34D5BE.udd" 2769
"C:/Users/rthru/AppData/Local/UnrealEngine/Common/DerivedDataCache/7/6/0/TEXTURE_564290F8998644E39A2118D5C683187B_AUTODXT_FA85001F4BB00FDAF1B2D2AF91C4C__0A337D59ED54EAA6D406E1DAAC944C9F9196DD75.udd" 2770
"C:/Users/rthru/AppData/Local/UnrealEngine/Common/DerivedDataCache/8/0/3/TEXTURE_564290F8998644E39A2118D5C683187B_AUTODXT_FA85001F4BB00FDAF1B2D2AF91C4C__37DEFADC1DBAA6DBCCFEE83310835BACED948789.udd" 2771
"C:/Users/rthru/AppData/Local/UnrealEngine/Common/DerivedDataCache/7/3/9/TEXTURE_564290F8998644E39A2118D5C683187B_AUTODXT_FA85001F4BB00FDAF1B2D2AF91C4C__4C1E3CE85B357C203C40566E614F7517DC9B2D1C.udd" 2772
"C:/Users/rthru/AppData/Local/UnrealEngine/Common/DerivedDataCache/1/5/2/TEXTURE_564290F8998644E39A2118D5C683187B_AUTODXT_FA85001F4BB00FDAF1B2D2AF91C4C__D990750D03E1042F9F826C42A075CE8954EA318E.udd" 2773
"C:/Users/rthru/AppData/Local/UnrealEngine/Common/DerivedDataCache/9/8/2/MATSM_8915F134E11A46E2ACFF4214A7775BDD_PCD3D_SM5_8__BC5N_NOCCBN_NOIRIS_DEV_SL___C04DC5C81709705F2A9DBA64248056F708CBC2C6.udd" 2774
"C:/Users/rthru/AppData/Local/UnrealEngine/Common/DerivedDataCache/3/7/9/TEXTURE_564290F8998644E39A2118D5C683187B_AUTODXT_E67F3C004BB33C350F56F182EAC9C__54E0EF4674B5469065F18D580CAE1FC42126ED71.udd" 2775
"C:/Users/rthru/AppData/Local/UnrealEngine/Common/DerivedDataCache/2/0/1/TEXTURE_564290F8998644E39A2118D5C683187B_AUTODXT_E67F3C004BB33C350F56F182EAC9C__22F52754123FC961EF5EAA96E01F2FF094C1C673.udd" 2776
"C:/Users/rthru/AppData/Local/UnrealEngine/Common/DerivedDataCache/5/9/6/TEXTURE_564290F8998644E39A2118D5C683187B_AUTODXT_E67F3C004BB33C350F56F182EAC9C__47EDFC5486329C4C1C9CBAFEC94CEC1FFC10AC1A.udd" 2777
"C:/Users/rthru/AppData/Local/UnrealEngine/Common/DerivedDataCache/5/4/6/TEXTURE_564290F8998644E39A2118D5C683187B_BC5_1C29992146CA201658C8E199C616331D___30803A5F774A39B586EA096AA66E77FC978C9CD5.udd" 2778
"C:/Users/rthru/AppData/Local/UnrealEngine/Common/DerivedDataCache/1/9/4/TEXTURE_564290F8998644E39A2118D5C683187B_BC5_1C29992146CA201658C8E199C616331D___1D54791C3B2558AD6F7B77C76895CBC5522E9373.udd" 2779
"C:/Users/rthru/AppData/Local/UnrealEngine/Common/DerivedDataCache/3/5/0/TEXTURE_564290F8998644E39A2118D5C683187B_AUTODXT_E67F3C004BB33C350F56F182EAC9C__92FB1432889CC7DE28F54CA603570A811FC19DA5.udd" 2780
"C:/Users/rthru/AppData/Local/UnrealEngine/Common/DerivedDataCache/2/0/0/TEXTURE_564290F8998644E39A2118D5C683187B_AUTODXT_E67F3C004BB33C350F56F182EAC9C__362A911D7196400C9E69CCD13C7DF4B4B8056601.udd" 2781
"C:/Users/rthru/AppData/Local/UnrealEngine/Common/DerivedDataCache/0/2/7/TEXTURE_564290F8998644E39A2118D5C683187B_AUTODXT_E67F3C004BB33C350F56F182EAC9C__91304A97FF24F5D248ADEAC7DF2EC4243109048E.udd" 2782
"C:/Users/rthru/AppData/Local/UnrealEngine/Common/DerivedDataCache/6/8/4/TEXTURE_564290F8998644E39A2118D5C683187B_AUTODXT_480FBB6B4FD890E0BD8C05AB40A6F__C5AA6516795AFC1109001A149F3F8512F72F4213.udd" 2783
"C:/Users/rthru/AppData/Local/UnrealEngine/Common/DerivedDataCache/9/7/4/TEXTURE_564290F8998644E39A2118D5C683187B_AUTODXT_480FBB6B4FD890E0BD8C05AB40A6F__97AD973CEE670196EB7D11A416CC7DB90FF37CED.udd" 2784
"C:/Users/rthru/AppData/Local/UnrealEngine/Common/DerivedDataCache/1/1/9/TEXTURE_564290F8998644E39A2118D5C683187B_BC5_B9A954CA42487ED4B6E5929136E03A5D___E34AB1D72ADEA4FA1CEDC9B0A90546DA0E905E92.udd" 2785
"C:/Users/rthru/AppData/Local/UnrealEngine/Common/DerivedDataCache/8/5/7/TEXTURE_564290F8998644E39A2118D5C683187B_AUTODXT_480FBB6B4FD890E0BD8C05AB40A6F__B7D7B9C1B2A5DB8394D01E1247872D9D5C205097.udd" 2786
"C:/Users/rthru/AppData/Local/UnrealEngine/Common/DerivedDataCache/4/9/0/TEXTURE_564290F8998644E39A2118D5C683187B_BC5_1C29992146CA201658C8E199C616331D___E04F7D814D167F908A44C448A24E251402666F9F.udd" 2787
"C:/Users/rthru/AppData/Local/UnrealEngine/Common/DerivedDataCache/6/2/4/TEXTURE_564290F8998644E39A2118D5C683187B_AUTODXT_480FBB6B4FD890E0BD8C05AB40A6F__765149B28E3BB8D60A0B9E7F163C999437959117.udd" 2788
"C:/Users/rthru/AppData/Local/UnrealEngine/Common/DerivedDataCache/5/2/2/TEXTURE_564290F8998644E39A2118D5C683187B_AUTODXT_480FBB6B4FD890E0BD8C05AB40A6F__739F980C3E4FC31D9691CD40E32DA4DA76F24962.udd" 2789
"C:/Users/rthru/AppData/Local/UnrealEngine/Common/DerivedDataCache/9/8/8/TEXTURE_564290F8998644E39A2118D5C683187B_AUTODXT_480FBB6B4FD890E0BD8C05AB40A6F__C6792608CD56D2F7792CD558D1666BB834CD65CA.udd" 2790
"C:/Users/rthru/AppData/Local/UnrealEngine/Common/DerivedDataCache/6/7/1/TEXTURE_564290F8998644E39A2118D5C683187B_AUTODXT_85873E984F0A1D64B9562C9DEF32D__0E5A18767CC11C8793F5CD5B2DBBA2BE7BD59F7F.udd" 2791
"C:/Users/rthru/AppData/Local/UnrealEngine/Common/DerivedDataCache/7/6/9/TEXTURE_564290F8998644E39A2118D5C683187B_BC5_1C29992146CA201658C8E199C616331D___CF05C4A5CE69AF2465F417A05667E4B736013381.udd" 2792
"C:/Users/rthru/AppData/Local/UnrealEngine/Common/DerivedDataCache/8/0/3/TEXTURE_564290F8998644E39A2118D5C683187B_BC5_B9A954CA42487ED4B6E5929136E03A5D___C0E0B72963C9DFEBE19F13DC42769800D63F391E.udd" 2793
"C:/Users/rthru/AppData/Local/UnrealEngine/Common/DerivedDataCache/0/6/1/TEXTURE_564290F8998644E39A2118D5C683187B_BC5_1C29992146CA201658C8E199C616331D___61E8C54967531981DFC490F2A187D09357F56FB9.udd" 2794
"C:/Users/rthru/AppData/Local/UnrealEngine/Common/DerivedDataCache/5/8/6/MATSM_8915F134E11A46E2ACFF4214A7775BDD_PCD3D_SM5_8__BC5N_NOCCBN_NOIRIS_DEV_SL___954C4882556EC308F3345DDA69D23A6EC97B1A1A.udd" 2795
"C:/Users/rthru/AppData/Local/UnrealEngine/Common/DerivedDataCache/6/7/4/TEXTURE_564290F8998644E39A2118D5C683187B_BC5_1C29992146CA201658C8E199C616331D___8F9D382701881098FEC90C2EF44075D0F0DFB8A2.udd" 2796
"C:/Users/rthru/AppData/Local/UnrealEngine/Common/DerivedDataCache/3/5/0/TEXTURE_564290F8998644E39A2118D5C683187B_BC5_B9A954CA42487ED4B6E5929136E03A5D___9818407B3C8E3F14F37C1160825156031CC42A5A.udd" 2797
"C:/Users/rthru/AppData/Local/UnrealEngine/Common/DerivedDataCache/6/9/1/TEXTURE_564290F8998644E39A2118D5C683187B_AUTODXT_85873E984F0A1D64B9562C9DEF32D__8D7018A32B33BAB2DC5364792E8ED023F50C735E.udd" 2798
"C:/Users/rthru/AppData/Local/UnrealEngine/Common/DerivedDataCache/2/4/4/TEXTURE_564290F8998644E39A2118D5C683187B_BC5_B9A954CA42487ED4B6E5929136E03A5D___4D813311103378FFF7B367B13CE30C895306587B.udd" 2799
"C:/Users/rthru/AppData/Local/UnrealEngine/Common/DerivedDataCache/3/7/5/TEXTURE_564290F8998644E39A2118D5C683187B_BC5_B9A954CA42487ED4B6E5929136E03A5D___2832474B8F7A1CC54B5A4C65FD71A8331388069B.udd" 2800
"C:/Users/rthru/AppData/Local/UnrealEngine/Common/DerivedDataCache/6/4/2/TEXTURE_564290F8998644E39A2118D5C683187B_AUTODXT_85873E984F0A1D64B9562C9DEF32D__6974BB1E4AAED8848D0834743D637EAAE7E45B4D.udd" 2801
"C:/Users/rthru/AppData/Local/UnrealEngine/Common/DerivedDataCache/7/7/3/TEXTURE_564290F8998644E39A2118D5C683187B_AUTODXT_85873E984F0A1D64B9562C9DEF32D__DB7E99B930AB9E3E28866BA6C4C03FBD8D29BD8A.udd" 2802
"C:/Users/rthru/AppData/Local/UnrealEngine/Common/DerivedDataCache/4/2/1/TEXTURE_564290F8998644E39A2118D5C683187B_AUTODXT_85873E984F0A1D64B9562C9DEF32D__1B762B7A047CD207C2FAC517F2A7EB249F0C188E.udd" 2803
"C:/Users/rthru/AppData/Local/UnrealEngine/Common/DerivedDataCache/1/4/1/TEXTURE_564290F8998644E39A2118D5C683187B_AUTODXT_B3F2DB5A46F7220DA061459DC9A42__F6C4631BC801F86716904EBC195C98B13B666472.udd" 2804
"C:/Users/rthru/AppData/Local/UnrealEngine/Common/DerivedDataCache/8/0/2/TEXTURE_564290F8998644E39A2118D5C683187B_AUTODXT_C4479FD142812A7CC26B7BB1599D4__AE576614AB8C83D14B5CFB6DE6D41ED2D79AE751.udd" 2805
"C:/Users/rthru/AppData/Local/UnrealEngine/Common/DerivedDataCache/3/9/5/TEXTURE_564290F8998644E39A2118D5C683187B_AUTODXT_10704661491342B690D67088ECBDC__4ECF6261949330F8EA8CE469771D90F0FEDCD5FC.udd" 2806
"C:/Users/rthru/AppData/Local/UnrealEngine/Common/DerivedDataCache/7/1/3/TEXTURE_564290F8998644E39A2118D5C683187B_AUTODXT_B3F2DB5A46F7220DA061459DC9A42__3E8D0AAEF689887FCB8BE0065FDACCC5339B7387.udd" 2807
"C:/Users/rthru/AppData/Local/UnrealEngine/Common/DerivedDataCache/8/1/2/TEXTURE_564290F8998644E39A2118D5C683187B_AUTODXT_B249454147F0F796C6D1448F5CC0F__4EAEE9955E96448B4D10182C6615693FDA6BA2F7.udd" 2808
"C:/Users/rthru/AppData/Local/UnrealEngine/Common/DerivedDataCache/8/1/8/TEXTURE_564290F8998644E39A2118D5C683187B_AUTODXT_C4479FD142812A7CC26B7BB1599D4__99D24890389973EE2E58783D95F1E9363263471E.udd" 2809
"C:/Users/rthru/AppData/Local/UnrealEngine/Common/DerivedDataCache/9/5/6/TEXTURE_564290F8998644E39A2118D5C683187B_AUTODXT_44B00E9E45AB4BE7BA57D6B91EF8B__AEBD9A579A0726ED9E93BFD4DE11DB6A701E3DDF.udd" 2810
"C:/Users/rthru/AppData/Local/UnrealEngine/Common/DerivedDataCache/6/4/4/TEXTURE_564290F8998644E39A2118D5C683187B_AUTODXT_10704661491342B690D67088ECBDC__E0315C43151BEA91CFB4B7A7F7F1CF3EC1B58BDD.udd" 2811
"C:/Users/rthru/AppData/Local/UnrealEngine/Common/DerivedDataCache/3/3/2/TEXTURE_564290F8998644E39A2118D5C683187B_AUTODXT_B249454147F0F796C6D1448F5CC0F__454EDA0FA834D5A27639BCACBE99344DAB1B0674.udd" 2812
"C:/Users/rthru/AppData/Local/UnrealEngine/Common/DerivedDataCache/4/1/7/TEXTURE_564290F8998644E39A2118D5C683187B_AUTODXT_B489736544E87D763B8398988B3DD__43E4319713C881B3925F6ABD166CF152B56FAA3A.udd" 2813
"C:/Users/rthru/AppData/Local/UnrealEngine/Common/DerivedDataCache/2/1/9/TEXTURE_564290F8998644E39A2118D5C683187B_AUTODXT_B489736544E87D763B8398988B3DD__099909AAD1F56BACB3A82B344900935A627D2005.udd" 2814
"C:/Users/rthru/AppData/Local/UnrealEngine/Common/DerivedDataCache/7/6/5/TEXTURE_564290F8998644E39A2118D5C683187B_AUTODXT_44B00E9E45AB4BE7BA57D6B91EF8B__661885ABCD40EA1C525E33B516703516474FF889.udd" 2815
"C:/Users/rthru/AppData/Local/UnrealEngine/Common/DerivedDataCache/3/3/1/TEXTURE_564290F8998644E39A2118D5C683187B_AUTODXT_B3F2DB5A46F7220DA061459DC9A42__636034F88B239C2AA293AD21493CD90B44E10A61.udd" 2816
"C:/Users/rthru/AppData/Local/UnrealEngine/Common/DerivedDataCache/8/6/9/TEXTURE_564290F8998644E39A2118D5C683187B_AUTODXT_C4479FD142812A7CC26B7BB1599D4__95681F590A5B3F37D35826BF8C7E0CB8AD65DCDC.udd" 2817
"C:/Users/rthru/AppData/Local/UnrealEngine/Common/DerivedDataCache/6/0/5/TEXTURE_564290F8998644E39A2118D5C683187B_AUTODXT_B249454147F0F796C6D1448F5CC0F__FA226CAC626101B0C74C1CF7838F71BF9ED82151.udd" 2818
"C:/Users/rthru/AppData/Local/UnrealEngine/Common/DerivedDataCache/4/2/2/TEXTURE_564290F8998644E39A2118D5C683187B_AUTODXT_B3F2DB5A46F7220DA061459DC9A42__ACEDB0B66459F65B8A19C0A61FDE6D924A346F63.udd" 2819
"C:/Users/rthru/AppData/Local/UnrealEngine/Common/DerivedDataCache/5/5/5/TEXTURE_564290F8998644E39A2118D5C683187B_AUTODXT_C4479FD142812A7CC26B7BB1599D4__B95BD9392DA587D801DB3FF73960BE919A583C16.udd" 2820
"C:/Users/rthru/AppData/Local/UnrealEngine/Common/DerivedDataCache/0/3/2/TEXTURE_564290F8998644E39A2118D5C683187B_AUTODXT_10704661491342B690D67088ECBDC__B914823D6EFC23A7769CFDC69DB92E51BB4365E2.udd" 2821
"C:/Users/rthru/AppData/Local/UnrealEngine/Common/DerivedDataCache/4/6/7/TEXTURE_564290F8998644E39A2118D5C683187B_AUTODXT_B3F2DB5A46F7220DA061459DC9A42__9C5B869A7EC1B331AEE03D8C49FDF6DE816F9CA7.udd" 2822
"C:/Users/rthru/AppData/Local/UnrealEngine/Common/DerivedDataCache/8/1/7/TEXTURE_564290F8998644E39A2118D5C683187B_AUTODXT_C4479FD142812A7CC26B7BB1599D4__C0D051C108B9F266619961C98F182AAC32C54E1F.udd" 2823
"C:/Users/rthru/AppData/Local/UnrealEngine/Common/DerivedDataCache/0/2/9/TEXTURE_564290F8998644E39A2118D5C683187B_AUTODXT_B249454147F0F796C6D1448F5CC0F__57BE1921662E51AE2DDFB5A16D0269DB730B4181.udd" 2824
"C:/Users/rthru/AppData/Local/UnrealEngine/Common/DerivedDataCache/8/5/4/TEXTURE_564290F8998644E39A2118D5C683187B_DXT1_41A38C3E4C8100E01DED95BF44457832__8716EF131431E7D043FBD68269E29A6D54BF3C2C.udd" 2825
"C:/Users/rthru/AppData/Local/UnrealEngine/Common/DerivedDataCache/9/6/7/TEXTURE_564290F8998644E39A2118D5C683187B_AUTODXT_B489736544E87D763B8398988B3DD__2AA88CF2A9E84B27918ADBDD4025D96A548B811A.udd" 2826
"C:/Users/rthru/AppData/Local/UnrealEngine/Common/DerivedDataCache/9/6/3/TEXTURE_564290F8998644E39A2118D5C683187B_AUTODXT_10704661491342B690D67088ECBDC__E95444EE6C7710AC3B50D4F5710E39679F74803C.udd" 2827
"C:/Users/rthru/AppData/Local/UnrealEngine/Common/DerivedDataCache/4/0/5/TEXTURE_564290F8998644E39A2118D5C683187B_DXT1_F334EF4A4A24D33A0C690196C4DBFC5C__62B440B34FEA0FDD571976F0898C72607C960E91.udd" 2828
"C:/Users/rthru/AppData/Local/UnrealEngine/Common/DerivedDataCache/3/7/9/TEXTURE_564290F8998644E39A2118D5C683187B_AUTODXT_44B00E9E45AB4BE7BA57D6B91EF8B__454BDF395FD89AD41B3D42859F86A33455CACE28.udd" 2829
"C:/Users/rthru/AppData/Local/UnrealEngine/Common/DerivedDataCache/2/3/8/TEXTURE_564290F8998644E39A2118D5C683187B_AUTODXT_B249454147F0F796C6D1448F5CC0F__0070B5479222A4E8B143117D711F4F2965F1C5BA.udd" 2830
"C:/Users/rthru/AppData/Local/UnrealEngine/Common/DerivedDataCache/4/0/2/TEXTURE_564290F8998644E39A2118D5C683187B_AUTODXT_10704661491342B690D67088ECBDC__CFA8DE7FBC56BA993460D43EF7EA4231C200F4B3.udd" 2831
"C:/Users/rthru/AppData/Local/UnrealEngine/Common/DerivedDataCache/7/9/4/TEXTURE_564290F8998644E39A2118D5C683187B_DXT1_158284B9429D16D056784EAA37FCFB3C__155C1A372FC99BB80067F3A6DA512BEC2618F187.udd" 2832
"C:/Users/rthru/AppData/Local/UnrealEngine/Common/DerivedDataCache/9/7/0/TEXTURE_564290F8998644E39A2118D5C683187B_DXT1_A702D947499A4976B9A12DB6B75502F0__A9D0729D5BB628BA0DA9B0AFFEBDD9FD1363C8EC.udd" 2833
"C:/Users/rthru/AppData/Local/UnrealEngine/Common/DerivedDataCache/2/0/0/TEXTURE_564290F8998644E39A2118D5C683187B_AUTODXT_B489736544E87D763B8398988B3DD__9CD3B2B9E2380242AEB811159B7D0719531D6BB9.udd" 2834
"C:/Users/rthru/AppData/Local/UnrealEngine/Common/DerivedDataCache/2/6/4/TEXTURE_564290F8998644E39A2118D5C683187B_AUTODXT_44B00E9E45AB4BE7BA57D6B91EF8B__CA6DA5E6ED8011E3A25FAD4F8164DECED3487A1A.udd" 2835
"C:/Users/rthru/AppData/Local/UnrealEngine/Common/DerivedDataCache/4/6/4/TEXTURE_564290F8998644E39A2118D5C683187B_AUTODXT_B489736544E87D763B8398988B3DD__A9D24F6A1D7CA20A3A5E392F9F8180E5DF460126.udd" 2836
"C:/Users/rthru/AppData/Local/UnrealEngine/Common/DerivedDataCache/5/3/0/TEXTURE_564290F8998644E39A2118D5C683187B_AUTODXT_44B00E9E45AB4BE7BA57D6B91EF8B__EB7016D338BC27417A1E16B989ECB6B0AC5EBE8B.udd" 2837
"C:/Users/rthru/AppData/Local/UnrealEngine/Common/DerivedDataCache/5/2/6/TEXTURE_564290F8998644E39A2118D5C683187B_DXT1_2B1389064FA6D23B6F20EFA24C5278CA__2FDD0DC83D962DA4F82ECB26903DCA3EDCEA1739.udd" 2838
"C:/Users/rthru/AppData/Local/UnrealEngine/Common/DerivedDataCache/8/9/4/TEXTURE_564290F8998644E39A2118D5C683187B_DXT1_736682D8403F828CA1B6A59D5AE4C7A8__4A87238285260085D21AE183149D59687DDB2A97.udd" 2839
"C:/Users/rthru/AppData/Local/UnrealEngine/Common/DerivedDataCache/3/3/4/TEXTURE_564290F8998644E39A2118D5C683187B_DXT1_158284B9429D16D056784EAA37FCFB3C__0F10C5E2A728B76760F6327C0973CEB09168D497.udd" 2840
"C:/Users/rthru/AppData/Local/UnrealEngine/Common/DerivedDataCache/7/3/9/TEXTURE_564290F8998644E39A2118D5C683187B_DXT1_41A38C3E4C8100E01DED95BF44457832__DCDECAE292B0EE342731BAB9088375BE5AF1CEBF.udd" 2841
"C:/Users/rthru/AppData/Local/UnrealEngine/Common/DerivedDataCache/2/2/4/TEXTURE_564290F8998644E39A2118D5C683187B_DXT1_F334EF4A4A24D33A0C690196C4DBFC5C__F2BA3FA8ED37202BE4B15133B3000398F477DA6F.udd" 2842
"C:/Users/rthru/AppData/Local/UnrealEngine/Common/DerivedDataCache/0/7/8/TEXTURE_564290F8998644E39A2118D5C683187B_DXT1_A702D947499A4976B9A12DB6B75502F0__D8818693C45205A676230B714E1EEE90C491D407.udd" 2843
"C:/Users/rthru/AppData/Local/UnrealEngine/Common/DerivedDataCache/0/7/3/TEXTURE_564290F8998644E39A2118D5C683187B_DXT1_2B1389064FA6D23B6F20EFA24C5278CA__B49DF35AE464DEF3AD414339674A957E68F33254.udd" 2844
"C:/Users/rthru/AppData/Local/UnrealEngine/Common/DerivedDataCache/2/0/8/TEXTURE_564290F8998644E39A2118D5C683187B_DXT1_736682D8403F828CA1B6A59D5AE4C7A8__AA05F244DE7B64BE1041450BC37BDCBF43FC8F58.udd" 2845
"C:/Users/rthru/AppData/Local/UnrealEngine/Common/DerivedDataCache/4/9/2/TEXTURE_564290F8998644E39A2118D5C683187B_DXT1_158284B9429D16D056784EAA37FCFB3C__333F17E1594A7BA2EF186EBC0B46467019499933.udd" 2846
"C:/Users/rthru/AppData/Local/UnrealEngine/Common/DerivedDataCache/9/2/6/TEXTURE_564290F8998644E39A2118D5C683187B_DXT1_41A38C3E4C8100E01DED95BF44457832__7447F5A773486B5C4A4275ED461F5447DB1B282E.udd" 2847
"C:/Users/rthru/AppData/Local/UnrealEngine/Common/DerivedDataCache/6/7/4/TEXTURE_564290F8998644E39A2118D5C683187B_DXT1_736682D8403F828CA1B6A59D5AE4C7A8__5A6D66C6482858125A24380DF0B5A6E8E0973880.udd" 2848
"C:/Users/rthru/AppData/Local/UnrealEngine/Common/DerivedDataCache/1/7/9/TEXTURE_564290F8998644E39A2118D5C683187B_DXT1_F334EF4A4A24D33A0C690196C4DBFC5C__A1C2315D1763B1DC23B3193AB18C34CB2B11420F.udd" 2849
"C:/Users/rthru/AppData/Local/UnrealEngine/Common/DerivedDataCache/4/9/2/TEXTURE_564290F8998644E39A2118D5C683187B_DXT1_A702D947499A4976B9A12DB6B75502F0__9F6290F2510726369E67BDA86BF6623C8C2F9A83.udd" 2850
"C:/Users/rthru/AppData/Local/UnrealEngine/Common/DerivedDataCache/3/8/0/TEXTURE_564290F8998644E39A2118D5C683187B_DXT1_2B1389064FA6D23B6F20EFA24C5278CA__E24FC236E967931A067817690F76CFADF4111091.udd" 2851
"C:/Users/rthru/AppData/Local/UnrealEngine/Common/DerivedDataCache/2/9/1/TEXTURE_564290F8998644E39A2118D5C683187B_DXT1_158284B9429D16D056784EAA37FCFB3C__85C58E2CB4A94EA8C9A87C9FD1AD7824E991E8CE.udd" 2852
"C:/Users/rthru/AppData/Local/UnrealEngine/Common/DerivedDataCache/9/9/9/TEXTURE_564290F8998644E39A2118D5C683187B_DXT1_41A38C3E4C8100E01DED95BF44457832__B6CF7C74242BFF1C147A85C623B24746807F9925.udd" 2853
"C:/Users/rthru/AppData/Local/UnrealEngine/Common/DerivedDataCache/2/5/1/TEXTURE_564290F8998644E39A2118D5C683187B_DXT1_736682D8403F828CA1B6A59D5AE4C7A8__801CBFC6702A2F21664ECD8A2CB83A54F0699A3C.udd" 2854
"C:/Users/rthru/AppData/Local/UnrealEngine/Common/DerivedDataCache/2/2/8/TEXTURE_564290F8998644E39A2118D5C683187B_DXT1_F334EF4A4A24D33A0C690196C4DBFC5C__5EF56F4D47A924E5E2D3200DE21D4C0E1BF19D88.udd" 2855
"C:/Users/rthru/AppData/Local/UnrealEngine/Common/DerivedDataCache/1/0/2/TEXTURE_564290F8998644E39A2118D5C683187B_DXT1_2B1389064FA6D23B6F20EFA24C5278CA__39323F783A1A7C9A194F5B2F9E532F68C2759D13.udd" 2856
"C:/Users/rthru/AppData/Local/UnrealEngine/Common/DerivedDataCache/6/6/5/TEXTURE_564290F8998644E39A2118D5C683187B_DXT1_158284B9429D16D056784EAA37FCFB3C__A790CB3815932E0E96A50BED2312DCC7D11785E8.udd" 2857
"C:/Users/rthru/AppData/Local/UnrealEngine/Common/DerivedDataCache/8/0/0/TEXTURE_564290F8998644E39A2118D5C683187B_DXT1_41A38C3E4C8100E01DED95BF44457832__E98A96B3CE675B851967A26D7A6A89A24CD58814.udd" 2858
"C:/Users/rthru/AppData/Local/UnrealEngine/Common/DerivedDataCache/6/3/0/TEXTURE_564290F8998644E39A2118D5C683187B_G8_FE8CFD1A408A50D8BFF15885CB657EFF_0__2E65356DC9FFF271E5E3290EEE1E4ECC511CF8E9.udd" 2859
"C:/Users/rthru/AppData/Local/UnrealEngine/Common/DerivedDataCache/4/0/6/TEXTURE_564290F8998644E39A2118D5C683187B_DXT1_A702D947499A4976B9A12DB6B75502F0__4245645277E904FD45BE70A2FB9036A2F71A390A.udd" 2860
"C:/Users/rthru/AppData/Local/UnrealEngine/Common/DerivedDataCache/4/1/2/TEXTURE_564290F8998644E39A2118D5C683187B_G8_FE8CFD1A408A50D8BFF15885CB657EFF_0__A4E6EE8B2E3CCD1A2CECED583DFF7B7826BAE1F9.udd" 2861
"C:/Users/rthru/AppData/Local/UnrealEngine/Common/DerivedDataCache/6/0/3/TEXTURE_564290F8998644E39A2118D5C683187B_G8_FE8CFD1A408A50D8BFF15885CB657EFF_0__18506DA2ABD388AE75B93BBD5FED8AC59CFA9602.udd" 2862
"C:/Users/rthru/AppData/Local/UnrealEngine/Common/DerivedDataCache/7/1/7/TEXTURE_564290F8998644E39A2118D5C683187B_G8_FE8CFD1A408A50D8BFF15885CB657EFF_0__E0A7B060A7108354A0B4D19284363BFA4888A08E.udd" 2863
"C:/Users/rthru/AppData/Local/UnrealEngine/Common/DerivedDataCache/2/7/4/TEXTURE_564290F8998644E39A2118D5C683187B_G8_FE8CFD1A408A50D8BFF15885CB657EFF_0__C503DCBE2303EECBDBD47C0D16D279B18E529F5D.udd" 2864
"C:/Users/rthru/AppData/Local/UnrealEngine/Common/DerivedDataCache/2/1/8/TEXTURE_564290F8998644E39A2118D5C683187B_DXT1_736682D8403F828CA1B6A59D5AE4C7A8__923746A2F726DC22F0A2ECC096255901CC403731.udd" 2865
"C:/Users/rthru/AppData/Local/UnrealEngine/Common/DerivedDataCache/5/2/7/TEXTURE_564290F8998644E39A2118D5C683187B_DXT1_2B1389064FA6D23B6F20EFA24C5278CA__87E596A90CD84D0C21FEFA8B9D339B7259895F89.udd" 2866
"C:/Users/rthru/AppData/Local/UnrealEngine/Common/DerivedDataCache/5/6/1/TEXTURE_564290F8998644E39A2118D5C683187B_DXT1_F334EF4A4A24D33A0C690196C4DBFC5C__BBA82E2D34C570801C35FAE573E62AB5C1265151.udd" 2867
"C:/Users/rthru/AppData/Local/UnrealEngine/Common/DerivedDataCache/8/1/1/TEXTURE_564290F8998644E39A2118D5C683187B_DXT1_A702D947499A4976B9A12DB6B75502F0__DAC2C890F689C3AEA8D9D9460FE30FA187F39941.udd" 2868
"../../../../../UNREAL ENGINE/LICENTA BUNA/Licenta/Content/CustomAssets/Animation/AutoPlatform_Tutorial.uasset" 2869
"../../../../../UNREAL ENGINE/LICENTA BUNA/Licenta/Content/CustomAssets/Animation/AutoPlatform_Start_PuzzleLevel.uasset" 2870
"../../../../../UNREAL ENGINE/LICENTA BUNA/Licenta/Content/CustomAssets/Animation/BluePlatforms_PuzzleLevel.uasset" 2871
"../../../../../UNREAL ENGINE/LICENTA BUNA/Licenta/Content/CustomAssets/Animation/BlueObstacles_PuzzleLevel.uasset" 2872
"../../../../../UNREAL ENGINE/LICENTA BUNA/Licenta/Content/CustomAssets/Animation/BridgePlatform_Obstacles_PuzzleLevel.uasset" 2873
