Log file open, 04/21/25 17:24:18
LogWindows: Failed to load 'aqProf.dll' (GetLastError=126)
LogWindows: File 'aqProf.dll' does not exist
LogWindows: Failed to load 'VtuneApi.dll' (GetLastError=126)
LogWindows: File 'VtuneApi.dll' does not exist
LogWindows: Failed to load 'VtuneApi32e.dll' (GetLastError=126)
LogWindows: File 'VtuneApi32e.dll' does not exist
LogConsoleResponse: Display: Failed to find resolution value strings in scalability ini. Falling back to default.
LogConsoleResponse: Display: Failed to find resolution value strings in scalability ini. Falling back to default.
LogInit: Display: Running engine for game: Licenta
LogPlatformFile: Not using cached read wrapper
LogTaskGraph: Started task graph with 5 named threads and 71 total threads with 3 sets of task threads.
LogStats: Stats thread started at 0.206199
LogICUInternationalization: ICU TimeZone Detection - Raw Offset: +2:00, Platform Override: ''
LogInit: Display: Loading text-based GConfig....
LogPluginManager: Mounting plugin MeshPainting
LogPluginManager: Mounting plugin XGEController
LogPluginManager: Mounting plugin Paper2D
LogPluginManager: Mounting plugin LiveLink
LogPluginManager: Mounting plugin EnvironmentQueryEditor
LogPluginManager: Mounting plugin AISupport
LogPluginManager: Mounting plugin CameraShakePreviewer
LogPluginManager: Mounting plugin LightPropagationVolume
LogPluginManager: Mounting plugin GameplayCameras
LogPluginManager: Mounting plugin OodleNetwork
LogPluginManager: Mounting plugin CLionSourceCodeAccess
LogPluginManager: Mounting plugin AnimationSharing
LogPluginManager: Mounting plugin CodeLiteSourceCodeAccess
LogPluginManager: Mounting plugin NullSourceCodeAccess
LogPluginManager: Mounting plugin PerforceSourceControl
LogPluginManager: Mounting plugin PlasticSourceControl
LogPluginManager: Mounting plugin PixWinPlugin
LogPluginManager: Mounting plugin GitSourceControl
LogPluginManager: Mounting plugin PropertyAccessNode
LogPluginManager: Mounting plugin RiderSourceCodeAccess
LogPluginManager: Mounting plugin PluginUtils
LogPluginManager: Mounting plugin OodleData
LogPluginManager: Mounting plugin SubversionSourceControl
LogPluginManager: Mounting plugin VisualStudioCodeSourceCodeAccess
LogPluginManager: Mounting plugin UObjectPlugin
LogPluginManager: Mounting plugin TextureFormatOodle
LogPluginManager: Mounting plugin VisualStudioSourceCodeAccess
LogPluginManager: Mounting plugin XCodeSourceCodeAccess
LogPluginManager: Mounting plugin DatasmithContent
LogPluginManager: Mounting plugin KDevelopSourceCodeAccess
LogPluginManager: Mounting plugin Niagara
LogPluginManager: Mounting plugin AlembicImporter
LogPluginManager: Mounting plugin VariantManagerContent
LogPluginManager: Mounting plugin BackChannel
LogPluginManager: Mounting plugin ChaosNiagara
LogPluginManager: Mounting plugin ChaosCloth
LogPluginManager: Mounting plugin AutomationUtils
LogPluginManager: Mounting plugin ChaosClothEditor
LogPluginManager: Mounting plugin ChaosEditor
LogPluginManager: Mounting plugin ChaosSolverPlugin
LogPluginManager: Mounting plugin CharacterAI
LogPluginManager: Mounting plugin GeometryCollectionPlugin
LogPluginManager: Mounting plugin GeometryProcessing
LogPluginManager: Mounting plugin GeometryCache
LogPluginManager: Mounting plugin MotoSynth
LogPluginManager: Mounting plugin PythonScriptPlugin
LogPluginManager: Mounting plugin OpenImageDenoise
LogPluginManager: Mounting plugin PlatformCrypto
LogPluginManager: Mounting plugin PlanarCut
LogPluginManager: Mounting plugin LuminPlatformFeatures
LogPluginManager: Mounting plugin MagicLeap
LogPluginManager: Mounting plugin ProxyLODPlugin
LogPluginManager: Mounting plugin MagicLeapMedia
LogPluginManager: Mounting plugin MagicLeapLightEstimation
LogPluginManager: Mounting plugin SkeletalReduction
LogPluginManager: Mounting plugin MagicLeapPassableWorld
LogPluginManager: Mounting plugin MLSDK
LogPluginManager: Mounting plugin AssetManagerEditor
LogPluginManager: Mounting plugin AvfMedia
LogPluginManager: Mounting plugin LevelSequenceEditor
LogPluginManager: Mounting plugin ActorSequence
LogPluginManager: Mounting plugin MatineeToLevelSequence
LogPluginManager: Mounting plugin TemplateSequence
LogPluginManager: Mounting plugin MediaCompositing
LogPluginManager: Mounting plugin MediaPlayerEditor
LogPluginManager: Mounting plugin ImgMedia
LogPluginManager: Mounting plugin WebMMedia
LogPluginManager: Mounting plugin UdpMessaging
LogPluginManager: Mounting plugin TcpMessaging
LogPluginManager: Mounting plugin OnlineSubsystem
LogPluginManager: Mounting plugin OnlineSubsystemUtils
LogPluginManager: Mounting plugin OnlineSubsystemNull
LogPluginManager: Mounting plugin AndroidMoviePlayer
LogPluginManager: Mounting plugin ActorLayerUtilities
LogPluginManager: Mounting plugin AndroidDeviceProfileSelector
LogPluginManager: Mounting plugin AndroidPermission
LogPluginManager: Mounting plugin AppleImageUtils
LogPluginManager: Mounting plugin ArchVisCharacter
LogPluginManager: Mounting plugin AudioSynesthesia
LogPluginManager: Mounting plugin AssetTags
LogPluginManager: Mounting plugin AppleMoviePlayer
LogPluginManager: Mounting plugin AudioCapture
LogPluginManager: Mounting plugin CableComponent
LogPluginManager: Mounting plugin ChunkDownloader
LogPluginManager: Mounting plugin CustomMeshComponent
LogPluginManager: Mounting plugin EditableMesh
LogPluginManager: Mounting plugin LauncherChunkInstaller
LogPluginManager: Mounting plugin ExampleDeviceProfileSelector
LogPluginManager: Mounting plugin GoogleCloudMessaging
LogPluginManager: Mounting plugin ScreenshotTools
LogPluginManager: Mounting plugin IOSDeviceProfileSelector
LogPluginManager: Mounting plugin LocationServicesBPLibrary
LogPluginManager: Mounting plugin MobilePatchingUtils
LogPluginManager: Mounting plugin OpenXR
LogPluginManager: Mounting plugin PhysXVehicles
LogPluginManager: Mounting plugin PostSplashScreen
LogPluginManager: Mounting plugin PropertyAccessEditor
LogPluginManager: Mounting plugin ProceduralMeshComponent
LogPluginManager: Mounting plugin OpenXRHandTracking
LogPluginManager: Mounting plugin OpenXREyeTracker
LogPluginManager: Mounting plugin SignificanceManager
LogPluginManager: Mounting plugin AndroidMedia
LogPluginManager: Mounting plugin SoundFields
LogPluginManager: Mounting plugin Synthesis
LogPluginManager: Mounting plugin WmfMedia
LogPluginManager: Mounting plugin WebMMoviePlayer
LogPluginManager: Mounting plugin LinuxDeviceProfileSelector
LogPluginManager: Mounting plugin Takes
LogPluginManager: Mounting plugin CurveEditorTools
LogPluginManager: Mounting plugin DataValidation
LogPluginManager: Mounting plugin CryptoKeys
LogPluginManager: Mounting plugin GeometryMode
LogPluginManager: Mounting plugin GameplayTagsEditor
LogPluginManager: Mounting plugin MaterialAnalyzer
LogPluginManager: Mounting plugin FacialAnimation
LogPluginManager: Mounting plugin MacGraphicsSwitching
LogPluginManager: Mounting plugin PluginBrowser
LogPluginManager: Mounting plugin SpeedTreeImporter
LogPluginManager: Mounting plugin MobileLauncherProfileWizard
LogPluginManager: Mounting plugin GooglePAD
LogPluginManager: Mounting plugin WindowsMoviePlayer
LogPluginManager: Mounting plugin RuntimePhysXCooking
LogPluginManager: Mounting plugin OnlineSubsystemIOS
LogPluginManager: Mounting plugin OnlineSubsystemGooglePlay
LogPluginManager: Mounting plugin OculusVR
LogPluginManager: Mounting plugin SteamVR
LogPluginManager: Mounting plugin ContentBrowserClassDataSource
LogPluginManager: Mounting plugin ContentBrowserAssetDataSource
LogPluginManager: Mounting plugin ContentBrowserFileDataSource
PixWinPlugin: PIX capture plugin failed to initialize! Check that the process is launched from PIX.
LogInit: Using libcurl 7.55.1-DEV
LogInit:  - built for x86_64-pc-win32
LogInit:  - supports SSL with OpenSSL/1.1.1
LogInit:  - supports HTTP deflate (compression) using libz 1.2.8
LogInit:  - other features:
LogInit:      CURL_VERSION_SSL
LogInit:      CURL_VERSION_LIBZ
LogInit:      CURL_VERSION_IPV6
LogInit:      CURL_VERSION_ASYNCHDNS
LogInit:      CURL_VERSION_LARGEFILE
LogInit:      CURL_VERSION_IDN
LogInit:  CurlRequestOptions (configurable via config and command line):
LogInit:  - bVerifyPeer = true  - Libcurl will verify peer certificate
LogInit:  - bUseHttpProxy = false  - Libcurl will NOT use HTTP proxy
LogInit:  - bDontReuseConnections = false  - Libcurl will reuse connections
LogInit:  - MaxHostConnections = 16  - Libcurl will limit the number of connections to a host
LogInit:  - LocalHostAddr = Default
LogInit:  - BufferSize = 65536
LogOnline: OSS: Creating online subsystem instance for: NULL
LogInit: WinSock: version 1.1 (2.2), MaxSocks=32767, MaxUdp=65467
LogOnline: OSS: TryLoadSubsystemAndSetDefault: Loaded subsystem for module [NULL]
LogOculusPluginWrapper: OculusPlugin initialized successfully
LogHMD: Failed initializing OVRPlugin 1.59.0
LogInit: Build: ++UE4+Release-4.27-CL-18319896
LogInit: Engine Version: 4.27.2-18319896+++UE4+Release-4.27
LogInit: Compatible Engine Version: 4.27.0-17155196+++UE4+Release-4.27
LogInit: Net CL: 17155196
LogInit: OS: Windows 10 (Release 2009) (), CPU: 13th Gen Intel(R) Core(TM) i7-13700KF, GPU: NVIDIA GeForce RTX 3080
LogInit: Compiled (64-bit): Nov 30 2021 07:12:08
LogInit: Compiled with Visual C++: 19.24.28315.00
LogInit: Build Configuration: Development
LogInit: Branch Name: ++UE4+Release-4.27
LogInit: Command Line: 
LogInit: Base Directory: C:/Program Files/Epic Games/UE_4.27/Engine/Binaries/Win64/
LogInit: Allocator: TBB
LogInit: Installed Engine Build: 1
LogDevObjectVersion: Number of dev versions registered: 29
LogDevObjectVersion:   Dev-Blueprints (B0D832E4-1F89-4F0D-ACCF-7EB736FD4AA2): 10
LogDevObjectVersion:   Dev-Build (E1C64328-A22C-4D53-A36C-8E866417BD8C): 0
LogDevObjectVersion:   Dev-Core (375EC13C-06E4-48FB-B500-84F0262A717E): 4
LogDevObjectVersion:   Dev-Editor (E4B068ED-F494-42E9-A231-DA0B2E46BB41): 40
LogDevObjectVersion:   Dev-Framework (CFFC743F-43B0-4480-9391-14DF171D2073): 37
LogDevObjectVersion:   Dev-Mobile (B02B49B5-BB20-44E9-A304-32B752E40360): 3
LogDevObjectVersion:   Dev-Networking (A4E4105C-59A1-49B5-A7C5-40C4547EDFEE): 0
LogDevObjectVersion:   Dev-Online (39C831C9-5AE6-47DC-9A44-9C173E1C8E7C): 0
LogDevObjectVersion:   Dev-Physics (78F01B33-EBEA-4F98-B9B4-84EACCB95AA2): 14
LogDevObjectVersion:   Dev-Platform (6631380F-2D4D-43E0-8009-CF276956A95A): 0
LogDevObjectVersion:   Dev-Rendering (12F88B9F-8875-4AFC-A67C-D90C383ABD29): 45
LogDevObjectVersion:   Dev-Sequencer (7B5AE74C-D270-4C10-A958-57980B212A5A): 13
LogDevObjectVersion:   Dev-VR (D7296918-1DD6-4BDD-9DE2-64A83CC13884): 3
LogDevObjectVersion:   Dev-LoadTimes (C2A15278-BFE7-4AFE-6C17-90FF531DF755): 1
LogDevObjectVersion:   Private-Geometry (6EACA3D4-40EC-4CC1-B786-8BED09428FC5): 3
LogDevObjectVersion:   Dev-AnimPhys (29E575DD-E0A3-4627-9D10-D276232CDCEA): 17
LogDevObjectVersion:   Dev-Anim (AF43A65D-7FD3-4947-9873-3E8ED9C1BB05): 15
LogDevObjectVersion:   Dev-ReflectionCapture (6B266CEC-1EC7-4B8F-A30B-E4D90942FC07): 1
LogDevObjectVersion:   Dev-Automation (0DF73D61-A23F-47EA-B727-89E90C41499A): 1
LogDevObjectVersion:   FortniteMain (601D1886-AC64-4F84-AA16-D3DE0DEAC7D6): 47
LogDevObjectVersion:   FortniteRelease (E7086368-6B23-4C58-8439-1B7016265E91): 1
LogDevObjectVersion:   Dev-Enterprise (9DFFBCD6-494F-0158-E221-12823C92A888): 10
LogDevObjectVersion:   Dev-Niagara (F2AED0AC-9AFE-416F-8664-AA7FFA26D6FC): 1
LogDevObjectVersion:   Dev-Destruction (174F1F0B-B4C6-45A5-B13F-2EE8D0FB917D): 10
LogDevObjectVersion:   Dev-Physics-Ext (35F94A83-E258-406C-A318-09F59610247C): 41
LogDevObjectVersion:   Dev-PhysicsMaterial-Chaos (B68FC16E-8B1B-42E2-B453-215C058844FE): 1
LogDevObjectVersion:   Dev-CineCamera (B2E18506-4273-CFC2-A54E-F4BB758BBA07): 1
LogDevObjectVersion:   Dev-VirtualProduction (64F58936-FD1B-42BA-BA96-7289D5D0FA4E): 1
LogDevObjectVersion:   Dev-MediaFramework (6F0ED827-A609-4895-9C91-998D90180EA4): 2
LogInit: Presizing for max 25165824 objects, including 0 objects not considered by GC, pre-allocating 0 bytes for permanent pool.
LogConfig: Applying CVar settings from Section [/Script/Engine.StreamingSettings] File [C:/Users/rthru/Desktop/Source files 4.27/Saved/Config/Windows/Engine.ini]
LogConfig: Setting CVar [[s.MinBulkDataSizeForAsyncLoading:131072]]
LogConfig: Setting CVar [[s.AsyncLoadingThreadEnabled:0]]
LogConfig: Setting CVar [[s.EventDrivenLoaderEnabled:1]]
LogConfig: Setting CVar [[s.WarnIfTimeLimitExceeded:0]]
LogConfig: Setting CVar [[s.TimeLimitExceededMultiplier:1.5]]
LogConfig: Setting CVar [[s.TimeLimitExceededMinTime:0.005]]
LogConfig: Setting CVar [[s.UseBackgroundLevelStreaming:1]]
LogConfig: Setting CVar [[s.PriorityAsyncLoadingExtraTime:15.0]]
LogConfig: Setting CVar [[s.LevelStreamingActorsUpdateTimeLimit:5.0]]
LogConfig: Setting CVar [[s.PriorityLevelStreamingActorsUpdateExtraTime:5.0]]
LogConfig: Setting CVar [[s.LevelStreamingComponentsRegistrationGranularity:10]]
LogConfig: Setting CVar [[s.UnregisterComponentsTimeLimit:1.0]]
LogConfig: Setting CVar [[s.LevelStreamingComponentsUnregistrationGranularity:5]]
LogConfig: Setting CVar [[s.FlushStreamingOnExit:1]]
LogInit: Object subsystem initialized
LogConfig: Setting CVar [[con.DebugEarlyDefault:1]]
LogConfig: Setting CVar [[r.setres:1280x720]]
[2025.04.21-14.24.18:364][  0]LogConfig: Setting CVar [[r.VSync:0]]
[2025.04.21-14.24.18:364][  0]LogConfig: Setting CVar [[r.RHICmdBypass:0]]
[2025.04.21-14.24.18:364][  0]LogConfig: Applying CVar settings from Section [/Script/Engine.RendererSettings] File [C:/Users/rthru/Desktop/Source files 4.27/Saved/Config/Windows/Engine.ini]
[2025.04.21-14.24.18:364][  0]LogConfig: Setting CVar [[r.GPUCrashDebugging:0]]
[2025.04.21-14.24.18:364][  0]LogConfig: Applying CVar settings from Section [/Script/Engine.RendererOverrideSettings] File [C:/Users/rthru/Desktop/Source files 4.27/Saved/Config/Windows/Engine.ini]
[2025.04.21-14.24.18:364][  0]LogConfig: Applying CVar settings from Section [/Script/Engine.StreamingSettings] File [C:/Users/rthru/Desktop/Source files 4.27/Saved/Config/Windows/Engine.ini]
[2025.04.21-14.24.18:364][  0]LogConfig: Setting CVar [[s.MinBulkDataSizeForAsyncLoading:131072]]
[2025.04.21-14.24.18:364][  0]LogConfig: Setting CVar [[s.AsyncLoadingThreadEnabled:0]]
[2025.04.21-14.24.18:364][  0]LogConfig: Setting CVar [[s.EventDrivenLoaderEnabled:1]]
[2025.04.21-14.24.18:364][  0]LogConfig: Setting CVar [[s.WarnIfTimeLimitExceeded:0]]
[2025.04.21-14.24.18:364][  0]LogConfig: Setting CVar [[s.TimeLimitExceededMultiplier:1.5]]
[2025.04.21-14.24.18:364][  0]LogConfig: Setting CVar [[s.TimeLimitExceededMinTime:0.005]]
[2025.04.21-14.24.18:364][  0]LogConfig: Setting CVar [[s.UseBackgroundLevelStreaming:1]]
[2025.04.21-14.24.18:364][  0]LogConfig: Setting CVar [[s.PriorityAsyncLoadingExtraTime:15.0]]
[2025.04.21-14.24.18:364][  0]LogConfig: Setting CVar [[s.LevelStreamingActorsUpdateTimeLimit:5.0]]
[2025.04.21-14.24.18:364][  0]LogConfig: Setting CVar [[s.PriorityLevelStreamingActorsUpdateExtraTime:5.0]]
[2025.04.21-14.24.18:364][  0]LogConfig: Setting CVar [[s.LevelStreamingComponentsRegistrationGranularity:10]]
[2025.04.21-14.24.18:364][  0]LogConfig: Setting CVar [[s.UnregisterComponentsTimeLimit:1.0]]
[2025.04.21-14.24.18:364][  0]LogConfig: Setting CVar [[s.LevelStreamingComponentsUnregistrationGranularity:5]]
[2025.04.21-14.24.18:364][  0]LogConfig: Setting CVar [[s.FlushStreamingOnExit:1]]
[2025.04.21-14.24.18:364][  0]LogConfig: Applying CVar settings from Section [/Script/Engine.GarbageCollectionSettings] File [C:/Users/rthru/Desktop/Source files 4.27/Saved/Config/Windows/Engine.ini]
[2025.04.21-14.24.18:364][  0]LogConfig: Setting CVar [[gc.MaxObjectsNotConsideredByGC:1]]
[2025.04.21-14.24.18:364][  0]LogConfig: Setting CVar [[gc.SizeOfPermanentObjectPool:0]]
[2025.04.21-14.24.18:364][  0]LogConfig: Setting CVar [[gc.FlushStreamingOnGC:0]]
[2025.04.21-14.24.18:364][  0]LogConfig: Setting CVar [[gc.NumRetriesBeforeForcingGC:10]]
[2025.04.21-14.24.18:364][  0]LogConfig: Setting CVar [[gc.AllowParallelGC:1]]
[2025.04.21-14.24.18:364][  0]LogConfig: Setting CVar [[gc.TimeBetweenPurgingPendingKillObjects:61.1]]
[2025.04.21-14.24.18:364][  0]LogConfig: Setting CVar [[gc.MaxObjectsInEditor:25165824]]
[2025.04.21-14.24.18:364][  0]LogConfig: Setting CVar [[gc.IncrementalBeginDestroyEnabled:1]]
[2025.04.21-14.24.18:364][  0]LogConfig: Setting CVar [[gc.CreateGCClusters:1]]
[2025.04.21-14.24.18:364][  0]LogConfig: Setting CVar [[gc.MinGCClusterSize:5]]
[2025.04.21-14.24.18:364][  0]LogConfig: Setting CVar [[gc.ActorClusteringEnabled:0]]
[2025.04.21-14.24.18:364][  0]LogConfig: Setting CVar [[gc.BlueprintClusteringEnabled:0]]
[2025.04.21-14.24.18:364][  0]LogConfig: Setting CVar [[gc.UseDisregardForGCOnDedicatedServers:0]]
[2025.04.21-14.24.18:364][  0]LogConfig: Setting CVar [[gc.MultithreadedDestructionEnabled:1]]
[2025.04.21-14.24.18:364][  0]LogConfig: Applying CVar settings from Section [/Script/Engine.NetworkSettings] File [C:/Users/rthru/Desktop/Source files 4.27/Saved/Config/Windows/Engine.ini]
[2025.04.21-14.24.18:364][  0]LogConfig: Applying CVar settings from Section [/Script/UnrealEd.CookerSettings] File [C:/Users/rthru/Desktop/Source files 4.27/Saved/Config/Windows/Engine.ini]
[2025.04.21-14.24.18:377][  0]LogConfig: Applying CVar settings from Section [ViewDistanceQuality@3] File [C:/Users/rthru/Desktop/Source files 4.27/Saved/Config/Windows/Scalability.ini]
[2025.04.21-14.24.18:377][  0]LogConfig: Setting CVar [[r.SkeletalMeshLODBias:0]]
[2025.04.21-14.24.18:377][  0]LogConfig: Setting CVar [[r.ViewDistanceScale:1.0]]
[2025.04.21-14.24.18:377][  0]LogConfig: Applying CVar settings from Section [AntiAliasingQuality@3] File [C:/Users/rthru/Desktop/Source files 4.27/Saved/Config/Windows/Scalability.ini]
[2025.04.21-14.24.18:377][  0]LogConfig: Setting CVar [[r.PostProcessAAQuality:4]]
[2025.04.21-14.24.18:377][  0]LogConfig: Applying CVar settings from Section [ShadowQuality@3] File [C:/Users/rthru/Desktop/Source files 4.27/Saved/Config/Windows/Scalability.ini]
[2025.04.21-14.24.18:377][  0]LogConfig: Setting CVar [[r.LightFunctionQuality:1]]
[2025.04.21-14.24.18:377][  0]LogConfig: Setting CVar [[r.ShadowQuality:5]]
[2025.04.21-14.24.18:377][  0]LogConfig: Setting CVar [[r.Shadow.CSM.MaxCascades:10]]
[2025.04.21-14.24.18:377][  0]LogConfig: Setting CVar [[r.Shadow.MaxResolution:2048]]
[2025.04.21-14.24.18:377][  0]LogConfig: Setting CVar [[r.Shadow.MaxCSMResolution:2048]]
[2025.04.21-14.24.18:377][  0]LogConfig: Setting CVar [[r.Shadow.RadiusThreshold:0.01]]
[2025.04.21-14.24.18:377][  0]LogConfig: Setting CVar [[r.Shadow.DistanceScale:1.0]]
[2025.04.21-14.24.18:377][  0]LogConfig: Setting CVar [[r.Shadow.CSM.TransitionScale:1.0]]
[2025.04.21-14.24.18:377][  0]LogConfig: Setting CVar [[r.Shadow.PreShadowResolutionFactor:1.0]]
[2025.04.21-14.24.18:377][  0]LogConfig: Setting CVar [[r.DistanceFieldShadowing:1]]
[2025.04.21-14.24.18:377][  0]LogConfig: Setting CVar [[r.DistanceFieldAO:1]]
[2025.04.21-14.24.18:377][  0]LogConfig: Setting CVar [[r.AOQuality:2]]
[2025.04.21-14.24.18:377][  0]LogConfig: Setting CVar [[r.VolumetricFog:1]]
[2025.04.21-14.24.18:377][  0]LogConfig: Setting CVar [[r.VolumetricFog.GridPixelSize:8]]
[2025.04.21-14.24.18:377][  0]LogConfig: Setting CVar [[r.VolumetricFog.GridSizeZ:128]]
[2025.04.21-14.24.18:377][  0]LogConfig: Setting CVar [[r.VolumetricFog.HistoryMissSupersampleCount:4]]
[2025.04.21-14.24.18:377][  0]LogConfig: Setting CVar [[r.LightMaxDrawDistanceScale:1]]
[2025.04.21-14.24.18:377][  0]LogConfig: Setting CVar [[r.CapsuleShadows:1]]
[2025.04.21-14.24.18:377][  0]LogConfig: Applying CVar settings from Section [PostProcessQuality@3] File [C:/Users/rthru/Desktop/Source files 4.27/Saved/Config/Windows/Scalability.ini]
[2025.04.21-14.24.18:377][  0]LogConfig: Setting CVar [[r.MotionBlurQuality:4]]
[2025.04.21-14.24.18:377][  0]LogConfig: Setting CVar [[r.AmbientOcclusionMipLevelFactor:0.4]]
[2025.04.21-14.24.18:377][  0]LogConfig: Setting CVar [[r.AmbientOcclusionMaxQuality:100]]
[2025.04.21-14.24.18:377][  0]LogConfig: Setting CVar [[r.AmbientOcclusionLevels:-1]]
[2025.04.21-14.24.18:377][  0]LogConfig: Setting CVar [[r.AmbientOcclusionRadiusScale:1.0]]
[2025.04.21-14.24.18:377][  0]LogConfig: Setting CVar [[r.DepthOfFieldQuality:2]]
[2025.04.21-14.24.18:377][  0]LogConfig: Setting CVar [[r.RenderTargetPoolMin:400]]
[2025.04.21-14.24.18:377][  0]LogConfig: Setting CVar [[r.LensFlareQuality:2]]
[2025.04.21-14.24.18:377][  0]LogConfig: Setting CVar [[r.SceneColorFringeQuality:1]]
[2025.04.21-14.24.18:377][  0]LogConfig: Setting CVar [[r.EyeAdaptationQuality:2]]
[2025.04.21-14.24.18:377][  0]LogConfig: Setting CVar [[r.BloomQuality:5]]
[2025.04.21-14.24.18:377][  0]LogConfig: Setting CVar [[r.FastBlurThreshold:100]]
[2025.04.21-14.24.18:377][  0]LogConfig: Setting CVar [[r.Upscale.Quality:3]]
[2025.04.21-14.24.18:377][  0]LogConfig: Setting CVar [[r.Tonemapper.GrainQuantization:1]]
[2025.04.21-14.24.18:377][  0]LogConfig: Setting CVar [[r.LightShaftQuality:1]]
[2025.04.21-14.24.18:377][  0]LogConfig: Setting CVar [[r.Filter.SizeScale:1]]
[2025.04.21-14.24.18:377][  0]LogConfig: Setting CVar [[r.Tonemapper.Quality:5]]
[2025.04.21-14.24.18:377][  0]LogConfig: Setting CVar [[r.DOF.Gather.AccumulatorQuality:1        ; higher gathering accumulator quality]]
[2025.04.21-14.24.18:377][  0]LogConfig: Setting CVar [[r.DOF.Gather.PostfilterMethod:1          ; Median3x3 postfilering method]]
[2025.04.21-14.24.18:377][  0]LogConfig: Setting CVar [[r.DOF.Gather.EnableBokehSettings:0       ; no bokeh simulation when gathering]]
[2025.04.21-14.24.18:377][  0]LogConfig: Setting CVar [[r.DOF.Gather.RingCount:4                 ; medium number of samples when gathering]]
[2025.04.21-14.24.18:377][  0]LogConfig: Setting CVar [[r.DOF.Scatter.ForegroundCompositing:1    ; additive foreground scattering]]
[2025.04.21-14.24.18:377][  0]LogConfig: Setting CVar [[r.DOF.Scatter.BackgroundCompositing:2    ; additive background scattering]]
[2025.04.21-14.24.18:377][  0]LogConfig: Setting CVar [[r.DOF.Scatter.EnableBokehSettings:1      ; bokeh simulation when scattering]]
[2025.04.21-14.24.18:378][  0]LogConfig: Setting CVar [[r.DOF.Scatter.MaxSpriteRatio:0.1         ; only a maximum of 10% of scattered bokeh]]
[2025.04.21-14.24.18:378][  0]LogConfig: Setting CVar [[r.DOF.Recombine.Quality:1                ; cheap slight out of focus]]
[2025.04.21-14.24.18:378][  0]LogConfig: Setting CVar [[r.DOF.Recombine.EnableBokehSettings:0    ; no bokeh simulation on slight out of focus]]
[2025.04.21-14.24.18:378][  0]LogConfig: Setting CVar [[r.DOF.TemporalAAQuality:1                ; more stable temporal accumulation]]
[2025.04.21-14.24.18:378][  0]LogConfig: Setting CVar [[r.DOF.Kernel.MaxForegroundRadius:0.025]]
[2025.04.21-14.24.18:378][  0]LogConfig: Setting CVar [[r.DOF.Kernel.MaxBackgroundRadius:0.025]]
[2025.04.21-14.24.18:378][  0]LogConfig: Applying CVar settings from Section [TextureQuality@3] File [C:/Users/rthru/Desktop/Source files 4.27/Saved/Config/Windows/Scalability.ini]
[2025.04.21-14.24.18:378][  0]LogConfig: Setting CVar [[r.Streaming.MipBias:0]]
[2025.04.21-14.24.18:378][  0]LogConfig: Setting CVar [[r.Streaming.AmortizeCPUToGPUCopy:0]]
[2025.04.21-14.24.18:378][  0]LogConfig: Setting CVar [[r.Streaming.MaxNumTexturesToStreamPerFrame:0]]
[2025.04.21-14.24.18:378][  0]LogConfig: Setting CVar [[r.Streaming.Boost:1]]
[2025.04.21-14.24.18:378][  0]LogConfig: Setting CVar [[r.MaxAnisotropy:8]]
[2025.04.21-14.24.18:378][  0]LogConfig: Setting CVar [[r.VT.MaxAnisotropy:8]]
[2025.04.21-14.24.18:378][  0]LogConfig: Setting CVar [[r.Streaming.LimitPoolSizeToVRAM:0]]
[2025.04.21-14.24.18:378][  0]LogConfig: Setting CVar [[r.Streaming.PoolSize:1000]]
[2025.04.21-14.24.18:378][  0]LogConfig: Setting CVar [[r.Streaming.MaxEffectiveScreenSize:0]]
[2025.04.21-14.24.18:378][  0]LogConfig: Applying CVar settings from Section [EffectsQuality@3] File [C:/Users/rthru/Desktop/Source files 4.27/Saved/Config/Windows/Scalability.ini]
[2025.04.21-14.24.18:378][  0]LogConfig: Setting CVar [[r.TranslucencyLightingVolumeDim:64]]
[2025.04.21-14.24.18:378][  0]LogConfig: Setting CVar [[r.RefractionQuality:2]]
[2025.04.21-14.24.18:378][  0]LogConfig: Setting CVar [[r.SSR.Quality:3]]
[2025.04.21-14.24.18:378][  0]LogConfig: Setting CVar [[r.SSR.HalfResSceneColor:0]]
[2025.04.21-14.24.18:378][  0]LogConfig: Setting CVar [[r.SceneColorFormat:4]]
[2025.04.21-14.24.18:378][  0]LogConfig: Setting CVar [[r.DetailMode:2]]
[2025.04.21-14.24.18:378][  0]LogConfig: Setting CVar [[r.TranslucencyVolumeBlur:1]]
[2025.04.21-14.24.18:378][  0]LogConfig: Setting CVar [[r.MaterialQualityLevel:1 ; High quality]]
[2025.04.21-14.24.18:378][  0]LogConfig: Setting CVar [[r.AnisotropicMaterials:1]]
[2025.04.21-14.24.18:378][  0]LogConfig: Setting CVar [[r.SSS.Scale:1]]
[2025.04.21-14.24.18:378][  0]LogConfig: Setting CVar [[r.SSS.SampleSet:2]]
[2025.04.21-14.24.18:378][  0]LogConfig: Setting CVar [[r.SSS.Quality:1]]
[2025.04.21-14.24.18:378][  0]LogConfig: Setting CVar [[r.SSS.HalfRes:0]]
[2025.04.21-14.24.18:378][  0]LogConfig: Setting CVar [[r.SSGI.Quality:3]]
[2025.04.21-14.24.18:378][  0]LogConfig: Setting CVar [[r.EmitterSpawnRateScale:1.0]]
[2025.04.21-14.24.18:378][  0]LogConfig: Setting CVar [[r.ParticleLightQuality:2]]
[2025.04.21-14.24.18:378][  0]LogConfig: Setting CVar [[r.SkyAtmosphere.AerialPerspectiveLUT.FastApplyOnOpaque:1 ; Always have FastSkyLUT 1 in this case to avoid wrong sky]]
[2025.04.21-14.24.18:378][  0]LogConfig: Setting CVar [[r.SkyAtmosphere.AerialPerspectiveLUT.SampleCountMaxPerSlice:4]]
[2025.04.21-14.24.18:378][  0]LogConfig: Setting CVar [[r.SkyAtmosphere.AerialPerspectiveLUT.DepthResolution:16.0]]
[2025.04.21-14.24.18:378][  0]LogConfig: Setting CVar [[r.SkyAtmosphere.FastSkyLUT:1]]
[2025.04.21-14.24.18:378][  0]LogConfig: Setting CVar [[r.SkyAtmosphere.FastSkyLUT.SampleCountMin:4.0]]
[2025.04.21-14.24.18:378][  0]LogConfig: Setting CVar [[r.SkyAtmosphere.FastSkyLUT.SampleCountMax:128.0]]
[2025.04.21-14.24.18:378][  0]LogConfig: Setting CVar [[r.SkyAtmosphere.SampleCountMin:4.0]]
[2025.04.21-14.24.18:378][  0]LogConfig: Setting CVar [[r.SkyAtmosphere.SampleCountMax:128.0]]
[2025.04.21-14.24.18:378][  0]LogConfig: Setting CVar [[r.SkyAtmosphere.TransmittanceLUT.UseSmallFormat:0]]
[2025.04.21-14.24.18:378][  0]LogConfig: Setting CVar [[r.SkyAtmosphere.TransmittanceLUT.SampleCount:10.0]]
[2025.04.21-14.24.18:378][  0]LogConfig: Setting CVar [[r.SkyAtmosphere.MultiScatteringLUT.SampleCount:15.0]]
[2025.04.21-14.24.18:378][  0]LogConfig: Setting CVar [[r.SkyLight.RealTimeReflectionCapture:1]]
[2025.04.21-14.24.18:378][  0]LogConfig: Applying CVar settings from Section [FoliageQuality@3] File [C:/Users/rthru/Desktop/Source files 4.27/Saved/Config/Windows/Scalability.ini]
[2025.04.21-14.24.18:378][  0]LogConfig: Setting CVar [[foliage.DensityScale:1.0]]
[2025.04.21-14.24.18:378][  0]LogConfig: Setting CVar [[grass.DensityScale:1.0]]
[2025.04.21-14.24.18:378][  0]LogConfig: Applying CVar settings from Section [ShadingQuality@3] File [C:/Users/rthru/Desktop/Source files 4.27/Saved/Config/Windows/Scalability.ini]
[2025.04.21-14.24.18:378][  0]LogConfig: Setting CVar [[r.HairStrands.SkyLighting.IntegrationType:2]]
[2025.04.21-14.24.18:378][  0]LogConfig: Setting CVar [[r.HairStrands.SkyAO.SampleCount:4]]
[2025.04.21-14.24.18:378][  0]LogConfig: Setting CVar [[r.HairStrands.Visibility.MSAA.SamplePerPixel:4]]
[2025.04.21-14.24.18:378][  0]LogInit: Selected Device Profile: [Windows]
[2025.04.21-14.24.18:378][  0]LogInit: Applying CVar settings loaded from the selected device profile: [Windows]
[2025.04.21-14.24.18:378][  0]LogHAL: Display: Platform has ~ 32 GB [34163875840 / 34359738368 / 32], which maps to Largest [LargestMinGB=32, LargerMinGB=12, DefaultMinGB=8, SmallerMinGB=6, SmallestMinGB=0)
[2025.04.21-14.24.18:378][  0]LogInit: Going up to parent DeviceProfile []
[2025.04.21-14.24.18:378][  0]LogConfig: Applying CVar settings from Section [ViewDistanceQuality@3] File [C:/Users/rthru/Desktop/Source files 4.27/Saved/Config/Windows/Scalability.ini]
[2025.04.21-14.24.18:378][  0]LogConfig: Setting CVar [[r.SkeletalMeshLODBias:0]]
[2025.04.21-14.24.18:378][  0]LogConfig: Setting CVar [[r.ViewDistanceScale:1.0]]
[2025.04.21-14.24.18:378][  0]LogConfig: Applying CVar settings from Section [AntiAliasingQuality@3] File [C:/Users/rthru/Desktop/Source files 4.27/Saved/Config/Windows/Scalability.ini]
[2025.04.21-14.24.18:378][  0]LogConfig: Setting CVar [[r.PostProcessAAQuality:4]]
[2025.04.21-14.24.18:378][  0]LogConfig: Applying CVar settings from Section [ShadowQuality@3] File [C:/Users/rthru/Desktop/Source files 4.27/Saved/Config/Windows/Scalability.ini]
[2025.04.21-14.24.18:378][  0]LogConfig: Setting CVar [[r.LightFunctionQuality:1]]
[2025.04.21-14.24.18:378][  0]LogConfig: Setting CVar [[r.ShadowQuality:5]]
[2025.04.21-14.24.18:378][  0]LogConfig: Setting CVar [[r.Shadow.CSM.MaxCascades:10]]
[2025.04.21-14.24.18:378][  0]LogConfig: Setting CVar [[r.Shadow.MaxResolution:2048]]
[2025.04.21-14.24.18:378][  0]LogConfig: Setting CVar [[r.Shadow.MaxCSMResolution:2048]]
[2025.04.21-14.24.18:378][  0]LogConfig: Setting CVar [[r.Shadow.RadiusThreshold:0.01]]
[2025.04.21-14.24.18:378][  0]LogConfig: Setting CVar [[r.Shadow.DistanceScale:1.0]]
[2025.04.21-14.24.18:378][  0]LogConfig: Setting CVar [[r.Shadow.CSM.TransitionScale:1.0]]
[2025.04.21-14.24.18:378][  0]LogConfig: Setting CVar [[r.Shadow.PreShadowResolutionFactor:1.0]]
[2025.04.21-14.24.18:378][  0]LogConfig: Setting CVar [[r.DistanceFieldShadowing:1]]
[2025.04.21-14.24.18:378][  0]LogConfig: Setting CVar [[r.DistanceFieldAO:1]]
[2025.04.21-14.24.18:378][  0]LogConfig: Setting CVar [[r.AOQuality:2]]
[2025.04.21-14.24.18:378][  0]LogConfig: Setting CVar [[r.VolumetricFog:1]]
[2025.04.21-14.24.18:378][  0]LogConfig: Setting CVar [[r.VolumetricFog.GridPixelSize:8]]
[2025.04.21-14.24.18:378][  0]LogConfig: Setting CVar [[r.VolumetricFog.GridSizeZ:128]]
[2025.04.21-14.24.18:378][  0]LogConfig: Setting CVar [[r.VolumetricFog.HistoryMissSupersampleCount:4]]
[2025.04.21-14.24.18:378][  0]LogConfig: Setting CVar [[r.LightMaxDrawDistanceScale:1]]
[2025.04.21-14.24.18:378][  0]LogConfig: Setting CVar [[r.CapsuleShadows:1]]
[2025.04.21-14.24.18:378][  0]LogConfig: Applying CVar settings from Section [PostProcessQuality@3] File [C:/Users/rthru/Desktop/Source files 4.27/Saved/Config/Windows/Scalability.ini]
[2025.04.21-14.24.18:378][  0]LogConfig: Setting CVar [[r.MotionBlurQuality:4]]
[2025.04.21-14.24.18:378][  0]LogConfig: Setting CVar [[r.AmbientOcclusionMipLevelFactor:0.4]]
[2025.04.21-14.24.18:378][  0]LogConfig: Setting CVar [[r.AmbientOcclusionMaxQuality:100]]
[2025.04.21-14.24.18:378][  0]LogConfig: Setting CVar [[r.AmbientOcclusionLevels:-1]]
[2025.04.21-14.24.18:378][  0]LogConfig: Setting CVar [[r.AmbientOcclusionRadiusScale:1.0]]
[2025.04.21-14.24.18:378][  0]LogConfig: Setting CVar [[r.DepthOfFieldQuality:2]]
[2025.04.21-14.24.18:378][  0]LogConfig: Setting CVar [[r.RenderTargetPoolMin:400]]
[2025.04.21-14.24.18:378][  0]LogConfig: Setting CVar [[r.LensFlareQuality:2]]
[2025.04.21-14.24.18:378][  0]LogConfig: Setting CVar [[r.SceneColorFringeQuality:1]]
[2025.04.21-14.24.18:378][  0]LogConfig: Setting CVar [[r.EyeAdaptationQuality:2]]
[2025.04.21-14.24.18:378][  0]LogConfig: Setting CVar [[r.BloomQuality:5]]
[2025.04.21-14.24.18:378][  0]LogConfig: Setting CVar [[r.FastBlurThreshold:100]]
[2025.04.21-14.24.18:378][  0]LogConfig: Setting CVar [[r.Upscale.Quality:3]]
[2025.04.21-14.24.18:378][  0]LogConfig: Setting CVar [[r.Tonemapper.GrainQuantization:1]]
[2025.04.21-14.24.18:378][  0]LogConfig: Setting CVar [[r.LightShaftQuality:1]]
[2025.04.21-14.24.18:378][  0]LogConfig: Setting CVar [[r.Filter.SizeScale:1]]
[2025.04.21-14.24.18:378][  0]LogConfig: Setting CVar [[r.Tonemapper.Quality:5]]
[2025.04.21-14.24.18:378][  0]LogConfig: Setting CVar [[r.DOF.Gather.AccumulatorQuality:1        ; higher gathering accumulator quality]]
[2025.04.21-14.24.18:378][  0]LogConfig: Setting CVar [[r.DOF.Gather.PostfilterMethod:1          ; Median3x3 postfilering method]]
[2025.04.21-14.24.18:378][  0]LogConfig: Setting CVar [[r.DOF.Gather.EnableBokehSettings:0       ; no bokeh simulation when gathering]]
[2025.04.21-14.24.18:378][  0]LogConfig: Setting CVar [[r.DOF.Gather.RingCount:4                 ; medium number of samples when gathering]]
[2025.04.21-14.24.18:378][  0]LogConfig: Setting CVar [[r.DOF.Scatter.ForegroundCompositing:1    ; additive foreground scattering]]
[2025.04.21-14.24.18:378][  0]LogConfig: Setting CVar [[r.DOF.Scatter.BackgroundCompositing:2    ; additive background scattering]]
[2025.04.21-14.24.18:378][  0]LogConfig: Setting CVar [[r.DOF.Scatter.EnableBokehSettings:1      ; bokeh simulation when scattering]]
[2025.04.21-14.24.18:378][  0]LogConfig: Setting CVar [[r.DOF.Scatter.MaxSpriteRatio:0.1         ; only a maximum of 10% of scattered bokeh]]
[2025.04.21-14.24.18:378][  0]LogConfig: Setting CVar [[r.DOF.Recombine.Quality:1                ; cheap slight out of focus]]
[2025.04.21-14.24.18:378][  0]LogConfig: Setting CVar [[r.DOF.Recombine.EnableBokehSettings:0    ; no bokeh simulation on slight out of focus]]
[2025.04.21-14.24.18:378][  0]LogConfig: Setting CVar [[r.DOF.TemporalAAQuality:1                ; more stable temporal accumulation]]
[2025.04.21-14.24.18:378][  0]LogConfig: Setting CVar [[r.DOF.Kernel.MaxForegroundRadius:0.025]]
[2025.04.21-14.24.18:378][  0]LogConfig: Setting CVar [[r.DOF.Kernel.MaxBackgroundRadius:0.025]]
[2025.04.21-14.24.18:378][  0]LogConfig: Applying CVar settings from Section [TextureQuality@3] File [C:/Users/rthru/Desktop/Source files 4.27/Saved/Config/Windows/Scalability.ini]
[2025.04.21-14.24.18:378][  0]LogConfig: Setting CVar [[r.Streaming.MipBias:0]]
[2025.04.21-14.24.18:378][  0]LogConfig: Setting CVar [[r.Streaming.AmortizeCPUToGPUCopy:0]]
[2025.04.21-14.24.18:378][  0]LogConfig: Setting CVar [[r.Streaming.MaxNumTexturesToStreamPerFrame:0]]
[2025.04.21-14.24.18:378][  0]LogConfig: Setting CVar [[r.Streaming.Boost:1]]
[2025.04.21-14.24.18:378][  0]LogConfig: Setting CVar [[r.MaxAnisotropy:8]]
[2025.04.21-14.24.18:378][  0]LogConfig: Setting CVar [[r.VT.MaxAnisotropy:8]]
[2025.04.21-14.24.18:378][  0]LogConfig: Setting CVar [[r.Streaming.LimitPoolSizeToVRAM:0]]
[2025.04.21-14.24.18:378][  0]LogConfig: Setting CVar [[r.Streaming.PoolSize:1000]]
[2025.04.21-14.24.18:378][  0]LogConfig: Setting CVar [[r.Streaming.MaxEffectiveScreenSize:0]]
[2025.04.21-14.24.18:378][  0]LogConfig: Applying CVar settings from Section [EffectsQuality@3] File [C:/Users/rthru/Desktop/Source files 4.27/Saved/Config/Windows/Scalability.ini]
[2025.04.21-14.24.18:378][  0]LogConfig: Setting CVar [[r.TranslucencyLightingVolumeDim:64]]
[2025.04.21-14.24.18:378][  0]LogConfig: Setting CVar [[r.RefractionQuality:2]]
[2025.04.21-14.24.18:378][  0]LogConfig: Setting CVar [[r.SSR.Quality:3]]
[2025.04.21-14.24.18:378][  0]LogConfig: Setting CVar [[r.SSR.HalfResSceneColor:0]]
[2025.04.21-14.24.18:378][  0]LogConfig: Setting CVar [[r.SceneColorFormat:4]]
[2025.04.21-14.24.18:378][  0]LogConfig: Setting CVar [[r.DetailMode:2]]
[2025.04.21-14.24.18:378][  0]LogConfig: Setting CVar [[r.TranslucencyVolumeBlur:1]]
[2025.04.21-14.24.18:378][  0]LogConfig: Setting CVar [[r.MaterialQualityLevel:1 ; High quality]]
[2025.04.21-14.24.18:378][  0]LogConfig: Setting CVar [[r.AnisotropicMaterials:1]]
[2025.04.21-14.24.18:378][  0]LogConfig: Setting CVar [[r.SSS.Scale:1]]
[2025.04.21-14.24.18:378][  0]LogConfig: Setting CVar [[r.SSS.SampleSet:2]]
[2025.04.21-14.24.18:378][  0]LogConfig: Setting CVar [[r.SSS.Quality:1]]
[2025.04.21-14.24.18:378][  0]LogConfig: Setting CVar [[r.SSS.HalfRes:0]]
[2025.04.21-14.24.18:378][  0]LogConfig: Setting CVar [[r.SSGI.Quality:3]]
[2025.04.21-14.24.18:378][  0]LogConfig: Setting CVar [[r.EmitterSpawnRateScale:1.0]]
[2025.04.21-14.24.18:378][  0]LogConfig: Setting CVar [[r.ParticleLightQuality:2]]
[2025.04.21-14.24.18:378][  0]LogConfig: Setting CVar [[r.SkyAtmosphere.AerialPerspectiveLUT.FastApplyOnOpaque:1 ; Always have FastSkyLUT 1 in this case to avoid wrong sky]]
[2025.04.21-14.24.18:378][  0]LogConfig: Setting CVar [[r.SkyAtmosphere.AerialPerspectiveLUT.SampleCountMaxPerSlice:4]]
[2025.04.21-14.24.18:378][  0]LogConfig: Setting CVar [[r.SkyAtmosphere.AerialPerspectiveLUT.DepthResolution:16.0]]
[2025.04.21-14.24.18:378][  0]LogConfig: Setting CVar [[r.SkyAtmosphere.FastSkyLUT:1]]
[2025.04.21-14.24.18:378][  0]LogConfig: Setting CVar [[r.SkyAtmosphere.FastSkyLUT.SampleCountMin:4.0]]
[2025.04.21-14.24.18:378][  0]LogConfig: Setting CVar [[r.SkyAtmosphere.FastSkyLUT.SampleCountMax:128.0]]
[2025.04.21-14.24.18:378][  0]LogConfig: Setting CVar [[r.SkyAtmosphere.SampleCountMin:4.0]]
[2025.04.21-14.24.18:378][  0]LogConfig: Setting CVar [[r.SkyAtmosphere.SampleCountMax:128.0]]
[2025.04.21-14.24.18:378][  0]LogConfig: Setting CVar [[r.SkyAtmosphere.TransmittanceLUT.UseSmallFormat:0]]
[2025.04.21-14.24.18:378][  0]LogConfig: Setting CVar [[r.SkyAtmosphere.TransmittanceLUT.SampleCount:10.0]]
[2025.04.21-14.24.18:378][  0]LogConfig: Setting CVar [[r.SkyAtmosphere.MultiScatteringLUT.SampleCount:15.0]]
[2025.04.21-14.24.18:378][  0]LogConfig: Setting CVar [[r.SkyLight.RealTimeReflectionCapture:1]]
[2025.04.21-14.24.18:378][  0]LogConfig: Applying CVar settings from Section [FoliageQuality@3] File [C:/Users/rthru/Desktop/Source files 4.27/Saved/Config/Windows/Scalability.ini]
[2025.04.21-14.24.18:378][  0]LogConfig: Setting CVar [[foliage.DensityScale:1.0]]
[2025.04.21-14.24.18:378][  0]LogConfig: Setting CVar [[grass.DensityScale:1.0]]
[2025.04.21-14.24.18:378][  0]LogConfig: Applying CVar settings from Section [ShadingQuality@3] File [C:/Users/rthru/Desktop/Source files 4.27/Saved/Config/Windows/Scalability.ini]
[2025.04.21-14.24.18:378][  0]LogConfig: Setting CVar [[r.HairStrands.SkyLighting.IntegrationType:2]]
[2025.04.21-14.24.18:378][  0]LogConfig: Setting CVar [[r.HairStrands.SkyAO.SampleCount:4]]
[2025.04.21-14.24.18:378][  0]LogConfig: Setting CVar [[r.HairStrands.Visibility.MSAA.SamplePerPixel:4]]
[2025.04.21-14.24.18:378][  0]LogConfig: Applying CVar settings from Section [Startup] File [../../../Engine/Config/ConsoleVariables.ini]
[2025.04.21-14.24.18:379][  0]LogConfig: Setting CVar [[net.UseAdaptiveNetUpdateFrequency:0]]
[2025.04.21-14.24.18:379][  0]LogConfig: Setting CVar [[p.chaos.AllowCreatePhysxBodies:1]]
[2025.04.21-14.24.18:379][  0]LogConfig: Setting CVar [[fx.SkipVectorVMBackendOptimizations:1]]
[2025.04.21-14.24.18:379][  0]LogConfig: Applying CVar settings from Section [ConsoleVariables] File [C:/Users/rthru/Desktop/Source files 4.27/Saved/Config/Windows/Engine.ini]
[2025.04.21-14.24.18:379][  0]LogConfig: Applying CVar settings from Section [ConsoleVariables] File [C:/Users/rthru/Desktop/Source files 4.27/Saved/Config/Windows/Editor.ini]
[2025.04.21-14.24.18:379][  0]LogInit: Computer: DESKTOP-R19SG4K
[2025.04.21-14.24.18:379][  0]LogInit: User: rthru
[2025.04.21-14.24.18:379][  0]LogInit: CPU Page size=4096, Cores=16
[2025.04.21-14.24.18:379][  0]LogInit: High frequency timer resolution =10.000000 MHz
[2025.04.21-14.24.18:379][  0]LogMemory: Memory total: Physical=31.8GB (32GB approx)
[2025.04.21-14.24.18:379][  0]LogMemory: Platform Memory Stats for Windows
[2025.04.21-14.24.18:379][  0]LogMemory: Process Physical Memory: 153.61 MB used, 153.61 MB peak
[2025.04.21-14.24.18:379][  0]LogMemory: Process Virtual Memory: 128.07 MB used, 128.07 MB peak
[2025.04.21-14.24.18:379][  0]LogMemory: Physical Memory: 13592.38 MB used,  18988.84 MB free, 32581.21 MB total
[2025.04.21-14.24.18:379][  0]LogMemory: Virtual Memory: 134196880.00 MB used,  20849.54 MB free, 134217728.00 MB total
[2025.04.21-14.24.18:575][  0]LogWindows: WindowsPlatformFeatures enabled
[2025.04.21-14.24.18:598][  0]LogInit: Physics initialised using underlying interface: PhysX
[2025.04.21-14.24.18:599][  0]LogInit: Using OS detected language (en-US).
[2025.04.21-14.24.18:599][  0]LogInit: Using OS detected locale (en-GB).
[2025.04.21-14.24.18:600][  0]LogTextLocalizationManager: No specific localization for 'en-US' exists, so the 'en' localization will be used.
[2025.04.21-14.24.18:718][  0]LogInit: Setting process to per monitor DPI aware
[2025.04.21-14.24.18:731][  0]LogWindowsTextInputMethodSystem: Display: IME system deactivated.
[2025.04.21-14.24.18:741][  0]LogSlate: New Slate User Created.  User Index 0, Is Virtual User: 0
[2025.04.21-14.24.18:741][  0]LogSlate: Slate User Registered.  User Index 0, Is Virtual User: 0
[2025.04.21-14.24.18:805][  0]LogD3D11RHI: Loaded GFSDK_Aftermath_Lib.x64.dll
[2025.04.21-14.24.18:807][  0]LogHMD: Failed to initialize OpenVR with code 110
[2025.04.21-14.24.18:807][  0]LogD3D11RHI: D3D11 min allowed feature level: 11_0
[2025.04.21-14.24.18:807][  0]LogD3D11RHI: D3D11 max allowed feature level: 11_0
[2025.04.21-14.24.18:807][  0]LogD3D11RHI: D3D11 adapters:
[2025.04.21-14.24.18:927][  0]LogD3D11RHI:    0. 'NVIDIA GeForce RTX 3080' (Feature Level 11_0)
[2025.04.21-14.24.18:928][  0]LogD3D11RHI:       10053/0/16290 MB DedicatedVideo/DedicatedSystem/SharedSystem, Outputs:2, VendorId:0x10de
[2025.04.21-14.24.18:929][  0]LogD3D11RHI:    1. 'Microsoft Basic Render Driver' (Feature Level 11_0)
[2025.04.21-14.24.18:929][  0]LogD3D11RHI:       0/0/16290 MB DedicatedVideo/DedicatedSystem/SharedSystem, Outputs:0, VendorId:0x1414
[2025.04.21-14.24.18:929][  0]LogD3D11RHI: Chosen D3D11 Adapter:
[2025.04.21-14.24.18:929][  0]LogD3D11RHI:     Description : NVIDIA GeForce RTX 3080
[2025.04.21-14.24.18:929][  0]LogD3D11RHI:     VendorId    : 10de
[2025.04.21-14.24.18:929][  0]LogD3D11RHI:     DeviceId    : 2216
[2025.04.21-14.24.18:929][  0]LogD3D11RHI:     SubSysId    : 403f1458
[2025.04.21-14.24.18:929][  0]LogD3D11RHI:     Revision    : 00a1
[2025.04.21-14.24.18:929][  0]LogD3D11RHI:     DedicatedVideoMemory : 10541334528 bytes
[2025.04.21-14.24.18:929][  0]LogD3D11RHI:     DedicatedSystemMemory : 0 bytes
[2025.04.21-14.24.18:929][  0]LogD3D11RHI:     SharedSystemMemory : 17081937920 bytes
[2025.04.21-14.24.18:929][  0]LogD3D11RHI:     AdapterLuid : 0 52537
[2025.04.21-14.24.18:935][  0]LogD3D11RHI: Creating new Direct3DDevice
[2025.04.21-14.24.18:935][  0]LogD3D11RHI:     GPU DeviceId: 0x2216 (for the marketing name, search the web for "GPU Device Id")
[2025.04.21-14.24.18:935][  0]LogWindows: EnumDisplayDevices:
[2025.04.21-14.24.18:936][  0]LogWindows:    0. 'NVIDIA GeForce RTX 3080' (P:0 D:1)
[2025.04.21-14.24.18:936][  0]LogWindows:    1. 'NVIDIA GeForce RTX 3080' (P:1 D:1)
[2025.04.21-14.24.18:936][  0]LogWindows:    2. 'NVIDIA GeForce RTX 3080' (P:0 D:0)
[2025.04.21-14.24.18:936][  0]LogWindows:    3. 'NVIDIA GeForce RTX 3080' (P:0 D:0)
[2025.04.21-14.24.18:936][  0]LogWindows: DebugString: FoundDriverCount:4 
[2025.04.21-14.24.18:936][  0]LogD3D11RHI:     Adapter Name: NVIDIA GeForce RTX 3080
[2025.04.21-14.24.18:936][  0]LogD3D11RHI:   Driver Version: 572.60 (internal:32.0.15.7260, unified:572.60)
[2025.04.21-14.24.18:936][  0]LogD3D11RHI:      Driver Date: 2-25-2025
[2025.04.21-14.24.18:936][  0]LogRHI: Texture pool is 7037 MB (70% of 10053 MB)
[2025.04.21-14.24.18:936][  0]LogD3D11RHI: Creating D3DDevice using adapter:
[2025.04.21-14.24.18:936][  0]LogD3D11RHI:     Description : NVIDIA GeForce RTX 3080
[2025.04.21-14.24.18:936][  0]LogD3D11RHI:     VendorId    : 10de
[2025.04.21-14.24.18:936][  0]LogD3D11RHI:     DeviceId    : 2216
[2025.04.21-14.24.18:936][  0]LogD3D11RHI:     SubSysId    : 403f1458
[2025.04.21-14.24.18:936][  0]LogD3D11RHI:     Revision    : 00a1
[2025.04.21-14.24.18:936][  0]LogD3D11RHI:     DedicatedVideoMemory : 10541334528 bytes
[2025.04.21-14.24.18:936][  0]LogD3D11RHI:     DedicatedSystemMemory : 0 bytes
[2025.04.21-14.24.18:936][  0]LogD3D11RHI:     SharedSystemMemory : 17081937920 bytes
[2025.04.21-14.24.18:936][  0]LogD3D11RHI:     AdapterLuid : 0 52537
[2025.04.21-14.24.19:035][  0]LogD3D11RHI: RHI has support for 64 bit atomics
[2025.04.21-14.24.19:035][  0]LogD3D11RHI: Async texture creation enabled
[2025.04.21-14.24.19:035][  0]LogD3D11RHI: Array index from any shader is supported
[2025.04.21-14.24.19:050][  0]LogD3D11RHI: GPU Timing Frequency: 1000.000000 (Debug: 2 1)
[2025.04.21-14.24.19:065][  0]LogRHI: GeForceNow SDK initialized: 1
[2025.04.21-14.24.19:244][  0]LogTargetPlatformManager: Display: Loaded TargetPlatform 'AllDesktop'
[2025.04.21-14.24.19:256][  0]LogTargetPlatformManager: Display: Loaded TargetPlatform 'Android'
[2025.04.21-14.24.19:256][  0]LogTargetPlatformManager: Display: Loaded TargetPlatform 'Android_ASTC'
[2025.04.21-14.24.19:256][  0]LogTargetPlatformManager: Display: Loaded TargetPlatform 'Android_DXT'
[2025.04.21-14.24.19:256][  0]LogTargetPlatformManager: Display: Loaded TargetPlatform 'Android_ETC2'
[2025.04.21-14.24.19:256][  0]LogTargetPlatformManager: Display: Loaded TargetPlatform 'AndroidClient'
[2025.04.21-14.24.19:256][  0]LogTargetPlatformManager: Display: Loaded TargetPlatform 'Android_ASTCClient'
[2025.04.21-14.24.19:256][  0]LogTargetPlatformManager: Display: Loaded TargetPlatform 'Android_DXTClient'
[2025.04.21-14.24.19:256][  0]LogTargetPlatformManager: Display: Loaded TargetPlatform 'Android_ETC2Client'
[2025.04.21-14.24.19:256][  0]LogTargetPlatformManager: Display: Loaded TargetPlatform 'Android_Multi'
[2025.04.21-14.24.19:256][  0]LogTargetPlatformManager: Display: Loaded TargetPlatform 'Android_MultiClient'
[2025.04.21-14.24.19:266][  0]LogTargetPlatformManager: Display: Loaded TargetPlatform 'IOSClient'
[2025.04.21-14.24.19:266][  0]LogTargetPlatformManager: Display: Loaded TargetPlatform 'IOS'
[2025.04.21-14.24.19:271][  0]LogTargetPlatformManager: Display: Loaded TargetPlatform 'Linux'
[2025.04.21-14.24.19:273][  0]LogTargetPlatformManager: Display: Loaded TargetPlatform 'LinuxNoEditor'
[2025.04.21-14.24.19:277][  0]LogTargetPlatformManager: Display: Loaded TargetPlatform 'LinuxClient'
[2025.04.21-14.24.19:279][  0]LogTargetPlatformManager: Display: Loaded TargetPlatform 'LinuxServer'
[2025.04.21-14.24.19:284][  0]LogTargetPlatformManager: Display: Loaded TargetPlatform 'LinuxAArch64NoEditor'
[2025.04.21-14.24.19:286][  0]LogTargetPlatformManager: Display: Loaded TargetPlatform 'LinuxAArch64Client'
[2025.04.21-14.24.19:288][  0]LogTargetPlatformManager: Display: Loaded TargetPlatform 'LinuxAArch64Server'
[2025.04.21-14.24.19:301][  0]LogTargetPlatformManager: Display: Loaded TargetPlatform 'Lumin'
[2025.04.21-14.24.19:301][  0]LogTargetPlatformManager: Display: Loaded TargetPlatform 'LuminClient'
[2025.04.21-14.24.19:305][  0]LogTargetPlatformManager: Display: Loaded TargetPlatform 'MacNoEditor'
[2025.04.21-14.24.19:307][  0]LogTargetPlatformManager: Display: Loaded TargetPlatform 'Mac'
[2025.04.21-14.24.19:309][  0]LogTargetPlatformManager: Display: Loaded TargetPlatform 'MacClient'
[2025.04.21-14.24.19:311][  0]LogTargetPlatformManager: Display: Loaded TargetPlatform 'MacServer'
[2025.04.21-14.24.19:317][  0]LogTargetPlatformManager: Display: Loaded TargetPlatform 'TVOSClient'
[2025.04.21-14.24.19:317][  0]LogTargetPlatformManager: Display: Loaded TargetPlatform 'TVOS'
[2025.04.21-14.24.19:321][  0]LogTargetPlatformManager: Display: Loaded TargetPlatform 'WindowsNoEditor'
[2025.04.21-14.24.19:324][  0]LogTargetPlatformManager: Display: Loaded TargetPlatform 'Windows'
[2025.04.21-14.24.19:326][  0]LogTargetPlatformManager: Display: Loaded TargetPlatform 'WindowsClient'
[2025.04.21-14.24.19:328][  0]LogTargetPlatformManager: Display: Loaded TargetPlatform 'WindowsServer'
[2025.04.21-14.24.19:328][  0]LogTargetPlatformManager: Display: Building Assets For Windows
[2025.04.21-14.24.19:331][  0]LogAudioDebug: Display: Lib vorbis DLL was dynamically loaded.
[2025.04.21-14.24.19:347][  0]LogTextureFormatOodle: Display: Oodle Texture 2.9.0 init RDO Off
[2025.04.21-14.24.19:361][  0]LogRendererCore: Ray tracing is disabled. Reason: r.RayTracing=0.
[2025.04.21-14.24.19:361][  0]LogShaderCompilers: Guid format shader working directory is -10 characters bigger than the processId version (../../../../../../Users/rthru/Desktop/Source files 4.27/Intermediate/Shaders/WorkingDirectory/18888/).
[2025.04.21-14.24.19:361][  0]LogShaderCompilers: Cleaned the shader compiler working directory 'C:/Users/rthru/AppData/Local/Temp/UnrealShaderWorkingDir/1766C79B42F42203D39E3191B3483D18/'.
[2025.04.21-14.24.19:361][  0]LogXGEController: Cannot use XGE Controller as Incredibuild is not installed on this machine.
[2025.04.21-14.24.19:361][  0]LogShaderCompilers: Cannot use XGE Shader Compiler as Incredibuild is not installed on this machine.
[2025.04.21-14.24.19:361][  0]LogShaderCompilers: Display: Using Local Shader Compiler.
[2025.04.21-14.24.19:804][  0]LogDerivedDataCache: Display: Max Cache Size: 512 MB
[2025.04.21-14.24.19:872][  0]LogDerivedDataCache: Loaded boot cache 0.07s 94MB C:/Users/rthru/AppData/Local/UnrealEngine/4.27/DerivedDataCache/Boot.ddc.
[2025.04.21-14.24.19:872][  0]LogDerivedDataCache: Display: Loaded Boot cache: C:/Users/rthru/AppData/Local/UnrealEngine/4.27/DerivedDataCache/Boot.ddc
[2025.04.21-14.24.19:872][  0]LogDerivedDataCache: FDerivedDataBackendGraph:  Pak pak cache file ../../../../../../Users/rthru/Desktop/Source files 4.27/DerivedDataCache/DDC.ddp not found, will not use a pak cache.
[2025.04.21-14.24.19:872][  0]LogDerivedDataCache: Unable to find inner node Pak for hierarchical cache Hierarchy.
[2025.04.21-14.24.19:872][  0]LogDerivedDataCache: FDerivedDataBackendGraph:  CompressedPak pak cache file ../../../../../../Users/rthru/Desktop/Source files 4.27/DerivedDataCache/Compressed.ddp not found, will not use a pak cache.
[2025.04.21-14.24.19:872][  0]LogDerivedDataCache: Unable to find inner node CompressedPak for hierarchical cache Hierarchy.
[2025.04.21-14.24.19:882][  0]LogDerivedDataCache: Display: Pak cache opened for reading ../../../Engine/DerivedDataCache/Compressed.ddp.
[2025.04.21-14.24.19:882][  0]LogDerivedDataCache: FDerivedDataBackendGraph:  EnterprisePak pak cache file ../../../Enterprise/DerivedDataCache/Compressed.ddp not found, will not use a pak cache.
[2025.04.21-14.24.19:882][  0]LogDerivedDataCache: Unable to find inner node EnterprisePak for hierarchical cache Hierarchy.
[2025.04.21-14.24.19:886][  0]LogDerivedDataCache: Speed tests for C:/Users/rthru/AppData/Local/UnrealEngine/Common/DerivedDataCache took 0.00 seconds
[2025.04.21-14.24.19:886][  0]LogDerivedDataCache: Display: Performance to C:/Users/rthru/AppData/Local/UnrealEngine/Common/DerivedDataCache: Latency=0.02ms. RandomReadSpeed=1916.09MBs, RandomWriteSpeed=383.74MBs. Assigned SpeedClass 'Local'
[2025.04.21-14.24.19:887][  0]LogDerivedDataCache: Using Local data cache path C:/Users/rthru/AppData/Local/UnrealEngine/Common/DerivedDataCache: Writable
[2025.04.21-14.24.19:887][  0]LogDerivedDataCache: Shared data cache path not found in *engine.ini, will not use an Shared cache.
[2025.04.21-14.24.19:887][  0]LogDerivedDataCache: Unable to find inner node Shared for hierarchical cache Hierarchy.
[2025.04.21-14.24.19:915][  0]LogSlate: Using FreeType 2.10.0
[2025.04.21-14.24.19:915][  0]LogSlate: SlateFontServices - WITH_FREETYPE: 1, WITH_HARFBUZZ: 1
[2025.04.21-14.24.19:937][  0]LogAssetRegistry: FAssetRegistry took 0.0019 seconds to start up
[2025.04.21-14.24.20:091][  0]LogInit: Selected Device Profile: [Windows]
[2025.04.21-14.24.20:091][  0]LogInit: Active device profile: [000002AD7D040900][000002AD74F23280 49] Windows
[2025.04.21-14.24.20:091][  0]LogInit: Profiles: [000002AD7D040900][000002AD74F23280 49] Windows, [000002AD7CFF7800][000002AD74F2B400 49] WindowsNoEditor, [000002AD7D043500][000002AD769CD580 49] WindowsServer, [000002AD7CFF4E00][000002AD769D1700 49] WindowsClient, [000002AD7D043800][000002AD769D5880 49] IOS, [000002AD7CFF6800][000002AD769D9A00 49] iPadAir, [000002AD7D042000][000002AD769DDB80 49] iPadAir2, [000002AD7CFA0A00][000002AD7C9DC2C0 49] IPadPro, [000002AD7CFA0B00][000002AD769E0300 49] iPadAir3, [000002AD7CFF5900][000002AD7C9E0480 49] iPadAir4, [000002AD7CFA3400][000002AD7C9E4600 49] iPadMini2, [000002AD7CFF6A00][000002AD74F26740 49] iPadMini3, [000002AD7CFA1700][000002AD7C9E8880 49] iPadMini4, [000002AD7D041100][000002AD7C9EC9C0 49] iPadMini5, [000002AD7CFBC300][000002AD7C9F8C40 49] iPhone6, [000002AD7CFBC400][000002AD7C9F0C80 49] iPodTouch6, [000002AD7CF8FF00][000002AD7CA00F40 49] iPhone7, [000002AD7CF8FE00][000002AD7C9FCF80 49] iPodTouch7, [000002AD7CFF6000][000002AD7CA05100 49] iPhone5S, [000002AD7CF8DA00][000002AD7CA09280 49] iPhone6Plus, [000002AD7CFBC200][000002AD7CA0D400 49] iPhone6S, [000002AD7CF8C600][000002AD7CA11580 49] iPhone6SPlus, [000002AD7CFBE900][000002AD7CA15700 49] iPhone7Plus, [000002AD7CF8F100][000002AD7CA19880 49] iPhoneSE, [000002AD7CFBE200][000002AD7CA1DA00 49] iPhone8, [000002AD7CF8FB00][000002AD7DA31B80 49] iPhone8Plus, [000002AD7CFBCA00][000002AD7DA34180 49] iPhoneX, [000002AD7CF8D400][000002AD7DA38300 49] iPhoneXS, [000002AD7CFBF900][000002AD7DA3C480 49] iPhoneXSMax, [000002AD7CF8C900][000002AD7DA40600 49] iPhoneXR, [000002AD7CFBEF00][000002AD7DA44780 49] iPhone11, [000002AD7CF8D300][000002AD7DA48900 49] iPhone11Pro, [000002AD7CFBD000][000002AD7C9F4A40 49] iPhone11ProMax, [000002AD7CF8EA00][000002AD7DA4CB80 49] iPhoneSE2, [000002AD7CFBD400][000002AD7DA50CC0 49] iPhone12Mini, [000002AD7CF8E400][000002AD7DA58E40 49] iPhone12, [000002AD7CFBCD00][000002AD7DA5CFC0 49] iPhone12Pro, [000002AD7CF8EB00][000002AD7DA61140 49] iPhone12ProMax, [000002AD7CFBF000][000002AD7DA652C0 49] iPadPro105, [000002AD7CF8C700][000002AD7DA69440 49] iPadPro129, [000002AD7CFBE800][000002AD7DA6D5C0 49] iPadPro97, [000002AD7CF8E600][000002AD7DA71740 49] iPadPro2_129, [000002AD7CFBFC00][000002AD7DA758C0 49] iPad5, [000002AD7CF8E200][000002AD7DA79A40 49] iPad6, [000002AD7CFBCF00][000002AD7DA7DBC0 49] iPad7, [000002AD7CF8ED00][000002AD7DA801C0 49] iPad8, [000002AD7CFBD100][000002AD7DA84340 49] iPadPro11, [000002AD7CF8D600][000002AD7DA884C0 49] iPadPro2_11, [000002AD7CFBF400][000002AD7DA8C640 49] iPadPro3_129, [000002AD7CF8E800][000002AD7DA907C0 49] iPadPro4_129, [000002AD7CFBFA00][000002AD7DA94940 49] AppleTV, [000002AD7CF8E100][000002AD7DA98AC0 49] AppleTV4K, [000002AD7CFBDF00][000002AD7DA54C00 49] TVOS, [000002AD7CF8F400][000002AD7DA9CD40 49] Mac, [000002AD7CFBF800][000002AD7DAA0E80 49] MacClient, [000002AD7CF8DE00][000002AD7DAA4FC0 49] MacNoEditor, [000002AD7CFBFF00][000002AD7DAAD140 49] MacServer, [000002AD7CF8F500][000002AD7DAB12C0 49] Linux, [000002AD7CFBCC00][000002AD7DAB5440 49] LinuxAArch64, [000002AD7CF8EF00][000002AD7DAB95C0 49] LinuxNoEditor, [000002AD7CFBCB00][000002AD7DABD740 49] LinuxAArch64NoEditor, [000002AD7CF8F700][000002AD7DAC18C0 49] LinuxClient, [000002AD7CFBDA00][000002AD7DAD1A40 49] LinuxAArch64Client, [000002AD7CF8D000][000002AD7DAD5BC0 49] LinuxServer, [000002AD7CFBE500][000002AD7DADC1C0 49] LinuxAArch64Server, [000002AD7CF8D900][000002AD7DB10340 49] Android, [000002AD7CFBD300][000002AD7DB7C4C0 49] Android_Low, [000002AD7CF8E700][000002AD7DB8C640 49] Android_Mid, [000002AD7CFBEB00][000002AD7DB907C0 49] Android_High, [000002AD7CF8F800][000002AD7DC00940 49] Android_Default, [000002AD7CFBD600][000002AD7DC16AC0 49] Android_Adreno4xx, [000002AD7CF8D500][000002AD7DC1AC40 49] Android_Adreno5xx_Low, [000002AD7CFA3600][000002AD7DAA8D80 49] Android_Adreno5xx, [000002AD7CFF5800][000002AD7DC1EEC0 49] Android_Adreno6xx, [000002AD7CFA1200][000002AD7DC23000 49] Android_Adreno6xx_Vulkan, [000002AD7CFF7C00][000002AD7DC53140 49] Android_Mali_T6xx, [000002AD7CFA1100][000002AD7DC5B2C0 49] Android_Mali_T7xx, [000002AD7CFF5600][000002AD7DC5F440 49] Android_Mali_T8xx, [000002AD7CFA1E00][000002AD7DC635C0 49] Android_Mali_G71, [000002AD7CFF4500][000002AD7DCE5740 49] Android_Mali_G72, [000002AD7CFA0800][000002AD7DCE98C0 49] Android_Mali_G72_Vulkan, [000002AD7CFF5300][000002AD7DD35A40 49] Android_Mali_G76, [000002AD7CFA0100][000002AD7DD81BC0 49] Android_Mali_G76_Vulkan, [000002AD7CFF5F00][000002AD7DDBA1C0 49] Android_Mali_G77, [000002AD7CFA1000][000002AD7E6A0340 49] Android_Mali_G77_Vulkan, [000002AD7CFF4A00][000002AD7E6BA4C0 49] Android_Mali_G78, [000002AD7CFA2C00][000002AD7E6BE640 49] Android_Mali_G78_Vulkan, [000002AD7CFF7600][000002AD7E6D67C0 49] Android_Mali_G710, [000002AD7CFA2A00][000002AD7E776940 49] Android_Mali_G710_Vulkan, [000002AD7CFF7F00][000002AD7E77AAC0 49] Android_Vulkan_SM5, [000002AD7CFA3B00][000002AD7E786C40 49] Android_PowerVR_G6xxx, [000002AD7CFF7B00][000002AD7E7BADC0 49] Android_PowerVR_GT7xxx, [000002AD7CFA3900][000002AD7E7E6F40 49] Android_PowerVR_GE8xxx, [000002AD7CFF4C00][000002AD7DC57080 49] Android_PowerVR_GM9xxx, [000002AD7CFA2700][000002AD7E7EB1C0 49] Android_PowerVR_GM9xxx_Vulkan, [000002AD7CFF6700][000002AD7E803300 49] Android_TegraK1, [000002AD7CFA0900][000002AD7E80B480 49] Android_Unknown_Vulkan, [000002AD7CFF5D00][000002AD7E80F600 49] Lumin, [000002AD7CFA0500][000002AD7E813780 49] Lumin_Desktop, [000002AD7CFF7300][000002AD7E83B900 49] HoloLens, 
[2025.04.21-14.24.20:169][  0]LogMeshReduction: Using QuadricMeshReduction for automatic static mesh reduction
[2025.04.21-14.24.20:169][  0]LogMeshReduction: Using SimplygonMeshReduction for automatic skeletal mesh reduction
[2025.04.21-14.24.20:169][  0]LogMeshReduction: Using ProxyLODMeshReduction for automatic mesh merging
[2025.04.21-14.24.20:169][  0]LogMeshReduction: No distributed automatic mesh merging module available
[2025.04.21-14.24.20:169][  0]LogMeshMerging: No distributed automatic mesh merging module available
[2025.04.21-14.24.20:180][  0]LogNetVersion: Licenta 1.0.0, NetCL: 17155196, EngineNetVer: 17, GameNetVer: 0 (Checksum: 150744144)
[2025.04.21-14.24.20:417][  0]LogTexture: Default maximum texture size for cubemaps generated from long-lat sources has been changed from 512 to unlimited. In order to preserve old behaiour for '/Engine/MapTemplates/Sky/DaylightAmbientCubemap.DaylightAmbientCubemap', its maximum texture size has been explicitly set to 512.
[2025.04.21-14.24.20:471][  0]LogHMD: PokeAHoleMaterial loaded successfully
[2025.04.21-14.24.20:476][  0]LogUObjectArray: 17178 objects as part of root set at end of initial load.
[2025.04.21-14.24.20:476][  0]LogUObjectAllocator: 4302048 out of 0 bytes used by permanent object pool.
[2025.04.21-14.24.20:476][  0]LogUObjectArray: CloseDisregardForGC: 0/0 objects in disregard for GC pool
[2025.04.21-14.24.20:582][  0]LogNiagaraDebuggerClient: Niagara Debugger Client Initialized | Session: FF3C06584E4F7C6D380365906CBF951C | Instance: 34927EA94EF5EEA0B3F850A5AA5D81FB (DESKTOP-R19SG4K-18888).
[2025.04.21-14.24.20:602][  0]LogPython: Using Python 3.7.7
[2025.04.21-14.24.20:977][  0]LogUdpMessaging: Initializing bridge on interface 0.0.0.0:0 to multicast group 230.0.0.1:6666.
[2025.04.21-14.24.20:983][  0]LogTcpMessaging: Initializing TcpMessaging bridge
[2025.04.21-14.24.21:073][  0]SourceControl: Source control is disabled
[2025.04.21-14.24.21:073][  0]SourceControl: Source control is disabled
[2025.04.21-14.24.21:075][  0]SourceControl: Source control is disabled
[2025.04.21-14.24.21:076][  0]SourceControl: Source control is disabled
[2025.04.21-14.24.21:081][  0]SourceControl: Source control is disabled
[2025.04.21-14.24.21:083][  0]LogUProjectInfo: Found projects:
[2025.04.21-14.24.21:161][  0]LogOpenImageDenoise: OIDN starting up
[2025.04.21-14.24.21:182][  0]LogAndroidPermission: UAndroidPermissionCallbackProxy::GetInstance
[2025.04.21-14.24.21:194][  0]LogAudioCaptureCore: Display: No Audio Capture implementations found. Audio input will be silent.
[2025.04.21-14.24.21:194][  0]LogAudioCaptureCore: Display: No Audio Capture implementations found. Audio input will be silent.
[2025.04.21-14.24.21:294][  0]LogOcInput: OculusInput pre-init called
[2025.04.21-14.24.21:410][  0]LogCollectionManager: Loaded 0 collections in 0.000927 seconds
[2025.04.21-14.24.21:450][  0]LogFileCache: Scanning file cache for directory 'C:/Users/rthru/Desktop/Source files 4.27/Saved/Collections/' took 0.00s
[2025.04.21-14.24.21:450][  0]LogFileCache: Scanning file cache for directory 'C:/Users/rthru/Desktop/Source files 4.27/Content/Developers/rthru/Collections/' took 0.00s
[2025.04.21-14.24.21:450][  0]LogFileCache: Scanning file cache for directory 'C:/Users/rthru/Desktop/Source files 4.27/Content/Collections/' took 0.00s
[2025.04.21-14.24.21:450][  0]LogEngine: Initializing Engine...
[2025.04.21-14.24.21:500][  0]LogHMD: Failed to enumerate extensions. Please check that you have a valid OpenXR runtime installed.
[2025.04.21-14.24.21:500][  0]LogHMD: Failed to initialize OpenVR with code 110
[2025.04.21-14.24.21:500][  0]LogMagicLeap: Warning: VR disabled because ZI is not enabled.  To enable, in the editor, Edit -> Project Settings -> Plugins -> Magic Leap Plugin -> Enable Zero Iteration
[2025.04.21-14.24.21:501][  0]LogStats: UGameplayTagsManager::InitializeManager -  0.000 s
[2025.04.21-14.24.21:591][  0]LogInit: Initializing FReadOnlyCVARCache
[2025.04.21-14.24.21:598][  0]LogAIModule: Creating AISystem for world Untitled
[2025.04.21-14.24.21:606][  0]LogAudio: Display: Initializing Audio Device Manager...
[2025.04.21-14.24.21:608][  0]LogAudio: Display: Loading Default Audio Settings Objects...
[2025.04.21-14.24.21:608][  0]LogAudio: Display: No default SoundConcurrencyObject specified (or failed to load).
[2025.04.21-14.24.21:609][  0]LogAudio: Display: Audio Device Manager Initialized
[2025.04.21-14.24.21:609][  0]LogAudio: Display: Creating Audio Device:                 Id: 1, Scope: Shared, Realtime: True
[2025.04.21-14.24.21:609][  0]LogAudioMixer: Display: Audio Mixer Platform Settings:
[2025.04.21-14.24.21:609][  0]LogAudioMixer: Display: 	Sample Rate:						  48000
[2025.04.21-14.24.21:609][  0]LogAudioMixer: Display: 	Callback Buffer Frame Size Requested: 1024
[2025.04.21-14.24.21:609][  0]LogAudioMixer: Display: 	Callback Buffer Frame Size To Use:	  1024
[2025.04.21-14.24.21:609][  0]LogAudioMixer: Display: 	Number of buffers to queue:			  2
[2025.04.21-14.24.21:609][  0]LogAudioMixer: Display: 	Max Channels (voices):				  32
[2025.04.21-14.24.21:609][  0]LogAudioMixer: Display: 	Number of Async Source Workers:		  0
[2025.04.21-14.24.21:609][  0]LogAudio: Display: AudioDevice MaxSources: 32
[2025.04.21-14.24.21:609][  0]LogAudio: Display: Audio Spatialization Plugin: None (built-in).
[2025.04.21-14.24.21:609][  0]LogAudio: Display: Audio Reverb Plugin: None (built-in).
[2025.04.21-14.24.21:609][  0]LogAudio: Display: Audio Occlusion Plugin: None (built-in).
[2025.04.21-14.24.21:609][  0]LogAudioMixer: Display: Initializing audio mixer.
[2025.04.21-14.24.21:873][  0]LogAudioMixer: Display: 0: FrontLeft
[2025.04.21-14.24.21:873][  0]LogAudioMixer: Display: 1: FrontRight
[2025.04.21-14.24.21:885][  0]LogAudioMixer: Display: Using Audio Device Headphones (ROTTER ENC Stereo)
[2025.04.21-14.24.21:893][  0]LogAudioMixer: Display: Initializing Sound Submixes...
[2025.04.21-14.24.21:894][  0]LogAudioMixer: Display: Creating Master Submix 'MasterSubmixDefault'
[2025.04.21-14.24.21:894][  0]LogAudioMixer: Display: Creating Master Submix 'MasterReverbSubmixDefault'
[2025.04.21-14.24.21:895][  0]LogAudioMixer: Display: Creating Master Submix 'MasterEQSubmixDefault'
[2025.04.21-14.24.21:895][  0]LogAudioMixer: FMixerPlatformXAudio2::StartAudioStream() called
[2025.04.21-14.24.21:895][  0]LogAudioMixer: Display: Output buffers initialized: Frames=1024, Channels=2, Samples=2048
[2025.04.21-14.24.21:896][  0]LogAudioMixer: Display: Starting AudioMixerPlatformInterface::RunInternal()
[2025.04.21-14.24.21:896][  0]LogAudioMixer: Display: FMixerPlatformXAudio2::SubmitBuffer() called for the first time
[2025.04.21-14.24.21:896][  0]LogInit: FAudioDevice initialized.
[2025.04.21-14.24.21:896][  0]LogAudio: Display: Audio Device (ID: 1) registered with world 'Untitled'.
[2025.04.21-14.24.21:897][  0]LogNetVersion: Set ProjectVersion to 1.0.0.0. Version Checksum will be recalculated on next use.
[2025.04.21-14.24.21:954][  0]LogDerivedDataCache: Saved boot cache 0.06s 94MB C:/Users/rthru/AppData/Local/UnrealEngine/4.27/DerivedDataCache/Boot.ddc.
[2025.04.21-14.24.21:954][  0]LogInit: Texture streaming: Enabled
[2025.04.21-14.24.21:964][  0]LogAnalytics: Display: [UEEditor.Rocket.Release] APIServer = https://datarouter.ol.epicgames.com/. AppVersion = 4.27.2-18319896+++UE4+Release-4.27
[2025.04.21-14.24.21:968][  0]LogEngineSessionManager: EngineSessionManager initialized
[2025.04.21-14.24.21:968][  0]LogEditorSessionSummary: Verbose: Initializing EditorSessionSummaryWriter for editor session tracking
[2025.04.21-14.24.21:969][  0]LogEditorSessionSummary: EditorSessionSummaryWriter initialized
[2025.04.21-14.24.21:991][  0]LogInit: Transaction tracking system initialized
[2025.04.21-14.24.22:004][  0]BlueprintLog: New page: Editor Load
[2025.04.21-14.24.22:040][  0]LocalizationService: Localization service is disabled
[2025.04.21-14.24.22:051][  0]TimingProfiler: Initialize
[2025.04.21-14.24.22:051][  0]TimingProfiler: OnSessionChanged
[2025.04.21-14.24.22:051][  0]LoadingProfiler: Initialize
[2025.04.21-14.24.22:051][  0]LoadingProfiler: OnSessionChanged
[2025.04.21-14.24.22:051][  0]NetworkingProfiler: Initialize
[2025.04.21-14.24.22:051][  0]NetworkingProfiler: OnSessionChanged
[2025.04.21-14.24.22:051][  0]MemoryProfiler: Initialize
[2025.04.21-14.24.22:051][  0]MemoryProfiler: OnSessionChanged
[2025.04.21-14.24.22:053][  0]LogClass: Warning: In asset 'None', there is an enum property of type 'EIOSVersion' with an invalid value of 'IOS_11'
[2025.04.21-14.24.22:053][  0]LogObj: Error: LoadConfig (/Script/IOSRuntimeSettings.Default__IOSRuntimeSettings): import failed for MinimumiOSVersion in: IOS_11
[2025.04.21-14.24.22:134][  0]LogCook: Display: CookSettings for Memory: MemoryMaxUsedVirtual 0MiB, MemoryMaxUsedPhysical 16384MiB, MemoryMinFreeVirtual 0MiB, MemoryMinFreePhysical 1024MiB
[2025.04.21-14.24.22:134][  0]LogCook: Display: Mobile HDR setting 1
[2025.04.21-14.24.22:160][  0]LogFileCache: Scanning file cache for directory 'C:/Users/rthru/Desktop/Source files 4.27/Content/' took 0.00s
[2025.04.21-14.24.22:346][  0]LogInit: Display: Engine is initialized. Leaving FEngineLoop::Init()
[2025.04.21-14.24.22:348][  0]SourceControl: Source control is disabled
[2025.04.21-14.24.22:348][  0]LogUnrealEdMisc: Loading editor; pre map load, took 4.655
[2025.04.21-14.24.22:348][  0]Cmd: MAP LOAD FILE="../../../../../../Users/rthru/Desktop/Source files 4.27/Content/GameMaps/MainMenu.umap" TEMPLATE=0 SHOWPROGRESS=1 FEATURELEVEL=3
[2025.04.21-14.24.22:348][  0]LightingResults: New page: Lighting Build
[2025.04.21-14.24.22:349][  0]LogWorld: UWorld::CleanupWorld for Untitled, bSessionEnded=true, bCleanupResources=true
[2025.04.21-14.24.22:349][  0]LogSlate: InvalidateAllWidgets triggered.  All widgets were invalidated
[2025.04.21-14.24.22:349][  0]MapCheck: New page: Map Check
[2025.04.21-14.24.22:349][  0]LightingResults: New page: Lighting Build
[2025.04.21-14.24.22:354][  0]LogAudio: Display: Audio Device unregistered from world 'None'.
[2025.04.21-14.24.22:357][  0]LogUObjectHash: Compacting FUObjectHashTables data took   0.54ms
[2025.04.21-14.24.24:668][  0]LogTexture: Display: Building textures: Button_0000_BackonClick (BGRA8, 285X128)
[2025.04.21-14.24.24:669][  0]LogTexture: Display: Building textures: Button_0001_BackHover (BGRA8, 285X138)
[2025.04.21-14.24.24:669][  0]LogTexture: Display: Building textures: Button_0006_ControlClick (BGRA8, 585X270)
[2025.04.21-14.24.24:669][  0]LogTexture: Display: Building textures: Button_0002_BackNormal (BGRA8, 285X137)
[2025.04.21-14.24.24:669][  0]LogTexture: Display: Building textures: Button_0005_ExitNormal (BGRA8, 585X286)
[2025.04.21-14.24.24:669][  0]LogTexture: Display: Building textures: Button_0002_StartNormal (BGRA8, 585X286)
[2025.04.21-14.24.24:669][  0]LogTexture: Display: Building textures: Button_0001_StartHover (BGRA8, 585X288)
[2025.04.21-14.24.24:669][  0]LogTexture: Display: Building textures: Button_0004_ExitHover (BGRA8, 585X288)
[2025.04.21-14.24.24:669][  0]LogTexture: Display: Building textures: HQ_Lightmap0_2 (OODLE_AutoDXT, 64X64)
[2025.04.21-14.24.24:669][  0]LogTexture: Display: Building textures: LQ_Lightmap_0_2 (OODLE_DXT1, 64X64)
[2025.04.21-14.24.24:669][  0]LogTexture: Display: Building textures: ShadowMapTexture2D_3 (G8, 32X32)
[2025.04.21-14.24.24:669][  0]LogTexture: Display: Building textures: Button_0003_ExitonClick (BGRA8, 575X270)
[2025.04.21-14.24.24:669][  0]LogTexture: Display: Building textures: ShadowMapTexture2D_2 (G8, 1024X128)
[2025.04.21-14.24.24:669][  0]LogTexture: Display: Building textures: LQ_Lightmap_0_1 (OODLE_DXT1, 512X512)
[2025.04.21-14.24.24:669][  0]LogTexture: Display: Building textures: Button_0000_StartonClick (BGRA8, 577X270)
[2025.04.21-14.24.24:669][  0]LogTexture: Display: Building textures: HQ_Lightmap0_1 (OODLE_AutoDXT, 512X512)
[2025.04.21-14.24.24:669][  0]LogTexture: Display: Building textures: UE4Man_Logo_N (OODLE_BC5, 512X512)
[2025.04.21-14.24.24:669][  0]LogTexture: Display: Building textures: Button_0008_ControlNormal (BGRA8, 578X286)
[2025.04.21-14.24.24:669][  0]LogTexture: Display: Building textures: Button_0007_ControlHover (BGRA8, 585X288)
[2025.04.21-14.24.24:669][  0]LogTexture: Display: Building textures: ModularBuildingKit12_Lights_BaseColor (OODLE_AutoDXT, 2048X2048)
[2025.04.21-14.24.24:669][  0]LogTexture: Display: Building textures: ModularBuildingKit12_Lights_Normal (OODLE_BC5, 2048X2048)
[2025.04.21-14.24.24:669][  0]LogTexture: Display: Building textures: ModularBuildingKit12_Filler2_Normal (OODLE_BC5, 2048X2048)
[2025.04.21-14.24.24:669][  0]LogTexture: Display: Building textures: ModularBuildingKit12_Filler1_BaseColor (OODLE_AutoDXT, 2048X2048)
[2025.04.21-14.24.24:669][  0]LogTexture: Display: Building textures: ModularBuildingKit12_Lights_OcclusionRoughnessMetallic (OODLE_AutoDXT, 2048X2048)
[2025.04.21-14.24.24:669][  0]LogTexture: Display: Building textures: ModularBuildingKit12_Filler1_Normal (OODLE_BC5, 2048X2048)
[2025.04.21-14.24.24:669][  0]LogTexture: Display: Building textures: Wiring-Fixed_Wires_BaseColor (OODLE_AutoDXT, 2048X2048)
[2025.04.21-14.24.24:669][  0]LogTexture: Display: Building textures: ModularBuildingKit12_Filler2_BaseColor (OODLE_AutoDXT, 2048X2048)
[2025.04.21-14.24.24:669][  0]LogTexture: Display: Building textures: Wiring-Fixed_Wires_Normal (OODLE_BC5, 2048X2048)
[2025.04.21-14.24.24:669][  0]LogTexture: Display: Building textures: ModularBuildingKit12_Wall_Normal (OODLE_BC5, 2048X2048)
[2025.04.21-14.24.24:669][  0]LogTexture: Display: Building textures: ModularBuildingKit12_Wall2_Normal (OODLE_BC5, 2048X2048)
[2025.04.21-14.24.24:669][  0]LogTexture: Display: Building textures: ModularBuildingKit12_Filler1_OcclusionRoughnessMetallic (OODLE_AutoDXT, 2048X2048)
[2025.04.21-14.24.24:669][  0]LogTexture: Display: Building textures: Wiring-Fixed_Wires_OcclusionRoughnessMetallic (OODLE_AutoDXT, 2048X2048)
[2025.04.21-14.24.24:669][  0]LogTexture: Display: Building textures: ModularBuildingKit12_Filler2_OcclusionRoughnessMetallic (OODLE_AutoDXT, 2048X2048)
[2025.04.21-14.24.24:669][  0]LogTexture: Display: Building textures: ModularBuildingKit12_Wall2_BaseColor (OODLE_AutoDXT, 2048X2048)
[2025.04.21-14.24.24:669][  0]LogTexture: Display: Building textures: ModularBuildingKit12_Wall2_OcclusionRoughnessMetallic (OODLE_AutoDXT, 2048X2048)
[2025.04.21-14.24.24:669][  0]LogTexture: Display: Building textures: ModularBuildingKit12_Wall_BaseColor (OODLE_AutoDXT, 2048X2048)
[2025.04.21-14.24.24:669][  0]LogTexture: Display: Building textures: ModularBuildingKit12_Wall_OcclusionRoughnessMetallic (OODLE_AutoDXT, 2048X2048)
[2025.04.21-14.24.24:669][  0]LogTexture: Display: Building textures: ModularBuildingKit12_Pipe2_Normal (OODLE_BC5, 2048X2048)
[2025.04.21-14.24.24:669][  0]LogTexture: Display: Building textures: ModularBuildingKit12_Pipe2_OcclusionRoughnessMetallic (OODLE_AutoDXT, 2048X2048)
[2025.04.21-14.24.24:669][  0]LogTextureFormatOodle: Display: non-RDO encode 2048 x 2048 x 1 to format OODLE_AutoDXT (Oodle OodleTex_BC1_WithTransparency) lambda=0 effort=20 
[2025.04.21-14.24.24:669][  0]LogTextureFormatOodle: Display: non-RDO encode 2048 x 2048 x 1 to format OODLE_AutoDXT (Oodle OodleTex_BC1_WithTransparency) lambda=0 effort=20 
[2025.04.21-14.24.24:669][  0]LogTextureFormatOodle: Display: non-RDO encode 2048 x 2048 x 1 to format OODLE_BC5 (Oodle OodleTex_BC5U) lambda=0 effort=20 
[2025.04.21-14.24.24:669][  0]LogTextureFormatOodle: Display: non-RDO encode 2048 x 2048 x 1 to format OODLE_BC5 (Oodle OodleTex_BC5U) lambda=0 effort=20 
[2025.04.21-14.24.24:669][  0]LogTextureFormatOodle: Display: non-RDO encode 2048 x 2048 x 1 to format OODLE_AutoDXT (Oodle OodleTex_BC1_WithTransparency) lambda=0 effort=20 
[2025.04.21-14.24.24:669][  0]LogTextureFormatOodle: Display: non-RDO encode 1024 x 1024 x 1 to format OODLE_AutoDXT (Oodle OodleTex_BC1_WithTransparency) lambda=0 effort=20 
[2025.04.21-14.24.24:669][  0]LogTextureFormatOodle: Display: non-RDO encode 2048 x 2048 x 1 to format OODLE_AutoDXT (Oodle OodleTex_BC1_WithTransparency) lambda=0 effort=20 
[2025.04.21-14.24.24:669][  0]LogTextureFormatOodle: Display: non-RDO encode 2048 x 2048 x 1 to format OODLE_BC5 (Oodle OodleTex_BC5U) lambda=0 effort=20 
[2025.04.21-14.24.24:669][  0]LogTextureFormatOodle: Display: non-RDO encode 2048 x 2048 x 1 to format OODLE_AutoDXT (Oodle OodleTex_BC1_WithTransparency) lambda=0 effort=20 
[2025.04.21-14.24.24:669][  0]LogTextureFormatOodle: Display: non-RDO encode 1024 x 1024 x 1 to format OODLE_BC5 (Oodle OodleTex_BC5U) lambda=0 effort=20 
[2025.04.21-14.24.24:669][  0]LogTextureFormatOodle: Display: non-RDO encode 1024 x 1024 x 1 to format OODLE_BC5 (Oodle OodleTex_BC5U) lambda=0 effort=20 
[2025.04.21-14.24.24:669][  0]LogTextureFormatOodle: Display: non-RDO encode 1024 x 1024 x 1 to format OODLE_AutoDXT (Oodle OodleTex_BC1_WithTransparency) lambda=0 effort=20 
[2025.04.21-14.24.24:669][  0]LogTextureFormatOodle: Display: non-RDO encode 2048 x 2048 x 1 to format OODLE_BC5 (Oodle OodleTex_BC5U) lambda=0 effort=20 
[2025.04.21-14.24.24:669][  0]LogTextureFormatOodle: Display: non-RDO encode 2048 x 2048 x 1 to format OODLE_BC5 (Oodle OodleTex_BC5U) lambda=0 effort=20 
[2025.04.21-14.24.24:669][  0]LogTextureFormatOodle: Display: non-RDO encode 2048 x 2048 x 1 to format OODLE_AutoDXT (Oodle OodleTex_BC1_WithTransparency) lambda=0 effort=20 
[2025.04.21-14.24.24:669][  0]LogTextureFormatOodle: Display: non-RDO encode 2048 x 2048 x 1 to format OODLE_AutoDXT (Oodle OodleTex_BC1_WithTransparency) lambda=0 effort=20 
[2025.04.21-14.24.24:669][  0]LogTextureFormatOodle: Display: non-RDO encode 2048 x 2048 x 1 to format OODLE_BC5 (Oodle OodleTex_BC5U) lambda=0 effort=20 
[2025.04.21-14.24.24:669][  0]LogTextureFormatOodle: Display: non-RDO encode 2048 x 2048 x 1 to format OODLE_AutoDXT (Oodle OodleTex_BC1_WithTransparency) lambda=0 effort=20 
[2025.04.21-14.24.24:669][  0]LogTextureFormatOodle: Display: non-RDO encode 2048 x 2048 x 1 to format OODLE_AutoDXT (Oodle OodleTex_BC1_WithTransparency) lambda=0 effort=20 
[2025.04.21-14.24.24:669][  0]LogTextureFormatOodle: Display: non-RDO encode 2048 x 2048 x 1 to format OODLE_AutoDXT (Oodle OodleTex_BC1_WithTransparency) lambda=0 effort=20 
[2025.04.21-14.24.24:669][  0]LogTextureFormatOodle: Display: non-RDO encode 2048 x 2048 x 1 to format OODLE_AutoDXT (Oodle OodleTex_BC1_WithTransparency) lambda=0 effort=20 
[2025.04.21-14.24.24:669][  0]LogTextureFormatOodle: Display: non-RDO encode 1024 x 1024 x 1 to format OODLE_BC5 (Oodle OodleTex_BC5U) lambda=0 effort=20 
[2025.04.21-14.24.24:669][  0]LogTextureFormatOodle: Display: non-RDO encode 1024 x 1024 x 1 to format OODLE_AutoDXT (Oodle OodleTex_BC1_WithTransparency) lambda=0 effort=20 
[2025.04.21-14.24.24:669][  0]LogTextureFormatOodle: Display: non-RDO encode 1024 x 1024 x 1 to format OODLE_AutoDXT (Oodle OodleTex_BC1_WithTransparency) lambda=0 effort=20 
[2025.04.21-14.24.24:669][  0]LogTextureFormatOodle: Display: non-RDO encode 1024 x 1024 x 1 to format OODLE_BC5 (Oodle OodleTex_BC5U) lambda=0 effort=20 
[2025.04.21-14.24.24:669][  0]LogTextureFormatOodle: Display: non-RDO encode 1024 x 1024 x 1 to format OODLE_AutoDXT (Oodle OodleTex_BC1_WithTransparency) lambda=0 effort=20 
[2025.04.21-14.24.24:669][  0]LogTextureFormatOodle: Display: non-RDO encode 1024 x 1024 x 1 to format OODLE_AutoDXT (Oodle OodleTex_BC1_WithTransparency) lambda=0 effort=20 
[2025.04.21-14.24.24:669][  0]LogTextureFormatOodle: Display: non-RDO encode 1024 x 1024 x 1 to format OODLE_AutoDXT (Oodle OodleTex_BC1_WithTransparency) lambda=0 effort=20 
[2025.04.21-14.24.24:669][  0]LogTextureFormatOodle: Display: non-RDO encode 1024 x 1024 x 1 to format OODLE_AutoDXT (Oodle OodleTex_BC1_WithTransparency) lambda=0 effort=20 
[2025.04.21-14.24.24:669][  0]LogTextureFormatOodle: Display: non-RDO encode 1024 x 1024 x 1 to format OODLE_AutoDXT (Oodle OodleTex_BC1_WithTransparency) lambda=0 effort=20 
[2025.04.21-14.24.24:669][  0]LogTextureFormatOodle: Display: non-RDO encode 1024 x 1024 x 1 to format OODLE_BC5 (Oodle OodleTex_BC5U) lambda=0 effort=20 
[2025.04.21-14.24.24:669][  0]LogTextureFormatOodle: Display: non-RDO encode 1024 x 1024 x 1 to format OODLE_AutoDXT (Oodle OodleTex_BC1_WithTransparency) lambda=0 effort=20 
[2025.04.21-14.24.24:669][  0]LogTextureFormatOodle: Display: non-RDO encode 2048 x 2048 x 1 to format OODLE_BC5 (Oodle OodleTex_BC5U) lambda=0 effort=20 
[2025.04.21-14.24.24:669][  0]LogTextureFormatOodle: Display: non-RDO encode 2048 x 2048 x 1 to format OODLE_AutoDXT (Oodle OodleTex_BC1_WithTransparency) lambda=0 effort=20 
[2025.04.21-14.24.24:669][  0]LogTextureFormatOodle: Display: non-RDO encode 2048 x 2048 x 1 to format OODLE_AutoDXT (Oodle OodleTex_BC1_WithTransparency) lambda=0 effort=20 
[2025.04.21-14.24.24:669][  0]LogTexture: Display: Building textures: ModularBuildingKit12_Pipe_OcclusionRoughnessMetallic (OODLE_AutoDXT, 2048X2048)
[2025.04.21-14.24.24:670][  0]LogTextureFormatOodle: Display: non-RDO encode 1024 x 1024 x 1 to format OODLE_AutoDXT (Oodle OodleTex_BC1_WithTransparency) lambda=0 effort=20 
[2025.04.21-14.24.24:670][  0]LogTextureFormatOodle: Display: non-RDO encode 1024 x 1024 x 1 to format OODLE_AutoDXT (Oodle OodleTex_BC1_WithTransparency) lambda=0 effort=20 
[2025.04.21-14.24.24:670][  0]LogTextureFormatOodle: Display: non-RDO encode 1024 x 1024 x 1 to format OODLE_BC5 (Oodle OodleTex_BC5U) lambda=0 effort=20 
[2025.04.21-14.24.24:670][  0]LogTextureFormatOodle: Display: non-RDO encode 1024 x 1024 x 1 to format OODLE_BC5 (Oodle OodleTex_BC5U) lambda=0 effort=20 
[2025.04.21-14.24.24:670][  0]LogTexture: Display: Building textures: ModularBuildingKit12_Pipe2_BaseColor (OODLE_AutoDXT, 2048X2048)
[2025.04.21-14.24.24:670][  0]LogTextureFormatOodle: Display: non-RDO encode 1024 x 1024 x 1 to format OODLE_AutoDXT (Oodle OodleTex_BC1_WithTransparency) lambda=0 effort=20 
[2025.04.21-14.24.24:670][  0]LogTexture: Display: Building textures: ModularBuildingKit12_Pipe_Normal (OODLE_BC5, 2048X2048)
[2025.04.21-14.24.24:670][  0]LogTextureFormatOodle: Display: non-RDO encode 2048 x 2048 x 1 to format OODLE_AutoDXT (Oodle OodleTex_BC1_WithTransparency) lambda=0 effort=20 
[2025.04.21-14.24.24:670][  0]LogTexture: Display: Building textures: ModularBuildingKit12_Pipe_BaseColor (OODLE_AutoDXT, 2048X2048)
[2025.04.21-14.24.24:670][  0]LogTexture: Display: Building textures: ModularBuildingKit12_Floor_Normal (OODLE_BC5, 2048X2048)
[2025.04.21-14.24.24:670][  0]LogTexture: Display: Building textures: ModularBuildingKit12_Door_BaseColor (OODLE_AutoDXT, 2048X2048)
[2025.04.21-14.24.24:670][  0]LogTexture: Display: Building textures: ModularBuildingKit12_Door_OcclusionRoughnessMetallic (OODLE_AutoDXT, 2048X2048)
[2025.04.21-14.24.24:670][  0]LogTexture: Display: Building textures: ModularBuildingKit12_Floor_BaseColor (OODLE_AutoDXT, 2048X2048)
[2025.04.21-14.24.24:670][  0]LogTexture: Display: Building textures: ModularBuildingKit12_Door_Normal (OODLE_BC5, 2048X2048)
[2025.04.21-14.24.24:670][  0]LogTexture: Display: Building textures: ModularBuildingKit12_Floor_OcclusionRoughnessMetallic (OODLE_AutoDXT, 2048X2048)
[2025.04.21-14.24.24:670][  0]LogTextureFormatOodle: Display: non-RDO encode 1024 x 1024 x 1 to format OODLE_AutoDXT (Oodle OodleTex_BC1_WithTransparency) lambda=0 effort=20 
[2025.04.21-14.24.24:670][  0]LogMaterial: Display: Missing cached shadermap for Filler1 in PCD3D_SM5, Default, SM5 (DDC key hash: 46840170132914024956674928D0769F8DC48E65), compiling. 
[2025.04.21-14.24.24:797][  0]LogTexture: Display: Building textures: ModularBuildingKit12_CornerWall_OcclusionRoughnessMetallic (OODLE_AutoDXT, 2048X2048)
[2025.04.21-14.24.24:798][  0]LogTexture: Display: Building textures: ModularBuildingKit12_CornerWall_BaseColor (OODLE_AutoDXT, 2048X2048)
[2025.04.21-14.24.24:798][  0]LogTexture: Display: Building textures: ModularBuildingKit12_BridgeEnd_OcclusionRoughnessMetallic (OODLE_AutoDXT, 2048X2048)
[2025.04.21-14.24.24:798][  0]LogTextureFormatOodle: Display: non-RDO encode 2048 x 2048 x 1 to format OODLE_AutoDXT (Oodle OodleTex_BC1_WithTransparency) lambda=0 effort=20 
[2025.04.21-14.24.24:798][  0]LogTextureFormatOodle: Display: non-RDO encode 1024 x 1024 x 1 to format OODLE_AutoDXT (Oodle OodleTex_BC1_WithTransparency) lambda=0 effort=20 
[2025.04.21-14.24.24:798][  0]LogTexture: Display: Building textures: ModularBuildingKit12_CornerWall_Normal (OODLE_BC5, 2048X2048)
[2025.04.21-14.24.24:798][  0]LogTexture: Display: Building textures: ModularBuildingKit12_BridgeEnd_Normal (OODLE_BC5, 2048X2048)
[2025.04.21-14.24.24:798][  0]LogTexture: Display: Building textures: ModularBuildingKit12_BridgeEnd_BaseColor (OODLE_AutoDXT, 2048X2048)
[2025.04.21-14.24.24:798][  0]LogShaderCompilers: Display: Submitted 25 shader compile jobs with 'Low' priority
[2025.04.21-14.24.24:803][  0]LogShaderCompilers: Display: Worker (1/21): shaders left to compile 25
[2025.04.21-14.24.24:803][  0]LogShaderCompilers: Display: Worker (2/21): shaders left to compile 23
[2025.04.21-14.24.24:803][  0]LogShaderCompilers: Display: Worker (3/21): shaders left to compile 21
[2025.04.21-14.24.24:804][  0]LogShaderCompilers: Display: Worker (4/21): shaders left to compile 19
[2025.04.21-14.24.24:804][  0]LogShaderCompilers: Display: Worker (5/21): shaders left to compile 17
[2025.04.21-14.24.24:804][  0]LogShaderCompilers: Display: Worker (6/21): shaders left to compile 15
[2025.04.21-14.24.24:804][  0]LogShaderCompilers: Display: Worker (7/21): shaders left to compile 13
[2025.04.21-14.24.24:804][  0]LogShaderCompilers: Display: Worker (8/21): shaders left to compile 11
[2025.04.21-14.24.24:804][  0]LogShaderCompilers: Display: Worker (9/21): shaders left to compile 9
[2025.04.21-14.24.24:804][  0]LogShaderCompilers: Display: Worker (10/21): shaders left to compile 7
[2025.04.21-14.24.24:804][  0]LogShaderCompilers: Display: Worker (11/21): shaders left to compile 5
[2025.04.21-14.24.24:804][  0]LogShaderCompilers: Display: Worker (12/21): shaders left to compile 3
[2025.04.21-14.24.24:804][  0]LogShaderCompilers: Display: Worker (13/21): shaders left to compile 1
[2025.04.21-14.24.24:804][  0]LogShaderCompilers: Display: Started 25 'Local' shader compile jobs with 'Low' priority
[2025.04.21-14.24.24:804][  0]LogStaticMesh: Building static mesh ModularBuildingKit12-FixedAll_Ceiling_Floor...
[2025.04.21-14.24.24:817][  0]LogStaticMesh: Built static mesh [0.01s] /Game/CustomAssets/Meshes/ModularBuildingKit12-FixedAll_Ceiling_Floor.ModularBuildingKit12-FixedAll_Ceiling_Floor
[2025.04.21-14.24.24:871][  0]LogStaticMesh: Building static mesh ModularBuildingKit12-FixedAll_Ceiling-Lights...
[2025.04.21-14.24.24:884][  0]LogStaticMesh: Built static mesh [0.01s] /Game/CustomAssets/Meshes/ModularBuildingKit12-FixedAll_Ceiling-Lights.ModularBuildingKit12-FixedAll_Ceiling-Lights
[2025.04.21-14.24.24:890][  0]LogStaticMesh: Building static mesh ModularBuildingKit12-FixedAll_Bridge-End...
[2025.04.21-14.24.24:923][  0]LogStaticMesh: Built static mesh [0.03s] /Game/CustomAssets/Meshes/ModularBuildingKit12-FixedAll_Bridge-End.ModularBuildingKit12-FixedAll_Bridge-End
[2025.04.21-14.24.24:928][  0]LogStaticMesh: Building static mesh ModularBuildingKit12-FixedAll_Corner...
[2025.04.21-14.24.24:944][  0]LogStaticMesh: Built static mesh [0.02s] /Game/CustomAssets/Meshes/ModularBuildingKit12-FixedAll_Corner.ModularBuildingKit12-FixedAll_Corner
[2025.04.21-14.24.24:948][  0]LogStaticMesh: Building static mesh ModularBuildingKit12-FixedAll_Doorway...
[2025.04.21-14.24.24:967][  0]LogStaticMesh: Built static mesh [0.02s] /Game/CustomAssets/Meshes/ModularBuildingKit12-FixedAll_Doorway.ModularBuildingKit12-FixedAll_Doorway
[2025.04.21-14.24.24:971][  0]LogStaticMesh: Building static mesh ModularBuildingKit12-FixedAll_Floor-Straight...
[2025.04.21-14.24.24:975][  0]LogStaticMesh: Built static mesh [0.00s] /Game/CustomAssets/Meshes/ModularBuildingKit12-FixedAll_Floor-Straight.ModularBuildingKit12-FixedAll_Floor-Straight
[2025.04.21-14.24.24:977][  0]LogStaticMesh: Building static mesh ModularBuildingKit12-FixedAll_Pipe2...
[2025.04.21-14.24.25:024][  0]LogStaticMesh: Built static mesh [0.05s] /Game/CustomAssets/Meshes/ModularBuildingKit12-FixedAll_Pipe2.ModularBuildingKit12-FixedAll_Pipe2
[2025.04.21-14.24.25:030][  0]LogStaticMesh: Building static mesh ModularBuildingKit12-FixedAll_Pipe...
[2025.04.21-14.24.25:069][  0]LogTextureFormatOodle: Display: non-RDO encode 2048 x 2048 x 1 to format OODLE_BC5 (Oodle OodleTex_BC5U) lambda=0 effort=20 
[2025.04.21-14.24.25:069][  0]LogTextureFormatOodle: Display: non-RDO encode 1024 x 1024 x 1 to format OODLE_BC5 (Oodle OodleTex_BC5U) lambda=0 effort=20 
[2025.04.21-14.24.25:069][  0]LogStaticMesh: Built static mesh [0.04s] /Game/CustomAssets/Meshes/ModularBuildingKit12-FixedAll_Pipe.ModularBuildingKit12-FixedAll_Pipe
[2025.04.21-14.24.25:076][  0]LogStaticMesh: Building static mesh ModularBuildingKit12-FixedAll_Wall...
[2025.04.21-14.24.25:116][  0]LogStaticMesh: Built static mesh [0.04s] /Game/CustomAssets/Meshes/ModularBuildingKit12-FixedAll_Wall.ModularBuildingKit12-FixedAll_Wall
[2025.04.21-14.24.25:119][  0]LogStaticMesh: Building static mesh ModularBuildingKit12-FixedAll_Wall2...
[2025.04.21-14.24.25:128][  0]LogStaticMesh: Built static mesh [0.01s] /Game/CustomAssets/Meshes/ModularBuildingKit12-FixedAll_Wall2.ModularBuildingKit12-FixedAll_Wall2
[2025.04.21-14.24.25:131][  0]LogStaticMesh: Building static mesh ModularBuildingKit12-FixedAll_Wiring1...
[2025.04.21-14.24.25:302][  0]LogStaticMesh: Built static mesh [0.17s] /Game/CustomAssets/Meshes/ModularBuildingKit12-FixedAll_Wiring1.ModularBuildingKit12-FixedAll_Wiring1
[2025.04.21-14.24.25:313][  0]LogTextureFormatOodle: Display: non-RDO encode 2048 x 2048 x 1 to format OODLE_BC5 (Oodle OodleTex_BC5U) lambda=0 effort=20 
[2025.04.21-14.24.25:313][  0]LogTextureFormatOodle: Display: non-RDO encode 2048 x 2048 x 1 to format OODLE_AutoDXT (Oodle OodleTex_BC1_WithTransparency) lambda=0 effort=20 
[2025.04.21-14.24.25:313][  0]LogMaterial: Display: Missing cached shadermap for Lights in PCD3D_SM5, Default, SM5 (DDC key hash: 5D13078733966E8267115F74E1C4AE3F9CCAE513), compiling. 
[2025.04.21-14.24.25:383][  0]LogTextureFormatOodle: Display: non-RDO encode 1024 x 1024 x 1 to format OODLE_BC5 (Oodle OodleTex_BC5U) lambda=0 effort=20 
[2025.04.21-14.24.25:384][  0]LogTextureFormatOodle: Display: non-RDO encode 1024 x 1024 x 1 to format OODLE_AutoDXT (Oodle OodleTex_BC1_WithTransparency) lambda=0 effort=20 
[2025.04.21-14.24.25:384][  0]LogTextureFormatOodle: Display: non-RDO encode 2048 x 2048 x 1 to format OODLE_AutoDXT (Oodle OodleTex_BC1_WithTransparency) lambda=0 effort=20 
[2025.04.21-14.24.25:384][  0]LogShaderCompilers: Display: Submitted 16 shader compile jobs with 'Low' priority
[2025.04.21-14.24.25:391][  0]LogShaderCompilers: Display: Worker (14/21): shaders left to compile 16
[2025.04.21-14.24.25:391][  0]LogShaderCompilers: Display: Worker (15/21): shaders left to compile 15
[2025.04.21-14.24.25:391][  0]LogShaderCompilers: Display: Worker (16/21): shaders left to compile 14
[2025.04.21-14.24.25:391][  0]LogShaderCompilers: Display: Worker (17/21): shaders left to compile 13
[2025.04.21-14.24.25:391][  0]LogShaderCompilers: Display: Worker (18/21): shaders left to compile 12
[2025.04.21-14.24.25:391][  0]LogShaderCompilers: Display: Worker (19/21): shaders left to compile 11
[2025.04.21-14.24.25:391][  0]LogShaderCompilers: Display: Worker (20/21): shaders left to compile 10
[2025.04.21-14.24.25:391][  0]LogShaderCompilers: Display: Worker (21/21): shaders left to compile 9
[2025.04.21-14.24.25:391][  0]LogShaderCompilers: Display: Started 8 'Local' shader compile jobs with 'Low' priority
[2025.04.21-14.24.25:391][  0]LogMaterial: Display: Missing cached shadermap for Blue in PCD3D_SM5, Default, SM5 (DDC key hash: 8BBD683B2735ED2BA7F2BCA5FE8E7705154C7A82), compiling. 
[2025.04.21-14.24.25:430][  0]LogTextureFormatOodle: Display: non-RDO encode 1024 x 1024 x 1 to format OODLE_AutoDXT (Oodle OodleTex_BC1_WithTransparency) lambda=0 effort=20 
[2025.04.21-14.24.25:431][  0]LogTextureFormatOodle: Display: non-RDO encode 2048 x 2048 x 1 to format OODLE_BC5 (Oodle OodleTex_BC5U) lambda=0 effort=20 
[2025.04.21-14.24.25:431][  0]LogTextureFormatOodle: Display: non-RDO encode 2048 x 2048 x 1 to format OODLE_AutoDXT (Oodle OodleTex_BC1_WithTransparency) lambda=0 effort=20 
[2025.04.21-14.24.25:431][  0]LogTextureFormatOodle: Display: non-RDO encode 2048 x 2048 x 1 to format OODLE_AutoDXT (Oodle OodleTex_BC1_WithTransparency) lambda=0 effort=20 
[2025.04.21-14.24.25:431][  0]LogShaderCompilers: Display: Submitted 16 shader compile jobs with 'Low' priority
[2025.04.21-14.24.25:437][  0]LogMaterial: Display: Missing cached shadermap for Filler2 in PCD3D_SM5, Default, SM5 (DDC key hash: 5739CEAAD57E2AF24BDA1A4438598A1A24591C96), compiling. 
[2025.04.21-14.24.25:547][  0]LogShaderCompilers: Display: Submitted 16 shader compile jobs with 'Low' priority
[2025.04.21-14.24.25:553][  0]LogAudioDerivedData: Display: Building compressed audio format OGG hash OGG10000-1-1-1-1-1 wave MainMenuMusic...
[2025.04.21-14.24.25:636][  0]LogTextureFormatOodle: Display: non-RDO encode 1024 x 1024 x 1 to format OODLE_AutoDXT (Oodle OodleTex_BC1_WithTransparency) lambda=0 effort=20 
[2025.04.21-14.24.25:636][  0]LogTextureFormatOodle: Display: non-RDO encode 1024 x 1024 x 1 to format OODLE_BC5 (Oodle OodleTex_BC5U) lambda=0 effort=20 
[2025.04.21-14.24.25:636][  0]LogTextureFormatOodle: Display: non-RDO encode 1024 x 1024 x 1 to format OODLE_AutoDXT (Oodle OodleTex_BC1_WithTransparency) lambda=0 effort=20 
[2025.04.21-14.24.25:636][  0]LogAudioDerivedData: Display: Compression Quality for SoundWave /Game/Music/MainMenuMusic.MainMenuMusic will be modified from 40 to 40.
[2025.04.21-14.24.28:323][  0]LogTextureFormatOodle: Display: non-RDO encode 2048 x 2048 x 1 to format OODLE_AutoDXT (Oodle OodleTex_BC1_WithTransparency) lambda=0 effort=20 
[2025.04.21-14.24.28:323][  0]LogTextureFormatOodle: Display: non-RDO encode 2048 x 2048 x 1 to format OODLE_BC5 (Oodle OodleTex_BC5U) lambda=0 effort=20 
[2025.04.21-14.24.28:323][  0]LogTextureFormatOodle: Display: non-RDO encode 1024 x 1024 x 1 to format OODLE_AutoDXT (Oodle OodleTex_BC1_WithTransparency) lambda=0 effort=20 
[2025.04.21-14.24.28:323][  0]LogTextureFormatOodle: Display: non-RDO encode 2048 x 2048 x 1 to format OODLE_AutoDXT (Oodle OodleTex_BC1_WithTransparency) lambda=0 effort=20 
[2025.04.21-14.24.28:323][  0]LogTextureFormatOodle: Display: non-RDO encode 2048 x 2048 x 1 to format OODLE_BC5 (Oodle OodleTex_BC5U) lambda=0 effort=20 
[2025.04.21-14.24.28:323][  0]LogTextureFormatOodle: Display: non-RDO encode 2048 x 2048 x 1 to format OODLE_AutoDXT (Oodle OodleTex_BC1_WithTransparency) lambda=0 effort=20 
[2025.04.21-14.24.28:323][  0]LogTextureFormatOodle: Display: non-RDO encode 1024 x 1024 x 1 to format OODLE_AutoDXT (Oodle OodleTex_BC1_WithTransparency) lambda=0 effort=20 
[2025.04.21-14.24.28:323][  0]LogTextureFormatOodle: Display: non-RDO encode 1024 x 1024 x 1 to format OODLE_BC5 (Oodle OodleTex_BC5U) lambda=0 effort=20 
[2025.04.21-14.24.28:323][  0]LogTextureFormatOodle: Display: non-RDO encode 2048 x 2048 x 1 to format OODLE_AutoDXT (Oodle OodleTex_BC1_WithTransparency) lambda=0 effort=20 
[2025.04.21-14.24.28:323][  0]LogTextureFormatOodle: Display: non-RDO encode 2048 x 2048 x 1 to format OODLE_AutoDXT (Oodle OodleTex_BC1_WithTransparency) lambda=0 effort=20 
[2025.04.21-14.24.28:323][  0]LogTextureFormatOodle: Display: non-RDO encode 1024 x 1024 x 1 to format OODLE_AutoDXT (Oodle OodleTex_BC1_WithTransparency) lambda=0 effort=20 
[2025.04.21-14.24.28:323][  0]LogTextureFormatOodle: Display: non-RDO encode 1024 x 1024 x 1 to format OODLE_AutoDXT (Oodle OodleTex_BC1_WithTransparency) lambda=0 effort=20 
[2025.04.21-14.24.28:323][  0]LogTextureFormatOodle: Display: non-RDO encode 1024 x 1024 x 1 to format OODLE_AutoDXT (Oodle OodleTex_BC1_WithTransparency) lambda=0 effort=20 
[2025.04.21-14.24.28:323][  0]LogTextureFormatOodle: Display: non-RDO encode 1024 x 1024 x 1 to format OODLE_BC5 (Oodle OodleTex_BC5U) lambda=0 effort=20 
[2025.04.21-14.24.28:323][  0]LogShaderCompilers: Display: Worker (16/21): shaders left to compile 40
[2025.04.21-14.24.28:323][  0]LogShaderCompilers: Display: Started 2 'Local' shader compile jobs with 'Low' priority
[2025.04.21-14.24.28:323][  0]LogShaderCompilers: Display: Worker (21/21): shaders left to compile 38
[2025.04.21-14.24.28:323][  0]LogShaderCompilers: Display: Started 2 'Local' shader compile jobs with 'Low' priority
[2025.04.21-14.24.28:323][  0]LogShaderCompilers: Display: Worker (15/21): shaders left to compile 36
[2025.04.21-14.24.28:323][  0]LogShaderCompilers: Display: Started 2 'Local' shader compile jobs with 'Low' priority
[2025.04.21-14.24.28:323][  0]LogShaderCompilers: Display: Worker (14/21): shaders left to compile 34
[2025.04.21-14.24.28:323][  0]LogShaderCompilers: Display: Started 2 'Local' shader compile jobs with 'Low' priority
[2025.04.21-14.24.28:323][  0]LogShaderCompilers: Display: Worker (17/21): shaders left to compile 32
[2025.04.21-14.24.28:323][  0]LogShaderCompilers: Display: Started 2 'Local' shader compile jobs with 'Low' priority
[2025.04.21-14.24.28:323][  0]LogAudioDerivedData: Display: Updated SoundWave->RawPCMDataSize from 0 to 47406604 while cooking SoundWave /Game/Music/MainMenuMusic.MainMenuMusic.
[2025.04.21-14.24.28:343][  0]LogMaterial: Display: Missing cached shadermap for M_UE4Man_Body in PCD3D_SM5, Default, SM5 (DDC key hash: 94E3AA42BC6E28D070523E61CCD230402B2283BF), compiling. 
[2025.04.21-14.24.28:411][  0]LogShaderCompilers: Display: Submitted 88 shader compile jobs with 'Low' priority
[2025.04.21-14.24.28:414][  0]LogMaterial: Display: Missing cached shadermap for M_UE4Man_ChestLogo in PCD3D_SM5, Default, SM5 (DDC key hash: BA21576A0227A33B78F1F2188DA320B33DB3F689), compiling. 
[2025.04.21-14.24.28:447][  0]LogShaderCompilers: Display: Submitted 88 shader compile jobs with 'Low' priority
[2025.04.21-14.24.28:454][  0]LogShaderCompilers: Display: Worker (18/21): shaders left to compile 206
[2025.04.21-14.24.28:454][  0]LogShaderCompilers: Display: Started 10 'Local' shader compile jobs with 'Low' priority
[2025.04.21-14.24.28:454][  0]LogSkeletalMesh: Building Skeletal Mesh SK_Mannequin...
[2025.04.21-14.24.28:567][  0]LogSkeletalMesh: Built Skeletal Mesh [0.11s] /Game/Mannequin/Character/Mesh/SK_Mannequin.SK_Mannequin
[2025.04.21-14.24.28:573][  0]LogMaterial: Display: Missing cached shadermap for Wires in PCD3D_SM5, Default, SM5 (DDC key hash: 6D97CF504555E32B4334CC49DB4C022343DCBF21), compiling. 
[2025.04.21-14.24.28:590][  0]LogShaderCompilers: Display: Submitted 25 shader compile jobs with 'Low' priority
[2025.04.21-14.24.28:593][  0]LogMaterial: Display: Missing cached shadermap for Wall in PCD3D_SM5, Default, SM5 (DDC key hash: F8548337F912A79DB436E8A96E88D7811BA72134), compiling. 
[2025.04.21-14.24.28:605][  0]LogShaderCompilers: Display: Submitted 25 shader compile jobs with 'Low' priority
[2025.04.21-14.24.28:608][  0]LogMaterial: Display: Missing cached shadermap for Wall2 in PCD3D_SM5, Default, SM5 (DDC key hash: 3FC353DFB5704EFBBD2372579F705781AF65FA6B), compiling. 
[2025.04.21-14.24.28:621][  0]LogShaderCompilers: Display: Worker (13/21): shaders left to compile 246
[2025.04.21-14.24.28:621][  0]LogShaderCompilers: Display: Started 10 'Local' shader compile jobs with 'Low' priority
[2025.04.21-14.24.28:621][  0]LogShaderCompilers: Display: Submitted 25 shader compile jobs with 'Low' priority
[2025.04.21-14.24.28:623][  0]LogMaterial: Display: Missing cached shadermap for Pipe2 in PCD3D_SM5, Default, SM5 (DDC key hash: 91DE929BA59E5EA6EC599EE85BE76848190B3D22), compiling. 
[2025.04.21-14.24.28:634][  0]LogShaderCompilers: Display: Submitted 25 shader compile jobs with 'Low' priority
[2025.04.21-14.24.28:637][  0]LogMaterial: Display: Missing cached shadermap for Pipe in PCD3D_SM5, Default, SM5 (DDC key hash: AB5A73F40D0E63FFD21B902102E796B4B159F96D), compiling. 
[2025.04.21-14.24.28:649][  0]LogShaderCompilers: Display: Submitted 25 shader compile jobs with 'Low' priority
[2025.04.21-14.24.28:652][  0]LogMaterial: Display: Missing cached shadermap for Floor in PCD3D_SM5, Default, SM5 (DDC key hash: 6FE671D6AC69C3DEB63C62351021D9CB43AD664C), compiling. 
[2025.04.21-14.24.28:668][  0]LogShaderCompilers: Display: Submitted 25 shader compile jobs with 'Low' priority
[2025.04.21-14.24.28:671][  0]LogMaterial: Display: Missing cached shadermap for Door in PCD3D_SM5, Default, SM5 (DDC key hash: 87E33AAFAEDF940659B0858DEB82C228539CAAAC), compiling. 
[2025.04.21-14.24.28:685][  0]LogShaderCompilers: Display: Submitted 25 shader compile jobs with 'Low' priority
[2025.04.21-14.24.28:688][  0]LogMaterial: Display: Missing cached shadermap for CornerWall in PCD3D_SM5, Default, SM5 (DDC key hash: 6D69B71D6033F9325444BE5B174C55D50A741CA0), compiling. 
[2025.04.21-14.24.28:701][  0]LogShaderCompilers: Display: Worker (20/21): shaders left to compile 361
[2025.04.21-14.24.28:701][  0]LogShaderCompilers: Display: Started 10 'Local' shader compile jobs with 'Low' priority
[2025.04.21-14.24.28:701][  0]LogShaderCompilers: Display: Worker (19/21): shaders left to compile 351
[2025.04.21-14.24.28:701][  0]LogShaderCompilers: Display: Started 10 'Local' shader compile jobs with 'Low' priority
[2025.04.21-14.24.28:701][  0]LogShaderCompilers: Display: Submitted 25 shader compile jobs with 'Low' priority
[2025.04.21-14.24.28:703][  0]LogMaterial: Display: Missing cached shadermap for BridgeEnd in PCD3D_SM5, Default, SM5 (DDC key hash: 0C71780A5C321838643AE0F9FCD457286ED0EB84), compiling. 
[2025.04.21-14.24.28:717][  0]LogShaderCompilers: Display: Submitted 25 shader compile jobs with 'Low' priority
[2025.04.21-14.24.28:720][  0]LogMaterial: Display: Missing cached shadermap for Red in PCD3D_SM5, Default, SM5 (DDC key hash: E88417A33FD0D3B2476D9E4BD225E434F1963CB2), compiling. 
[2025.04.21-14.24.28:773][  0]LogShaderCompilers: Display: Submitted 44 shader compile jobs with 'Low' priority
[2025.04.21-14.24.28:775][  0]LogMaterial: Display: Missing cached shadermap for Green in PCD3D_SM5, Default, SM5 (DDC key hash: BBAA369B9B2C5E397A25D3459ADD348DBF3C8BE5), compiling. 
[2025.04.21-14.24.28:796][  0]LogShaderCompilers: Display: Submitted 44 shader compile jobs with 'Low' priority
[2025.04.21-14.24.28:809][  0]LogAudio: Display: Audio Device (ID: 1) registered with world 'MainMenu'.
[2025.04.21-14.24.28:811][  0]LogAIModule: Creating AISystem for world MainMenu
[2025.04.21-14.24.28:864][  0]LogEditorServer: Finished looking for orphan Actors (0.000 secs)
[2025.04.21-14.24.28:880][  0]LogUObjectHash: Compacting FUObjectHashTables data took   2.08ms
[2025.04.21-14.24.28:968][  0]Cmd: MAP CHECKDEP NOCLEARLOG
[2025.04.21-14.24.28:969][  0]MapCheck: Map check complete: 0 Error(s), 0 Warning(s), took 0.595ms to complete.
[2025.04.21-14.24.28:969][  0]LogFileHelpers: Loading map 'MainMenu' took 6.621
[2025.04.21-14.24.28:974][  0]LogUnrealEdMisc: Total Editor Startup Time, took 11.281
[2025.04.21-14.24.32:543][  0]LogShaderCompilers: Display: Worker (21/21): shaders left to compile 22
[2025.04.21-14.24.32:544][  0]LogShaderCompilers: Display: Started 2 'Local' shader compile jobs with 'ForceLocal' priority
[2025.04.21-14.24.32:544][  0]LogShaderCompilers: Display: Worker (3/21): shaders left to compile 20
[2025.04.21-14.24.32:544][  0]LogShaderCompilers: Display: Started 1 'Local' shader compile jobs with 'ForceLocal' priority
[2025.04.21-14.24.32:544][  0]LogShaderCompilers: Display: Worker (1/21): shaders left to compile 19
[2025.04.21-14.24.32:544][  0]LogShaderCompilers: Display: Started 1 'Local' shader compile jobs with 'ForceLocal' priority
[2025.04.21-14.24.32:544][  0]LogShaderCompilers: Display: Worker (7/21): shaders left to compile 18
[2025.04.21-14.24.32:544][  0]LogShaderCompilers: Display: Started 1 'Local' shader compile jobs with 'ForceLocal' priority
[2025.04.21-14.24.32:544][  0]LogShaderCompilers: Display: Worker (12/21): shaders left to compile 17
[2025.04.21-14.24.32:544][  0]LogShaderCompilers: Display: Started 1 'Local' shader compile jobs with 'ForceLocal' priority
[2025.04.21-14.24.32:544][  0]LogShaderCompilers: Display: Worker (4/21): shaders left to compile 16
[2025.04.21-14.24.32:544][  0]LogShaderCompilers: Display: Started 1 'Local' shader compile jobs with 'ForceLocal' priority
[2025.04.21-14.24.32:544][  0]LogShaderCompilers: Display: Worker (16/21): shaders left to compile 15
[2025.04.21-14.24.32:544][  0]LogShaderCompilers: Display: Started 1 'Local' shader compile jobs with 'ForceLocal' priority
[2025.04.21-14.24.32:544][  0]LogShaderCompilers: Display: Worker (5/21): shaders left to compile 14
[2025.04.21-14.24.32:544][  0]LogShaderCompilers: Display: Started 1 'Local' shader compile jobs with 'ForceLocal' priority
[2025.04.21-14.24.32:544][  0]LogShaderCompilers: Display: Worker (10/21): shaders left to compile 13
[2025.04.21-14.24.32:544][  0]LogShaderCompilers: Display: Started 1 'Local' shader compile jobs with 'ForceLocal' priority
[2025.04.21-14.24.32:544][  0]LogShaderCompilers: Display: Worker (8/21): shaders left to compile 12
[2025.04.21-14.24.32:544][  0]LogShaderCompilers: Display: Started 1 'Local' shader compile jobs with 'ForceLocal' priority
[2025.04.21-14.24.32:544][  0]LogShaderCompilers: Display: Worker (2/21): shaders left to compile 11
[2025.04.21-14.24.32:544][  0]LogShaderCompilers: Display: Started 1 'Local' shader compile jobs with 'ForceLocal' priority
[2025.04.21-14.24.32:544][  0]LogShaderCompilers: Display: Worker (9/21): shaders left to compile 10
[2025.04.21-14.24.32:544][  0]LogShaderCompilers: Display: Started 1 'Local' shader compile jobs with 'ForceLocal' priority
[2025.04.21-14.24.32:544][  0]LogShaderCompilers: Display: Worker (11/21): shaders left to compile 9
[2025.04.21-14.24.32:544][  0]LogShaderCompilers: Display: Worker (14/21): shaders left to compile 8
[2025.04.21-14.24.32:544][  0]LogShaderCompilers: Display: Started 2 'Local' shader compile jobs with 'ForceLocal' priority
[2025.04.21-14.24.32:544][  0]LogShaderCompilers: Display: Worker (6/21): shaders left to compile 7
[2025.04.21-14.24.32:544][  0]LogShaderCompilers: Display: Started 1 'Local' shader compile jobs with 'ForceLocal' priority
[2025.04.21-14.24.32:544][  0]LogShaderCompilers: Display: Worker (1/21): shaders left to compile 6
[2025.04.21-14.24.32:544][  0]LogShaderCompilers: Display: Started 1 'Local' shader compile jobs with 'ForceLocal' priority
[2025.04.21-14.24.32:544][  0]LogShaderCompilers: Display: Worker (3/21): shaders left to compile 5
[2025.04.21-14.24.32:544][  0]LogShaderCompilers: Display: Started 1 'Local' shader compile jobs with 'ForceLocal' priority
[2025.04.21-14.24.32:544][  0]LogShaderCompilers: Display: Worker (12/21): shaders left to compile 4
[2025.04.21-14.24.32:544][  0]LogShaderCompilers: Display: Started 1 'Local' shader compile jobs with 'ForceLocal' priority
[2025.04.21-14.24.32:544][  0]LogShaderCompilers: Display: Worker (7/21): shaders left to compile 3
[2025.04.21-14.24.32:544][  0]LogShaderCompilers: Display: Started 1 'Local' shader compile jobs with 'ForceLocal' priority
[2025.04.21-14.24.32:544][  0]LogShaderCompilers: Display: Worker (16/21): shaders left to compile 2
[2025.04.21-14.24.32:544][  0]LogShaderCompilers: Display: Worker (17/21): shaders left to compile 1
[2025.04.21-14.24.32:544][  0]LogShaderCompilers: Display: Started 2 'Local' shader compile jobs with 'ForceLocal' priority
[2025.04.21-14.24.32:544][  0]LogShaderCompilers: Display: Worker (15/21): shaders left to compile 291
[2025.04.21-14.24.32:544][  0]LogShaderCompilers: Display: Started 10 'Local' shader compile jobs with 'Normal' priority
[2025.04.21-14.24.32:544][  0]LogShaderCompilers: Display: Worker (8/21): shaders left to compile 281
[2025.04.21-14.24.32:544][  0]LogShaderCompilers: Display: Worker (9/21): shaders left to compile 271
[2025.04.21-14.24.32:544][  0]LogShaderCompilers: Display: Started 20 'Local' shader compile jobs with 'Normal' priority
[2025.04.21-14.24.32:544][  0]LogShaderCompilers: Display: Worker (4/21): shaders left to compile 261
[2025.04.21-14.24.32:544][  0]LogShaderCompilers: Display: Started 10 'Local' shader compile jobs with 'Normal' priority
[2025.04.21-14.24.32:544][  0]LogShaderCompilers: Display: Worker (10/21): shaders left to compile 251
[2025.04.21-14.24.32:544][  0]LogShaderCompilers: Display: Started 10 'Local' shader compile jobs with 'Normal' priority
[2025.04.21-14.24.32:544][  0]LogShaderCompilers: Display: Worker (2/21): shaders left to compile 241
[2025.04.21-14.24.32:544][  0]LogShaderCompilers: Display: Started 10 'Local' shader compile jobs with 'Normal' priority
[2025.04.21-14.24.32:544][  0]LogSlate: Updating window title bar state: overlay mode, drag disabled, window buttons hidden, title bar hidden
[2025.04.21-14.24.32:557][  0]LogSlate: Updating window title bar state: overlay mode, drag disabled, window buttons hidden, title bar hidden
[2025.04.21-14.24.32:569][  0]LogSlate: Updating window title bar state: overlay mode, drag disabled, window buttons hidden, title bar hidden
[2025.04.21-14.24.32:579][  0]LogSlate: Updating window title bar state: overlay mode, drag disabled, window buttons hidden, title bar hidden
[2025.04.21-14.24.32:646][  0]LogNativeClassHierarchy: Verbose: Native class hierarchy populated in 0.0138 seconds. Added 3822 classes and 928 folders.
[2025.04.21-14.24.32:658][  0]LogNativeClassHierarchy: Verbose: Native class hierarchy updated for 'WidgetCarousel' in 0.0006 seconds. Added 0 classes and 0 folders.
[2025.04.21-14.24.32:719][  0]LogShaderCompilers: Display: Worker (5/21): shaders left to compile 231
[2025.04.21-14.24.32:720][  0]LogShaderCompilers: Display: Worker (14/21): shaders left to compile 221
[2025.04.21-14.24.32:720][  0]LogShaderCompilers: Display: Started 20 'Local' shader compile jobs with 'Normal' priority
[2025.04.21-14.24.32:720][  0]LogPakFile: PakFile PrimaryIndexSize=187
[2025.04.21-14.24.32:720][  0]LogPakFile: PakFile PathHashIndexSize=101
[2025.04.21-14.24.32:720][  0]LogPakFile: PakFile FullDirectoryIndexSize=148
[2025.04.21-14.24.32:720][  0]LogShaderLibrary: Display: ShaderCodeLibraryPakFileMountedCallback: PakFile 'C:/Program Files/Epic Games/UE_4.27/FeaturePacks/FP_FirstPerson.upack' (chunk index -1, root 'root:/') mounted
[2025.04.21-14.24.32:720][  0]LogShaderLibrary: Display: ShaderCodeLibraryPakFileMountedCallback: pending pak file info (ChunkID:-1 Root:root:/ File:C:/Program Files/Epic Games/UE_4.27/FeaturePacks/FP_FirstPerson.upack)
[2025.04.21-14.24.32:721][  0]LogPakFile: OnPakFileMounted2Time == 0.000987
[2025.04.21-14.24.32:751][  0]LogPakFile: PakFile PrimaryIndexSize=189
[2025.04.21-14.24.32:751][  0]LogPakFile: PakFile PathHashIndexSize=101
[2025.04.21-14.24.32:751][  0]LogPakFile: PakFile FullDirectoryIndexSize=152
[2025.04.21-14.24.32:751][  0]LogShaderLibrary: Display: ShaderCodeLibraryPakFileMountedCallback: PakFile 'C:/Program Files/Epic Games/UE_4.27/FeaturePacks/FP_FirstPersonBP.upack' (chunk index -1, root 'root:/') mounted
[2025.04.21-14.24.32:751][  0]LogShaderLibrary: Display: ShaderCodeLibraryPakFileMountedCallback: pending pak file info (ChunkID:-1 Root:root:/ File:C:/Program Files/Epic Games/UE_4.27/FeaturePacks/FP_FirstPersonBP.upack)
[2025.04.21-14.24.32:751][  0]LogPakFile: OnPakFileMounted2Time == 0.000092
[2025.04.21-14.24.32:773][  0]LogPakFile: PakFile PrimaryIndexSize=191
[2025.04.21-14.24.32:773][  0]LogPakFile: PakFile PathHashIndexSize=101
[2025.04.21-14.24.32:773][  0]LogPakFile: PakFile FullDirectoryIndexSize=160
[2025.04.21-14.24.32:773][  0]LogShaderLibrary: Display: ShaderCodeLibraryPakFileMountedCallback: PakFile 'C:/Program Files/Epic Games/UE_4.27/FeaturePacks/MobileStarterContent.upack' (chunk index -1, root 'root:/') mounted
[2025.04.21-14.24.32:773][  0]LogShaderLibrary: Display: ShaderCodeLibraryPakFileMountedCallback: pending pak file info (ChunkID:-1 Root:root:/ File:C:/Program Files/Epic Games/UE_4.27/FeaturePacks/MobileStarterContent.upack)
[2025.04.21-14.24.32:773][  0]LogPakFile: OnPakFileMounted2Time == 0.000071
[2025.04.21-14.24.32:792][  0]LogPakFile: PakFile PrimaryIndexSize=185
[2025.04.21-14.24.32:792][  0]LogPakFile: PakFile PathHashIndexSize=101
[2025.04.21-14.24.32:792][  0]LogPakFile: PakFile FullDirectoryIndexSize=148
[2025.04.21-14.24.32:792][  0]LogShaderLibrary: Display: ShaderCodeLibraryPakFileMountedCallback: PakFile 'C:/Program Files/Epic Games/UE_4.27/FeaturePacks/StarterContent.upack' (chunk index -1, root 'root:/') mounted
[2025.04.21-14.24.32:792][  0]LogShaderLibrary: Display: ShaderCodeLibraryPakFileMountedCallback: pending pak file info (ChunkID:-1 Root:root:/ File:C:/Program Files/Epic Games/UE_4.27/FeaturePacks/StarterContent.upack)
[2025.04.21-14.24.32:792][  0]LogPakFile: OnPakFileMounted2Time == 0.000077
[2025.04.21-14.24.32:814][  0]LogPakFile: PakFile PrimaryIndexSize=190
[2025.04.21-14.24.32:814][  0]LogPakFile: PakFile PathHashIndexSize=101
[2025.04.21-14.24.32:814][  0]LogPakFile: PakFile FullDirectoryIndexSize=154
[2025.04.21-14.24.32:814][  0]LogShaderLibrary: Display: ShaderCodeLibraryPakFileMountedCallback: PakFile 'C:/Program Files/Epic Games/UE_4.27/FeaturePacks/TP_2DSideScroller.upack' (chunk index -1, root 'root:/') mounted
[2025.04.21-14.24.32:814][  0]LogShaderLibrary: Display: ShaderCodeLibraryPakFileMountedCallback: pending pak file info (ChunkID:-1 Root:root:/ File:C:/Program Files/Epic Games/UE_4.27/FeaturePacks/TP_2DSideScroller.upack)
[2025.04.21-14.24.32:814][  0]LogPakFile: OnPakFileMounted2Time == 0.000115
[2025.04.21-14.24.32:837][  0]LogPakFile: PakFile PrimaryIndexSize=192
[2025.04.21-14.24.32:837][  0]LogPakFile: PakFile PathHashIndexSize=101
[2025.04.21-14.24.32:837][  0]LogPakFile: PakFile FullDirectoryIndexSize=158
[2025.04.21-14.24.32:837][  0]LogShaderLibrary: Display: ShaderCodeLibraryPakFileMountedCallback: PakFile 'C:/Program Files/Epic Games/UE_4.27/FeaturePacks/TP_2DSideScrollerBP.upack' (chunk index -1, root 'root:/') mounted
[2025.04.21-14.24.32:837][  0]LogShaderLibrary: Display: ShaderCodeLibraryPakFileMountedCallback: pending pak file info (ChunkID:-1 Root:root:/ File:C:/Program Files/Epic Games/UE_4.27/FeaturePacks/TP_2DSideScrollerBP.upack)
[2025.04.21-14.24.32:837][  0]LogPakFile: OnPakFileMounted2Time == 0.000067
[2025.04.21-14.24.32:856][  0]LogPakFile: PakFile PrimaryIndexSize=182
[2025.04.21-14.24.32:856][  0]LogPakFile: PakFile PathHashIndexSize=101
[2025.04.21-14.24.32:856][  0]LogPakFile: PakFile FullDirectoryIndexSize=138
[2025.04.21-14.24.32:856][  0]LogShaderLibrary: Display: ShaderCodeLibraryPakFileMountedCallback: PakFile 'C:/Program Files/Epic Games/UE_4.27/FeaturePacks/TP_Flying.upack' (chunk index -1, root 'root:/') mounted
[2025.04.21-14.24.32:857][  0]LogShaderLibrary: Display: ShaderCodeLibraryPakFileMountedCallback: pending pak file info (ChunkID:-1 Root:root:/ File:C:/Program Files/Epic Games/UE_4.27/FeaturePacks/TP_Flying.upack)
[2025.04.21-14.24.32:857][  0]LogPakFile: OnPakFileMounted2Time == 0.000096
[2025.04.21-14.24.32:881][  0]LogShaderCompilers: Display: Worker (1/21): shaders left to compile 211
[2025.04.21-14.24.32:882][  0]LogShaderCompilers: Display: Started 10 'Local' shader compile jobs with 'Normal' priority
[2025.04.21-14.24.32:882][  0]LogPakFile: PakFile PrimaryIndexSize=184
[2025.04.21-14.24.32:882][  0]LogPakFile: PakFile PathHashIndexSize=101
[2025.04.21-14.24.32:882][  0]LogPakFile: PakFile FullDirectoryIndexSize=142
[2025.04.21-14.24.32:882][  0]LogShaderLibrary: Display: ShaderCodeLibraryPakFileMountedCallback: PakFile 'C:/Program Files/Epic Games/UE_4.27/FeaturePacks/TP_FlyingBP.upack' (chunk index -1, root 'root:/') mounted
[2025.04.21-14.24.32:882][  0]LogShaderLibrary: Display: ShaderCodeLibraryPakFileMountedCallback: pending pak file info (ChunkID:-1 Root:root:/ File:C:/Program Files/Epic Games/UE_4.27/FeaturePacks/TP_FlyingBP.upack)
[2025.04.21-14.24.32:882][  0]LogPakFile: OnPakFileMounted2Time == 0.000116
[2025.04.21-14.24.32:914][  0]LogPakFile: PakFile PrimaryIndexSize=188
[2025.04.21-14.24.32:914][  0]LogPakFile: PakFile PathHashIndexSize=101
[2025.04.21-14.24.32:914][  0]LogPakFile: PakFile FullDirectoryIndexSize=150
[2025.04.21-14.24.32:914][  0]LogShaderLibrary: Display: ShaderCodeLibraryPakFileMountedCallback: PakFile 'C:/Program Files/Epic Games/UE_4.27/FeaturePacks/TP_HandheldARBP.upack' (chunk index -1, root 'root:/') mounted
[2025.04.21-14.24.32:914][  0]LogShaderLibrary: Display: ShaderCodeLibraryPakFileMountedCallback: pending pak file info (ChunkID:-1 Root:root:/ File:C:/Program Files/Epic Games/UE_4.27/FeaturePacks/TP_HandheldARBP.upack)
[2025.04.21-14.24.32:914][  0]LogPakFile: OnPakFileMounted2Time == 0.000076
[2025.04.21-14.24.32:946][  0]LogPakFile: PakFile PrimaryIndexSize=182
[2025.04.21-14.24.32:946][  0]LogPakFile: PakFile PathHashIndexSize=101
[2025.04.21-14.24.32:946][  0]LogPakFile: PakFile FullDirectoryIndexSize=138
[2025.04.21-14.24.32:946][  0]LogShaderLibrary: Display: ShaderCodeLibraryPakFileMountedCallback: PakFile 'C:/Program Files/Epic Games/UE_4.27/FeaturePacks/TP_Puzzle.upack' (chunk index -1, root 'root:/') mounted
[2025.04.21-14.24.32:946][  0]LogShaderLibrary: Display: ShaderCodeLibraryPakFileMountedCallback: pending pak file info (ChunkID:-1 Root:root:/ File:C:/Program Files/Epic Games/UE_4.27/FeaturePacks/TP_Puzzle.upack)
[2025.04.21-14.24.32:946][  0]LogPakFile: OnPakFileMounted2Time == 0.000152
[2025.04.21-14.24.32:972][  0]LogPakFile: PakFile PrimaryIndexSize=184
[2025.04.21-14.24.32:972][  0]LogPakFile: PakFile PathHashIndexSize=101
[2025.04.21-14.24.32:972][  0]LogPakFile: PakFile FullDirectoryIndexSize=142
[2025.04.21-14.24.32:972][  0]LogShaderLibrary: Display: ShaderCodeLibraryPakFileMountedCallback: PakFile 'C:/Program Files/Epic Games/UE_4.27/FeaturePacks/TP_PuzzleBP.upack' (chunk index -1, root 'root:/') mounted
[2025.04.21-14.24.32:972][  0]LogShaderLibrary: Display: ShaderCodeLibraryPakFileMountedCallback: pending pak file info (ChunkID:-1 Root:root:/ File:C:/Program Files/Epic Games/UE_4.27/FeaturePacks/TP_PuzzleBP.upack)
[2025.04.21-14.24.32:973][  0]LogPakFile: OnPakFileMounted2Time == 0.000136
[2025.04.21-14.24.32:998][  0]LogPakFile: PakFile PrimaryIndexSize=183
[2025.04.21-14.24.32:999][  0]LogPakFile: PakFile PathHashIndexSize=101
[2025.04.21-14.24.32:999][  0]LogPakFile: PakFile FullDirectoryIndexSize=140
[2025.04.21-14.24.32:999][  0]LogShaderLibrary: Display: ShaderCodeLibraryPakFileMountedCallback: PakFile 'C:/Program Files/Epic Games/UE_4.27/FeaturePacks/TP_Rolling.upack' (chunk index -1, root 'root:/') mounted
[2025.04.21-14.24.32:999][  0]LogShaderLibrary: Display: ShaderCodeLibraryPakFileMountedCallback: pending pak file info (ChunkID:-1 Root:root:/ File:C:/Program Files/Epic Games/UE_4.27/FeaturePacks/TP_Rolling.upack)
[2025.04.21-14.24.32:999][  0]LogPakFile: OnPakFileMounted2Time == 0.000077
[2025.04.21-14.24.33:027][  0]LogPakFile: PakFile PrimaryIndexSize=185
[2025.04.21-14.24.33:027][  0]LogPakFile: PakFile PathHashIndexSize=101
[2025.04.21-14.24.33:027][  0]LogPakFile: PakFile FullDirectoryIndexSize=144
[2025.04.21-14.24.33:027][  0]LogShaderLibrary: Display: ShaderCodeLibraryPakFileMountedCallback: PakFile 'C:/Program Files/Epic Games/UE_4.27/FeaturePacks/TP_RollingBP.upack' (chunk index -1, root 'root:/') mounted
[2025.04.21-14.24.33:027][  0]LogShaderLibrary: Display: ShaderCodeLibraryPakFileMountedCallback: pending pak file info (ChunkID:-1 Root:root:/ File:C:/Program Files/Epic Games/UE_4.27/FeaturePacks/TP_RollingBP.upack)
[2025.04.21-14.24.33:027][  0]LogPakFile: OnPakFileMounted2Time == 0.000093
[2025.04.21-14.24.33:053][  0]LogPakFile: PakFile PrimaryIndexSize=188
[2025.04.21-14.24.33:053][  0]LogPakFile: PakFile PathHashIndexSize=101
[2025.04.21-14.24.33:053][  0]LogPakFile: PakFile FullDirectoryIndexSize=150
[2025.04.21-14.24.33:054][  0]LogShaderLibrary: Display: ShaderCodeLibraryPakFileMountedCallback: PakFile 'C:/Program Files/Epic Games/UE_4.27/FeaturePacks/TP_SideScroller.upack' (chunk index -1, root 'root:/') mounted
[2025.04.21-14.24.33:054][  0]LogShaderLibrary: Display: ShaderCodeLibraryPakFileMountedCallback: pending pak file info (ChunkID:-1 Root:root:/ File:C:/Program Files/Epic Games/UE_4.27/FeaturePacks/TP_SideScroller.upack)
[2025.04.21-14.24.33:054][  0]LogPakFile: OnPakFileMounted2Time == 0.000113
[2025.04.21-14.24.33:085][  0]LogPakFile: PakFile PrimaryIndexSize=190
[2025.04.21-14.24.33:086][  0]LogPakFile: PakFile PathHashIndexSize=101
[2025.04.21-14.24.33:086][  0]LogPakFile: PakFile FullDirectoryIndexSize=154
[2025.04.21-14.24.33:086][  0]LogShaderLibrary: Display: ShaderCodeLibraryPakFileMountedCallback: PakFile 'C:/Program Files/Epic Games/UE_4.27/FeaturePacks/TP_SideScrollerBP.upack' (chunk index -1, root 'root:/') mounted
[2025.04.21-14.24.33:086][  0]LogShaderLibrary: Display: ShaderCodeLibraryPakFileMountedCallback: pending pak file info (ChunkID:-1 Root:root:/ File:C:/Program Files/Epic Games/UE_4.27/FeaturePacks/TP_SideScrollerBP.upack)
[2025.04.21-14.24.33:086][  0]LogPakFile: OnPakFileMounted2Time == 0.000132
[2025.04.21-14.24.33:113][  0]LogPakFile: PakFile PrimaryIndexSize=187
[2025.04.21-14.24.33:113][  0]LogPakFile: PakFile PathHashIndexSize=101
[2025.04.21-14.24.33:113][  0]LogPakFile: PakFile FullDirectoryIndexSize=148
[2025.04.21-14.24.33:114][  0]LogShaderLibrary: Display: ShaderCodeLibraryPakFileMountedCallback: PakFile 'C:/Program Files/Epic Games/UE_4.27/FeaturePacks/TP_ThirdPerson.upack' (chunk index -1, root 'root:/') mounted
[2025.04.21-14.24.33:114][  0]LogShaderLibrary: Display: ShaderCodeLibraryPakFileMountedCallback: pending pak file info (ChunkID:-1 Root:root:/ File:C:/Program Files/Epic Games/UE_4.27/FeaturePacks/TP_ThirdPerson.upack)
[2025.04.21-14.24.33:114][  0]LogPakFile: OnPakFileMounted2Time == 0.000130
[2025.04.21-14.24.33:135][  0]LogPakFile: PakFile PrimaryIndexSize=189
[2025.04.21-14.24.33:135][  0]LogPakFile: PakFile PathHashIndexSize=101
[2025.04.21-14.24.33:135][  0]LogPakFile: PakFile FullDirectoryIndexSize=152
[2025.04.21-14.24.33:135][  0]LogShaderLibrary: Display: ShaderCodeLibraryPakFileMountedCallback: PakFile 'C:/Program Files/Epic Games/UE_4.27/FeaturePacks/TP_ThirdPersonBP.upack' (chunk index -1, root 'root:/') mounted
[2025.04.21-14.24.33:135][  0]LogShaderLibrary: Display: ShaderCodeLibraryPakFileMountedCallback: pending pak file info (ChunkID:-1 Root:root:/ File:C:/Program Files/Epic Games/UE_4.27/FeaturePacks/TP_ThirdPersonBP.upack)
[2025.04.21-14.24.33:135][  0]LogPakFile: OnPakFileMounted2Time == 0.000138
[2025.04.21-14.24.33:164][  0]LogShaderCompilers: Display: Worker (21/21): shaders left to compile 201
[2025.04.21-14.24.33:164][  0]LogShaderCompilers: Display: Started 10 'Local' shader compile jobs with 'Normal' priority
[2025.04.21-14.24.33:164][  0]LogShaderCompilers: Display: Worker (11/21): shaders left to compile 191
[2025.04.21-14.24.33:164][  0]LogShaderCompilers: Display: Started 10 'Local' shader compile jobs with 'Normal' priority
[2025.04.21-14.24.33:164][  0]LogPakFile: PakFile PrimaryIndexSize=183
[2025.04.21-14.24.33:164][  0]LogPakFile: PakFile PathHashIndexSize=101
[2025.04.21-14.24.33:164][  0]LogPakFile: PakFile FullDirectoryIndexSize=140
[2025.04.21-14.24.33:164][  0]LogShaderLibrary: Display: ShaderCodeLibraryPakFileMountedCallback: PakFile 'C:/Program Files/Epic Games/UE_4.27/FeaturePacks/TP_TopDown.upack' (chunk index -1, root 'root:/') mounted
[2025.04.21-14.24.33:164][  0]LogShaderLibrary: Display: ShaderCodeLibraryPakFileMountedCallback: pending pak file info (ChunkID:-1 Root:root:/ File:C:/Program Files/Epic Games/UE_4.27/FeaturePacks/TP_TopDown.upack)
[2025.04.21-14.24.33:164][  0]LogPakFile: OnPakFileMounted2Time == 0.000077
[2025.04.21-14.24.33:179][  0]LogPakFile: PakFile PrimaryIndexSize=185
[2025.04.21-14.24.33:179][  0]LogPakFile: PakFile PathHashIndexSize=101
[2025.04.21-14.24.33:179][  0]LogPakFile: PakFile FullDirectoryIndexSize=144
[2025.04.21-14.24.33:179][  0]LogShaderLibrary: Display: ShaderCodeLibraryPakFileMountedCallback: PakFile 'C:/Program Files/Epic Games/UE_4.27/FeaturePacks/TP_TopDownBP.upack' (chunk index -1, root 'root:/') mounted
[2025.04.21-14.24.33:180][  0]LogShaderLibrary: Display: ShaderCodeLibraryPakFileMountedCallback: pending pak file info (ChunkID:-1 Root:root:/ File:C:/Program Files/Epic Games/UE_4.27/FeaturePacks/TP_TopDownBP.upack)
[2025.04.21-14.24.33:180][  0]LogPakFile: OnPakFileMounted2Time == 0.000082
[2025.04.21-14.24.33:205][  0]LogPakFile: PakFile PrimaryIndexSize=185
[2025.04.21-14.24.33:205][  0]LogPakFile: PakFile PathHashIndexSize=101
[2025.04.21-14.24.33:205][  0]LogPakFile: PakFile FullDirectoryIndexSize=144
[2025.04.21-14.24.33:205][  0]LogShaderLibrary: Display: ShaderCodeLibraryPakFileMountedCallback: PakFile 'C:/Program Files/Epic Games/UE_4.27/FeaturePacks/TP_TwinStick.upack' (chunk index -1, root 'root:/') mounted
[2025.04.21-14.24.33:205][  0]LogShaderLibrary: Display: ShaderCodeLibraryPakFileMountedCallback: pending pak file info (ChunkID:-1 Root:root:/ File:C:/Program Files/Epic Games/UE_4.27/FeaturePacks/TP_TwinStick.upack)
[2025.04.21-14.24.33:205][  0]LogPakFile: OnPakFileMounted2Time == 0.000098
[2025.04.21-14.24.33:234][  0]LogPakFile: PakFile PrimaryIndexSize=187
[2025.04.21-14.24.33:234][  0]LogPakFile: PakFile PathHashIndexSize=101
[2025.04.21-14.24.33:234][  0]LogPakFile: PakFile FullDirectoryIndexSize=148
[2025.04.21-14.24.33:234][  0]LogShaderLibrary: Display: ShaderCodeLibraryPakFileMountedCallback: PakFile 'C:/Program Files/Epic Games/UE_4.27/FeaturePacks/TP_TwinStickBP.upack' (chunk index -1, root 'root:/') mounted
[2025.04.21-14.24.33:234][  0]LogShaderLibrary: Display: ShaderCodeLibraryPakFileMountedCallback: pending pak file info (ChunkID:-1 Root:root:/ File:C:/Program Files/Epic Games/UE_4.27/FeaturePacks/TP_TwinStickBP.upack)
[2025.04.21-14.24.33:234][  0]LogPakFile: OnPakFileMounted2Time == 0.000102
[2025.04.21-14.24.33:254][  0]LogPakFile: PakFile PrimaryIndexSize=183
[2025.04.21-14.24.33:254][  0]LogPakFile: PakFile PathHashIndexSize=101
[2025.04.21-14.24.33:254][  0]LogPakFile: PakFile FullDirectoryIndexSize=140
[2025.04.21-14.24.33:254][  0]LogShaderLibrary: Display: ShaderCodeLibraryPakFileMountedCallback: PakFile 'C:/Program Files/Epic Games/UE_4.27/FeaturePacks/TP_Vehicle.upack' (chunk index -1, root 'root:/') mounted
[2025.04.21-14.24.33:254][  0]LogShaderLibrary: Display: ShaderCodeLibraryPakFileMountedCallback: pending pak file info (ChunkID:-1 Root:root:/ File:C:/Program Files/Epic Games/UE_4.27/FeaturePacks/TP_Vehicle.upack)
[2025.04.21-14.24.33:254][  0]LogPakFile: OnPakFileMounted2Time == 0.000050
[2025.04.21-14.24.33:276][  0]LogPakFile: PakFile PrimaryIndexSize=186
[2025.04.21-14.24.33:276][  0]LogPakFile: PakFile PathHashIndexSize=101
[2025.04.21-14.24.33:276][  0]LogPakFile: PakFile FullDirectoryIndexSize=146
[2025.04.21-14.24.33:276][  0]LogShaderLibrary: Display: ShaderCodeLibraryPakFileMountedCallback: PakFile 'C:/Program Files/Epic Games/UE_4.27/FeaturePacks/TP_VehicleAdv.upack' (chunk index -1, root 'root:/') mounted
[2025.04.21-14.24.33:276][  0]LogShaderLibrary: Display: ShaderCodeLibraryPakFileMountedCallback: pending pak file info (ChunkID:-1 Root:root:/ File:C:/Program Files/Epic Games/UE_4.27/FeaturePacks/TP_VehicleAdv.upack)
[2025.04.21-14.24.33:276][  0]LogPakFile: OnPakFileMounted2Time == 0.000075
[2025.04.21-14.24.33:306][  0]LogPakFile: PakFile PrimaryIndexSize=188
[2025.04.21-14.24.33:306][  0]LogPakFile: PakFile PathHashIndexSize=101
[2025.04.21-14.24.33:306][  0]LogPakFile: PakFile FullDirectoryIndexSize=150
[2025.04.21-14.24.33:306][  0]LogShaderLibrary: Display: ShaderCodeLibraryPakFileMountedCallback: PakFile 'C:/Program Files/Epic Games/UE_4.27/FeaturePacks/TP_VehicleAdvBP.upack' (chunk index -1, root 'root:/') mounted
[2025.04.21-14.24.33:306][  0]LogShaderLibrary: Display: ShaderCodeLibraryPakFileMountedCallback: pending pak file info (ChunkID:-1 Root:root:/ File:C:/Program Files/Epic Games/UE_4.27/FeaturePacks/TP_VehicleAdvBP.upack)
[2025.04.21-14.24.33:306][  0]LogPakFile: OnPakFileMounted2Time == 0.000111
[2025.04.21-14.24.33:330][  0]LogPakFile: PakFile PrimaryIndexSize=185
[2025.04.21-14.24.33:330][  0]LogPakFile: PakFile PathHashIndexSize=101
[2025.04.21-14.24.33:330][  0]LogPakFile: PakFile FullDirectoryIndexSize=144
[2025.04.21-14.24.33:330][  0]LogShaderLibrary: Display: ShaderCodeLibraryPakFileMountedCallback: PakFile 'C:/Program Files/Epic Games/UE_4.27/FeaturePacks/TP_VehicleBP.upack' (chunk index -1, root 'root:/') mounted
[2025.04.21-14.24.33:330][  0]LogShaderLibrary: Display: ShaderCodeLibraryPakFileMountedCallback: pending pak file info (ChunkID:-1 Root:root:/ File:C:/Program Files/Epic Games/UE_4.27/FeaturePacks/TP_VehicleBP.upack)
[2025.04.21-14.24.33:330][  0]LogPakFile: OnPakFileMounted2Time == 0.000049
[2025.04.21-14.24.33:400][  0]LogPakFile: PakFile PrimaryIndexSize=192
[2025.04.21-14.24.33:400][  0]LogPakFile: PakFile PathHashIndexSize=101
[2025.04.21-14.24.33:400][  0]LogPakFile: PakFile FullDirectoryIndexSize=158
[2025.04.21-14.24.33:400][  0]LogShaderLibrary: Display: ShaderCodeLibraryPakFileMountedCallback: PakFile 'C:/Program Files/Epic Games/UE_4.27/FeaturePacks/TP_VirtualRealityBP.upack' (chunk index -1, root 'root:/') mounted
[2025.04.21-14.24.33:401][  0]LogShaderLibrary: Display: ShaderCodeLibraryPakFileMountedCallback: pending pak file info (ChunkID:-1 Root:root:/ File:C:/Program Files/Epic Games/UE_4.27/FeaturePacks/TP_VirtualRealityBP.upack)
[2025.04.21-14.24.33:401][  0]LogPakFile: OnPakFileMounted2Time == 0.000097
[2025.04.21-14.24.33:774][  0]LogShaderCompilers: Display: Worker (6/21): shaders left to compile 181
[2025.04.21-14.24.33:774][  0]LogShaderCompilers: Display: Started 9 'Local' shader compile jobs with 'Normal' priority
[2025.04.21-14.24.33:774][  0]LogShaderCompilers: Display: Worker (7/21): shaders left to compile 172
[2025.04.21-14.24.33:774][  0]LogShaderCompilers: Display: Started 9 'Local' shader compile jobs with 'Normal' priority
[2025.04.21-14.24.33:774][  0]LogShaderCompilers: Display: Worker (3/21): shaders left to compile 163
[2025.04.21-14.24.33:774][  0]LogShaderCompilers: Display: Started 8 'Local' shader compile jobs with 'Normal' priority
[2025.04.21-14.24.33:774][  0]LogShaderCompilers: Display: Worker (17/21): shaders left to compile 155
[2025.04.21-14.24.33:774][  0]LogShaderCompilers: Display: Started 8 'Local' shader compile jobs with 'Normal' priority
[2025.04.21-14.24.33:774][  0]LogNativeClassHierarchy: Verbose: Native class hierarchy updated for 'AddContentDialog' in 0.0005 seconds. Added 0 classes and 0 folders.
[2025.04.21-14.24.33:781][  0]LogNativeClassHierarchy: Verbose: Native class hierarchy updated for 'SceneOutliner' in 0.0004 seconds. Added 2 classes and 0 folders.
[2025.04.21-14.24.33:875][  0]LogSlate: Took 0.000470 seconds to synchronously load lazily loaded font '../../../Engine/Content/Slate/Fonts/Roboto-Regular.ttf' (155K)
[2025.04.21-14.24.33:905][  0]LogSlate: Took 0.027087 seconds to synchronously load lazily loaded font '../../../Engine/Content/Editor/Slate/Fonts/FontAwesome.ttf' (139K)
[2025.04.21-14.24.33:908][  0]LogSlate: Took 0.000462 seconds to synchronously load lazily loaded font '../../../Engine/Content/Slate/Fonts/Roboto-Bold.ttf' (160K)
[2025.04.21-14.24.34:277][  0]LogShaderCompilers: Display: Worker (12/21): shaders left to compile 147
[2025.04.21-14.24.34:278][  0]LogShaderCompilers: Display: Started 8 'Local' shader compile jobs with 'Normal' priority
[2025.04.21-14.24.34:278][  0]LogRenderer: Reallocating scene render targets to support 1208x572 Format 10 NumSamples 1 (Frame:1).
[2025.04.21-14.24.34:580][  0]LogShaderCompilers: Display: Worker (16/21): shaders left to compile 22
[2025.04.21-14.24.34:580][  0]LogShaderCompilers: Display: Started 2 'Local' shader compile jobs with 'ForceLocal' priority
[2025.04.21-14.24.34:589][  0]LogNativeClassHierarchy: Verbose: Native class hierarchy updated for 'HierarchicalLODOutliner' in 0.0007 seconds. Added 0 classes and 0 folders.
[2025.04.21-14.24.34:590][  0]LogInput: Warning: Action Jump uses invalid key OculusGo_Left_Trigger_Click.
[2025.04.21-14.24.34:590][  0]LogInput: Warning: Action ResetVR uses invalid key OculusGo_Left_Trackpad_Click.
[2025.04.21-14.24.34:590][  0]LogInput: Warning: Use -RemoveInvalidKeys to remove instances of these keys from the action mapping.
[2025.04.21-14.24.34:590][  0]LogLoad: (Engine Initialization) Total time: 16.90 seconds
[2025.04.21-14.24.34:590][  0]LogLoad: (Engine Initialization) Total Blueprint compile time: 0.00 seconds
[2025.04.21-14.24.34:673][  0]LogContentStreaming: Texture pool size now 1000 MB
[2025.04.21-14.24.34:765][  1]LogFileCache: Retrieving MD5 hashes for directory 'C:/Users/rthru/Desktop/Source files 4.27/Content/' took 0.15s
[2025.04.21-14.24.34:768][  1]LogAssetRegistry: Asset discovery search completed in 14.8321 seconds
[2025.04.21-14.24.34:773][  1]LogCollectionManager: Fixed up redirectors for 0 collections in 0.000005 seconds (updated 0 objects)
[2025.04.21-14.24.34:877][  2]LogSlate: Took 0.000676 seconds to synchronously load lazily loaded font '../../../Engine/Content/Slate/Fonts/Roboto-Light.ttf' (167K)
[2025.04.21-14.24.36:927][ 91]LogShaderCompilers: Display: Worker (16/21): shaders left to compile 20
[2025.04.21-14.24.36:927][ 91]LogShaderCompilers: Display: Started 2 'Local' shader compile jobs with 'ForceLocal' priority
[2025.04.21-14.24.39:558][238]LogShaderCompilers: Display: Worker (16/21): shaders left to compile 18
[2025.04.21-14.24.39:558][238]LogShaderCompilers: Display: Started 1 'Local' shader compile jobs with 'ForceLocal' priority
[2025.04.21-14.24.40:244][282]LogShaderCompilers: Display: Worker (16/21): shaders left to compile 17
[2025.04.21-14.24.40:244][282]LogShaderCompilers: Display: Started 1 'Local' shader compile jobs with 'ForceLocal' priority
[2025.04.21-14.24.41:269][351]LogShaderCompilers: Display: Worker (16/21): shaders left to compile 16
[2025.04.21-14.24.41:269][351]LogShaderCompilers: Display: Started 1 'Local' shader compile jobs with 'ForceLocal' priority
[2025.04.21-14.24.42:145][418]LogShaderCompilers: Display: Worker (16/21): shaders left to compile 15
[2025.04.21-14.24.42:145][418]LogShaderCompilers: Display: Started 1 'Local' shader compile jobs with 'ForceLocal' priority
[2025.04.21-14.24.43:191][492]LogShaderCompilers: Display: Worker (16/21): shaders left to compile 14
[2025.04.21-14.24.43:191][492]LogShaderCompilers: Display: Started 1 'Local' shader compile jobs with 'ForceLocal' priority
[2025.04.21-14.24.43:893][545]LogShaderCompilers: Display: Worker (16/21): shaders left to compile 13
[2025.04.21-14.24.43:893][545]LogShaderCompilers: Display: Started 1 'Local' shader compile jobs with 'ForceLocal' priority
[2025.04.21-14.24.44:056][557]LogTemp: Repeating last play command: Selected Viewport
[2025.04.21-14.24.44:068][557]LogPlayLevel: PlayLevel: No blueprints needed recompiling
[2025.04.21-14.24.44:072][557]PIE: New page: PIE session: MainMenu (21 Apr 2025, 20:24:44)
[2025.04.21-14.24.44:075][557]LogOnline: OSS: Creating online subsystem instance for: NULL
[2025.04.21-14.24.44:079][557]LogOnline: OSS: TryLoadSubsystemAndSetDefault: Loaded subsystem for module [NULL]
[2025.04.21-14.24.44:080][557]LogPlayLevel: Creating play world package: /Game/GameMaps/UEDPIE_0_MainMenu
[2025.04.21-14.24.44:087][557]LogPlayLevel: PIE: StaticDuplicateObject took: (0.006531s)
[2025.04.21-14.24.44:089][557]LogAIModule: Creating AISystem for world MainMenu
[2025.04.21-14.24.44:090][557]LogPlayLevel: PIE: World Init took: (0.002884s)
[2025.04.21-14.24.44:090][557]LogPlayLevel: PIE: Created PIE world by copying editor world from /Game/GameMaps/MainMenu.MainMenu to /Game/GameMaps/UEDPIE_0_MainMenu.MainMenu (0.010022s)
[2025.04.21-14.24.44:101][557]LogUObjectHash: Compacting FUObjectHashTables data took   0.77ms
[2025.04.21-14.24.44:111][557]LogAudio: Display: Creating Audio Device:                 Id: 2, Scope: Unique, Realtime: True
[2025.04.21-14.24.44:112][557]LogAudioMixer: Display: Audio Mixer Platform Settings:
[2025.04.21-14.24.44:112][557]LogAudioMixer: Display: 	Sample Rate:						  48000
[2025.04.21-14.24.44:112][557]LogAudioMixer: Display: 	Callback Buffer Frame Size Requested: 1024
[2025.04.21-14.24.44:112][557]LogAudioMixer: Display: 	Callback Buffer Frame Size To Use:	  1024
[2025.04.21-14.24.44:112][557]LogAudioMixer: Display: 	Number of buffers to queue:			  2
[2025.04.21-14.24.44:112][557]LogAudioMixer: Display: 	Max Channels (voices):				  32
[2025.04.21-14.24.44:112][557]LogAudioMixer: Display: 	Number of Async Source Workers:		  0
[2025.04.21-14.24.44:112][557]LogAudio: Display: AudioDevice MaxSources: 32
[2025.04.21-14.24.44:113][557]LogAudio: Display: Audio Spatialization Plugin: None (built-in).
[2025.04.21-14.24.44:113][557]LogAudio: Display: Audio Reverb Plugin: None (built-in).
[2025.04.21-14.24.44:113][557]LogAudio: Display: Audio Occlusion Plugin: None (built-in).
[2025.04.21-14.24.44:113][557]LogAudioMixer: Display: Initializing audio mixer.
[2025.04.21-14.24.44:117][557]LogAudioMixer: Display: 0: FrontLeft
[2025.04.21-14.24.44:117][557]LogAudioMixer: Display: 1: FrontRight
[2025.04.21-14.24.44:128][557]LogAudioMixer: Display: Using Audio Device Headphones (ROTTER ENC Stereo)
[2025.04.21-14.24.44:129][557]LogAudioMixer: Display: Initializing Sound Submixes...
[2025.04.21-14.24.44:129][557]LogAudioMixer: Display: Creating Master Submix 'MasterSubmixDefault'
[2025.04.21-14.24.44:129][557]LogAudioMixer: Display: Creating Master Submix 'MasterReverbSubmixDefault'
[2025.04.21-14.24.44:130][557]LogAudioMixer: Display: Creating Master Submix 'MasterEQSubmixDefault'
[2025.04.21-14.24.44:130][557]LogAudioMixer: FMixerPlatformXAudio2::StartAudioStream() called
[2025.04.21-14.24.44:130][557]LogAudioMixer: Display: Output buffers initialized: Frames=1024, Channels=2, Samples=2048
[2025.04.21-14.24.44:133][557]LogAudioMixer: Display: Starting AudioMixerPlatformInterface::RunInternal()
[2025.04.21-14.24.44:133][557]LogAudioMixer: Display: FMixerPlatformXAudio2::SubmitBuffer() called for the first time
[2025.04.21-14.24.44:133][557]LogInit: FAudioDevice initialized.
[2025.04.21-14.24.44:133][557]LogAudio: Display: Audio Device (ID: 2) registered with world 'MainMenu'.
[2025.04.21-14.24.44:157][557]LogLoad: Game class is 'ThirdPersonMainMenu_C'
[2025.04.21-14.24.44:165][557]LogWorld: Bringing World /Game/GameMaps/UEDPIE_0_MainMenu.MainMenu up for play (max tick rate 0) at 2025.04.21-17.24.44
[2025.04.21-14.24.44:168][557]LogWorld: Bringing up level for play took: 0.004474
[2025.04.21-14.24.44:168][557]LogOnline: OSS: Creating online subsystem instance for: :Context_1
[2025.04.21-14.24.44:181][557]LogNativeClassHierarchy: Verbose: Native class hierarchy updated for 'MovieSceneCapture' in 0.0006 seconds. Added 20 classes and 0 folders.
[2025.04.21-14.24.44:196][557]PIE: Server logged in
[2025.04.21-14.24.44:200][557]PIE: Play in editor total start time 0.137 seconds.
[2025.04.21-14.24.45:091][605]LogShaderCompilers: Display: Worker (16/21): shaders left to compile 12
[2025.04.21-14.24.45:091][605]LogShaderCompilers: Display: Started 1 'Local' shader compile jobs with 'ForceLocal' priority
[2025.04.21-14.24.45:832][658]LogShaderCompilers: Display: Worker (16/21): shaders left to compile 11
[2025.04.21-14.24.45:832][658]LogShaderCompilers: Display: Started 1 'Local' shader compile jobs with 'ForceLocal' priority
[2025.04.21-14.24.46:812][729]LogShaderCompilers: Display: Worker (16/21): shaders left to compile 10
[2025.04.21-14.24.46:812][729]LogShaderCompilers: Display: Worker (20/21): shaders left to compile 9
[2025.04.21-14.24.46:812][729]LogShaderCompilers: Display: Started 2 'Local' shader compile jobs with 'ForceLocal' priority
[2025.04.21-14.24.46:812][729]LogShaderCompilers: Display: Worker (13/21): shaders left to compile 8
[2025.04.21-14.24.46:812][729]LogShaderCompilers: Display: Started 1 'Local' shader compile jobs with 'ForceLocal' priority
[2025.04.21-14.24.47:538][776]LogShaderCompilers: Display: Worker (18/21): shaders left to compile 7
[2025.04.21-14.24.47:538][776]LogShaderCompilers: Display: Started 1 'Local' shader compile jobs with 'ForceLocal' priority
[2025.04.21-14.24.47:538][776]LogShaderCompilers: Display: Worker (16/21): shaders left to compile 6
[2025.04.21-14.24.47:538][776]LogShaderCompilers: Display: Started 1 'Local' shader compile jobs with 'ForceLocal' priority
[2025.04.21-14.24.47:778][791]LogShaderCompilers: Display: Worker (20/21): shaders left to compile 5
[2025.04.21-14.24.47:778][791]LogShaderCompilers: Display: Started 1 'Local' shader compile jobs with 'ForceLocal' priority
[2025.04.21-14.24.48:914][872]LogShaderCompilers: Display: Worker (20/21): shaders left to compile 4
[2025.04.21-14.24.48:914][872]LogShaderCompilers: Display: Started 1 'Local' shader compile jobs with 'ForceLocal' priority
[2025.04.21-14.24.49:193][890]LogShaderCompilers: Display: Worker (16/21): shaders left to compile 3
[2025.04.21-14.24.49:193][890]LogShaderCompilers: Display: Started 1 'Local' shader compile jobs with 'ForceLocal' priority
[2025.04.21-14.24.49:540][921]LogShaderCompilers: Display: Worker (13/21): shaders left to compile 2
[2025.04.21-14.24.49:540][921]LogShaderCompilers: Display: Started 1 'Local' shader compile jobs with 'ForceLocal' priority
[2025.04.21-14.24.49:540][921]LogShaderCompilers: Display: Worker (6/21): shaders left to compile 1
[2025.04.21-14.24.49:540][921]LogShaderCompilers: Display: Started 1 'Local' shader compile jobs with 'ForceLocal' priority
[2025.04.21-14.24.49:573][922]LogShaderCompilers: Display: Worker (9/21): shaders left to compile 139
[2025.04.21-14.24.49:573][922]LogShaderCompilers: Display: Started 7 'Local' shader compile jobs with 'Normal' priority
[2025.04.21-14.24.49:767][934]LogShaderCompilers: Display: Worker (3/21): shaders left to compile 132
[2025.04.21-14.24.49:767][934]LogShaderCompilers: Display: Started 7 'Local' shader compile jobs with 'Normal' priority
[2025.04.21-14.24.49:819][936]LogShaderCompilers: Display: Worker (19/21): shaders left to compile 125
[2025.04.21-14.24.49:819][936]LogShaderCompilers: Display: Started 7 'Local' shader compile jobs with 'Normal' priority
[2025.04.21-14.24.50:171][953]LogShaderCompilers: Display: Worker (12/21): shaders left to compile 118
[2025.04.21-14.24.50:172][953]LogShaderCompilers: Display: Started 6 'Local' shader compile jobs with 'Normal' priority
[2025.04.21-14.24.50:213][954]LogShaderCompilers: Display: Worker (18/21): shaders left to compile 112
[2025.04.21-14.24.50:213][954]LogShaderCompilers: Display: Started 6 'Local' shader compile jobs with 'Normal' priority
[2025.04.21-14.24.50:473][970]LogShaderCompilers: Display: Worker (16/21): shaders left to compile 106
[2025.04.21-14.24.50:473][970]LogShaderCompilers: Display: Started 6 'Local' shader compile jobs with 'Normal' priority
[2025.04.21-14.24.50:611][978]LogShaderCompilers: Display: Worker (17/21): shaders left to compile 100
[2025.04.21-14.24.50:611][978]LogShaderCompilers: Display: Started 6 'Local' shader compile jobs with 'Normal' priority
[2025.04.21-14.24.50:729][987]LogShaderCompilers: Display: Worker (20/21): shaders left to compile 94
[2025.04.21-14.24.50:729][987]LogShaderCompilers: Display: Started 5 'Local' shader compile jobs with 'Normal' priority
[2025.04.21-14.24.51:554][ 39]LogNet: Browse: /Game/GameMaps/Tutorial
[2025.04.21-14.24.51:554][ 39]LogLoad: LoadMap: /Game/GameMaps/Tutorial
[2025.04.21-14.24.51:554][ 39]LogWorld: BeginTearingDown for /Game/GameMaps/UEDPIE_0_MainMenu
[2025.04.21-14.24.51:557][ 39]LogWorld: UWorld::CleanupWorld for MainMenu, bSessionEnded=true, bCleanupResources=true
[2025.04.21-14.24.51:558][ 39]LogSlate: InvalidateAllWidgets triggered.  All widgets were invalidated
[2025.04.21-14.24.51:602][ 39]LogShaderCompilers: Display: Worker (10/21): shaders left to compile 89
[2025.04.21-14.24.51:602][ 39]LogShaderCompilers: Display: Started 5 'Local' shader compile jobs with 'Normal' priority
[2025.04.21-14.24.51:602][ 39]LogAudio: Display: Audio Device unregistered from world 'None'.
[2025.04.21-14.24.51:608][ 39]LogUObjectHash: Compacting FUObjectHashTables data took   2.08ms
[2025.04.21-14.24.51:618][ 39]LogShaderCompilers: Display: Worker (5/21): shaders left to compile 84
[2025.04.21-14.24.51:618][ 39]LogShaderCompilers: Display: Started 5 'Local' shader compile jobs with 'Normal' priority
[2025.04.21-14.24.51:725][ 39]LogBlueprint: Warning: [AssetLog] C:\Users\rthru\Desktop\Source files 4.27\Content\GameMaps\Tutorial.umap: [Compiler] On Component Begin Overlap (BlueCollision)  does not have a valid matching component!
[2025.04.21-14.24.53:858][ 39]LogTexture: Display: Building textures: HQ_Lightmap1_1 (OODLE_AutoDXT, 1024X1024)
[2025.04.21-14.24.53:858][ 39]LogTexture: Display: Building textures: ModularBuildingKit12_Railing_OcclusionRoughnessMetallic (OODLE_AutoDXT, 2048X2048)
[2025.04.21-14.24.53:858][ 39]LogTexture: Display: Building textures: ModularBuildingKit12_Railing_Normal (OODLE_BC5, 2048X2048)
[2025.04.21-14.24.53:858][ 39]LogTexture: Display: Building textures: ModularBuildingKit12_Railing_BaseColor (OODLE_AutoDXT, 2048X2048)
[2025.04.21-14.24.53:858][ 39]LogTexture: Display: Building textures: ModularBuildingKit13_Door2_OcclusionRoughnessMetallic (OODLE_AutoDXT, 2048X2048)
[2025.04.21-14.24.53:858][ 39]LogTexture: Display: Building textures: ModularBuildingKit12_FloorEnd_OcclusionRoughnessMetallic (OODLE_AutoDXT, 2048X2048)
[2025.04.21-14.24.53:858][ 39]LogTexture: Display: Building textures: ModularBuildingKit12_FloorCorner_Normal (OODLE_BC5, 2048X2048)
[2025.04.21-14.24.53:858][ 39]LogTexture: Display: Building textures: ModularBuildingKit13_WallTopFiller_BaseColor (OODLE_AutoDXT, 2048X2048)
[2025.04.21-14.24.53:858][ 39]LogTexture: Display: Building textures: ModularBuildingKit12_FloorCorner_BaseColor (OODLE_AutoDXT, 2048X2048)
[2025.04.21-14.24.53:858][ 39]LogTexture: Display: Building textures: ModularBuildingKit12_FloorCorner_OcclusionRoughnessMetallic (OODLE_AutoDXT, 2048X2048)
[2025.04.21-14.24.53:858][ 39]LogTexture: Display: Building textures: ModularBuildingKit13_Door2_Normal (OODLE_BC5, 2048X2048)
[2025.04.21-14.24.53:858][ 39]LogTexture: Display: Building textures: ModularBuildingKit12_DoorTunnel_BaseColor (OODLE_AutoDXT, 2048X2048)
[2025.04.21-14.24.53:858][ 39]LogTexture: Display: Building textures: ModularBuildingKit13_WallTopFiller_OcclusionRoughnessMetallic (OODLE_AutoDXT, 2048X2048)
[2025.04.21-14.24.53:858][ 39]LogTexture: Display: Building textures: ModularBuildingKit12_FloorEnd_BaseColor (OODLE_AutoDXT, 2048X2048)
[2025.04.21-14.24.53:858][ 39]LogTexture: Display: Building textures: ModularBuildingKit13_WallTopFiller_Normal (OODLE_BC5, 2048X2048)
[2025.04.21-14.24.53:858][ 39]LogTexture: Display: Building textures: ModularBuildingKit12_FloorEnd_Normal (OODLE_BC5, 2048X2048)
[2025.04.21-14.24.53:858][ 39]LogTexture: Display: Building textures: ModularBuildingKit12_FloorT_BaseColor (OODLE_AutoDXT, 2048X2048)
[2025.04.21-14.24.53:858][ 39]LogTexture: Display: Building textures: ModularBuildingKit12_FloorT_Normal (OODLE_BC5, 2048X2048)
[2025.04.21-14.24.53:858][ 39]LogTexture: Display: Building textures: ModularBuildingKit13_Door2_BaseColor (OODLE_AutoDXT, 2048X2048)
[2025.04.21-14.24.53:858][ 39]LogTexture: Display: Building textures: ModularBuildingKit12_DoorTunnel_OcclusionRoughnessMetallic (OODLE_AutoDXT, 2048X2048)
[2025.04.21-14.24.53:858][ 39]LogTexture: Display: Building textures: ModularBuildingKit12_DoorTunnel_Normal (OODLE_BC5, 2048X2048)
[2025.04.21-14.24.53:858][ 39]LogTexture: Display: Building textures: ModularBuildingKit12_FloorT_OcclusionRoughnessMetallic (OODLE_AutoDXT, 2048X2048)
[2025.04.21-14.24.53:858][ 39]LogTextureFormatOodle: Display: non-RDO encode 1024 x 1024 x 1 to format OODLE_AutoDXT (Oodle OodleTex_BC3) lambda=0 effort=20 
[2025.04.21-14.24.53:858][ 39]LogTextureFormatOodle: Display: non-RDO encode 2048 x 2048 x 1 to format OODLE_AutoDXT (Oodle OodleTex_BC1_WithTransparency) lambda=0 effort=20 
[2025.04.21-14.24.53:858][ 39]LogTextureFormatOodle: Display: non-RDO encode 2048 x 2048 x 1 to format OODLE_AutoDXT (Oodle OodleTex_BC1_WithTransparency) lambda=0 effort=20 
[2025.04.21-14.24.53:858][ 39]LogTextureFormatOodle: Display: non-RDO encode 2048 x 2048 x 1 to format OODLE_AutoDXT (Oodle OodleTex_BC1_WithTransparency) lambda=0 effort=20 
[2025.04.21-14.24.53:858][ 39]LogTextureFormatOodle: Display: non-RDO encode 2048 x 2048 x 1 to format OODLE_AutoDXT (Oodle OodleTex_BC1_WithTransparency) lambda=0 effort=20 
[2025.04.21-14.24.53:858][ 39]LogTextureFormatOodle: Display: non-RDO encode 2048 x 2048 x 1 to format OODLE_BC5 (Oodle OodleTex_BC5U) lambda=0 effort=20 
[2025.04.21-14.24.53:858][ 39]LogTextureFormatOodle: Display: non-RDO encode 2048 x 2048 x 1 to format OODLE_AutoDXT (Oodle OodleTex_BC1_WithTransparency) lambda=0 effort=20 
[2025.04.21-14.24.53:858][ 39]LogTextureFormatOodle: Display: non-RDO encode 1024 x 1024 x 1 to format OODLE_AutoDXT (Oodle OodleTex_BC1_WithTransparency) lambda=0 effort=20 
[2025.04.21-14.24.53:858][ 39]LogTextureFormatOodle: Display: non-RDO encode 2048 x 2048 x 1 to format OODLE_AutoDXT (Oodle OodleTex_BC1_WithTransparency) lambda=0 effort=20 
[2025.04.21-14.24.53:858][ 39]LogTextureFormatOodle: Display: non-RDO encode 2048 x 2048 x 1 to format OODLE_BC5 (Oodle OodleTex_BC5U) lambda=0 effort=20 
[2025.04.21-14.24.53:858][ 39]LogTextureFormatOodle: Display: non-RDO encode 2048 x 2048 x 1 to format OODLE_BC5 (Oodle OodleTex_BC5U) lambda=0 effort=20 
[2025.04.21-14.24.53:858][ 39]LogTextureFormatOodle: Display: non-RDO encode 1024 x 1024 x 1 to format OODLE_AutoDXT (Oodle OodleTex_BC1_WithTransparency) lambda=0 effort=20 
[2025.04.21-14.24.53:858][ 39]LogTextureFormatOodle: Display: non-RDO encode 2048 x 2048 x 1 to format OODLE_AutoDXT (Oodle OodleTex_BC1_WithTransparency) lambda=0 effort=20 
[2025.04.21-14.24.53:858][ 39]LogTexture: Display: Building textures: HQ_Lightmap1_2 (OODLE_AutoDXT, 1024X1024)
[2025.04.21-14.24.53:858][ 39]LogTexture: Display: Building textures: HQ_Lightmap1_3 (OODLE_AutoDXT, 1024X1024)
[2025.04.21-14.24.53:858][ 39]LogTextureFormatOodle: Display: non-RDO encode 1024 x 1024 x 1 to format OODLE_AutoDXT (Oodle OodleTex_BC1_WithTransparency) lambda=0 effort=20 
[2025.04.21-14.24.53:858][ 39]LogTextureFormatOodle: Display: non-RDO encode 1024 x 1024 x 1 to format OODLE_AutoDXT (Oodle OodleTex_BC1_WithTransparency) lambda=0 effort=20 
[2025.04.21-14.24.53:858][ 39]LogTextureFormatOodle: Display: non-RDO encode 1024 x 1024 x 1 to format OODLE_BC5 (Oodle OodleTex_BC5U) lambda=0 effort=20 
[2025.04.21-14.24.53:858][ 39]LogTextureFormatOodle: Display: non-RDO encode 1024 x 1024 x 1 to format OODLE_BC5 (Oodle OodleTex_BC5U) lambda=0 effort=20 
[2025.04.21-14.24.53:858][ 39]LogTextureFormatOodle: Display: non-RDO encode 1024 x 1024 x 1 to format OODLE_BC5 (Oodle OodleTex_BC5U) lambda=0 effort=20 
[2025.04.21-14.24.53:858][ 39]LogTextureFormatOodle: Display: non-RDO encode 1024 x 1024 x 1 to format OODLE_AutoDXT (Oodle OodleTex_BC1_WithTransparency) lambda=0 effort=20 
[2025.04.21-14.24.53:858][ 39]LogTextureFormatOodle: Display: non-RDO encode 2048 x 2048 x 1 to format OODLE_BC5 (Oodle OodleTex_BC5U) lambda=0 effort=20 
[2025.04.21-14.24.53:858][ 39]LogTextureFormatOodle: Display: non-RDO encode 2048 x 2048 x 1 to format OODLE_AutoDXT (Oodle OodleTex_BC1_WithTransparency) lambda=0 effort=20 
[2025.04.21-14.24.53:858][ 39]LogTextureFormatOodle: Display: non-RDO encode 1024 x 1024 x 1 to format OODLE_AutoDXT (Oodle OodleTex_BC3) lambda=0 effort=20 
[2025.04.21-14.24.53:858][ 39]LogTextureFormatOodle: Display: non-RDO encode 2048 x 2048 x 1 to format OODLE_AutoDXT (Oodle OodleTex_BC1_WithTransparency) lambda=0 effort=20 
[2025.04.21-14.24.53:858][ 39]LogTextureFormatOodle: Display: non-RDO encode 2048 x 2048 x 1 to format OODLE_AutoDXT (Oodle OodleTex_BC1_WithTransparency) lambda=0 effort=20 
[2025.04.21-14.24.53:859][ 39]LogTextureFormatOodle: Display: non-RDO encode 2048 x 2048 x 1 to format OODLE_BC5 (Oodle OodleTex_BC5U) lambda=0 effort=20 
[2025.04.21-14.24.53:859][ 39]LogTextureFormatOodle: Display: non-RDO encode 2048 x 2048 x 1 to format OODLE_AutoDXT (Oodle OodleTex_BC1_WithTransparency) lambda=0 effort=20 
[2025.04.21-14.24.53:859][ 39]LogTextureFormatOodle: Display: non-RDO encode 2048 x 2048 x 1 to format OODLE_AutoDXT (Oodle OodleTex_BC1_WithTransparency) lambda=0 effort=20 
[2025.04.21-14.24.53:859][ 39]LogTextureFormatOodle: Display: non-RDO encode 1024 x 1024 x 1 to format OODLE_AutoDXT (Oodle OodleTex_BC1_WithTransparency) lambda=0 effort=20 
[2025.04.21-14.24.53:859][ 39]LogTextureFormatOodle: Display: non-RDO encode 1024 x 1024 x 1 to format OODLE_AutoDXT (Oodle OodleTex_BC1_WithTransparency) lambda=0 effort=20 
[2025.04.21-14.24.53:859][ 39]LogTextureFormatOodle: Display: non-RDO encode 2048 x 2048 x 1 to format OODLE_BC5 (Oodle OodleTex_BC5U) lambda=0 effort=20 
[2025.04.21-14.24.53:859][ 39]LogTextureFormatOodle: Display: non-RDO encode 1024 x 1024 x 1 to format OODLE_AutoDXT (Oodle OodleTex_BC3) lambda=0 effort=20 
[2025.04.21-14.24.53:859][ 39]LogTextureFormatOodle: Display: non-RDO encode 2048 x 2048 x 1 to format OODLE_BC5 (Oodle OodleTex_BC5U) lambda=0 effort=20 
[2025.04.21-14.24.53:859][ 39]LogTextureFormatOodle: Display: non-RDO encode 2048 x 2048 x 1 to format OODLE_AutoDXT (Oodle OodleTex_BC1_WithTransparency) lambda=0 effort=20 
[2025.04.21-14.24.53:859][ 39]LogTextureFormatOodle: Display: non-RDO encode 2048 x 2048 x 1 to format OODLE_AutoDXT (Oodle OodleTex_BC1_WithTransparency) lambda=0 effort=20 
[2025.04.21-14.24.53:859][ 39]LogTextureFormatOodle: Display: non-RDO encode 1024 x 1024 x 1 to format OODLE_BC5 (Oodle OodleTex_BC5U) lambda=0 effort=20 
[2025.04.21-14.24.53:859][ 39]LogTextureFormatOodle: Display: non-RDO encode 1024 x 1024 x 1 to format OODLE_AutoDXT (Oodle OodleTex_BC1_WithTransparency) lambda=0 effort=20 
[2025.04.21-14.24.53:859][ 39]LogTextureFormatOodle: Display: non-RDO encode 1024 x 1024 x 1 to format OODLE_AutoDXT (Oodle OodleTex_BC1_WithTransparency) lambda=0 effort=20 
[2025.04.21-14.24.53:859][ 39]LogTextureFormatOodle: Display: non-RDO encode 1024 x 1024 x 1 to format OODLE_AutoDXT (Oodle OodleTex_BC1_WithTransparency) lambda=0 effort=20 
[2025.04.21-14.24.53:859][ 39]LogTextureFormatOodle: Display: non-RDO encode 1024 x 1024 x 1 to format OODLE_BC5 (Oodle OodleTex_BC5U) lambda=0 effort=20 
[2025.04.21-14.24.53:859][ 39]LogTextureFormatOodle: Display: non-RDO encode 1024 x 1024 x 1 to format OODLE_BC5 (Oodle OodleTex_BC5U) lambda=0 effort=20 
[2025.04.21-14.24.53:859][ 39]LogTextureFormatOodle: Display: non-RDO encode 1024 x 1024 x 1 to format OODLE_BC5 (Oodle OodleTex_BC5U) lambda=0 effort=20 
[2025.04.21-14.24.53:859][ 39]LogTextureFormatOodle: Display: non-RDO encode 1024 x 1024 x 1 to format OODLE_AutoDXT (Oodle OodleTex_BC1_WithTransparency) lambda=0 effort=20 
[2025.04.21-14.24.53:859][ 39]LogTextureFormatOodle: Display: non-RDO encode 1024 x 1024 x 1 to format OODLE_AutoDXT (Oodle OodleTex_BC1_WithTransparency) lambda=0 effort=20 
[2025.04.21-14.24.53:859][ 39]LogTextureFormatOodle: Display: non-RDO encode 1024 x 1024 x 1 to format OODLE_AutoDXT (Oodle OodleTex_BC1_WithTransparency) lambda=0 effort=20 
[2025.04.21-14.24.53:859][ 39]LogTextureFormatOodle: Display: non-RDO encode 1024 x 1024 x 1 to format OODLE_AutoDXT (Oodle OodleTex_BC1_WithTransparency) lambda=0 effort=20 
[2025.04.21-14.24.53:859][ 39]LogTexture: Display: Building textures: LQ_Lightmap_1_3 (OODLE_DXT1, 1024X1024)
[2025.04.21-14.24.53:859][ 39]LogTexture: Display: Building textures: LQ_Lightmap_1_1 (OODLE_DXT1, 1024X1024)
[2025.04.21-14.24.53:859][ 39]LogTexture: Display: Building textures: ShadowMapTexture2D_0 (BGRA8, 1024X1024)
[2025.04.21-14.24.53:859][ 39]LogTexture: Display: Building textures: LQ_Lightmap_1_2 (OODLE_DXT1, 1024X1024)
[2025.04.21-14.24.53:859][ 39]LogTextureFormatOodle: Display: non-RDO encode 1024 x 1024 x 1 to format OODLE_DXT1 (Oodle OodleTex_BC1_WithTransparency) lambda=0 effort=20 
[2025.04.21-14.24.53:859][ 39]LogTextureFormatOodle: Display: non-RDO encode 1024 x 1024 x 1 to format OODLE_DXT1 (Oodle OodleTex_BC1_WithTransparency) lambda=0 effort=20 
[2025.04.21-14.24.53:859][ 39]LogTextureFormatOodle: Display: non-RDO encode 1024 x 1024 x 1 to format OODLE_DXT1 (Oodle OodleTex_BC1_WithTransparency) lambda=0 effort=20 
[2025.04.21-14.24.53:859][ 39]LogTexture: Display: Building textures: ShadowMapTexture2D_1 (BGRA8, 1024X256)
[2025.04.21-14.24.53:859][ 39]LogMaterial: Display: Missing cached shadermap for FloorT in PCD3D_SM5, Default, SM5 (DDC key hash: 08CB56AC0F1CAF6FD8F336B2541FACD24B22B675), compiling. 
[2025.04.21-14.24.53:931][ 39]LogShaderCompilers: Display: Submitted 25 shader compile jobs with 'Low' priority
[2025.04.21-14.24.53:932][ 39]LogStaticMesh: Building static mesh ModularBuildingKit12-FixedAll_Floor-TJunction...
[2025.04.21-14.24.53:934][ 39]LogStaticMesh: Built static mesh [0.00s] /Game/CustomAssets/Meshes/ModularBuildingKit12-FixedAll_Floor-TJunction.ModularBuildingKit12-FixedAll_Floor-TJunction
[2025.04.21-14.24.53:945][ 39]LogMaterial: Display: Missing cached shadermap for FloorEnd in PCD3D_SM5, Default, SM5 (DDC key hash: CE2C77EDCEFCEC0D08658A495CB1C2D7F0F87A82), compiling. 
[2025.04.21-14.24.53:963][ 39]LogShaderCompilers: Display: Submitted 25 shader compile jobs with 'Low' priority
[2025.04.21-14.24.53:966][ 39]LogMaterial: Display: Missing cached shadermap for WallTopFill in PCD3D_SM5, Default, SM5 (DDC key hash: E0E3574E0A10FA3EF4AFD78D981124347F6270CF), compiling. 
[2025.04.21-14.24.53:993][ 39]LogShaderCompilers: Display: Submitted 25 shader compile jobs with 'Low' priority
[2025.04.21-14.24.53:996][ 39]LogStaticMesh: Building static mesh ModularBuildingKit13_WallTopFiller...
[2025.04.21-14.24.53:997][ 39]LogStaticMesh: Built static mesh [0.00s] /Game/CustomAssets/Meshes/ModularBuildingKit13_WallTopFiller.ModularBuildingKit13_WallTopFiller
[2025.04.21-14.24.53:999][ 39]LogShaderCompilers: Display: Worker (6/21): shaders left to compile 79
[2025.04.21-14.24.53:999][ 39]LogShaderCompilers: Display: Worker (13/21): shaders left to compile 75
[2025.04.21-14.24.53:999][ 39]LogShaderCompilers: Display: Started 8 'Local' shader compile jobs with 'Normal' priority
[2025.04.21-14.24.53:999][ 39]LogStaticMesh: Building static mesh ModularBuildingKit13_Laser...
[2025.04.21-14.24.54:001][ 39]LogStaticMesh: Built static mesh [0.00s] /Game/CustomAssets/Meshes/ModularBuildingKit13_Laser.ModularBuildingKit13_Laser
[2025.04.21-14.24.54:004][ 39]LogStaticMesh: Building static mesh ModularBuildingKit12-FixedAll_Floor-End...
[2025.04.21-14.24.54:008][ 39]LogStaticMesh: Built static mesh [0.00s] /Game/CustomAssets/Meshes/ModularBuildingKit12-FixedAll_Floor-End.ModularBuildingKit12-FixedAll_Floor-End
[2025.04.21-14.24.54:014][ 39]LogAudioDerivedData: Display: Building compressed audio format OGG hash OGG10000-1-1-1-1-1 wave TutorialMusic...
[2025.04.21-14.24.54:178][ 39]LogShaderCompilers: Display: Worker (7/21): shaders left to compile 71
[2025.04.21-14.24.54:178][ 39]LogShaderCompilers: Display: Started 4 'Local' shader compile jobs with 'Normal' priority
[2025.04.21-14.24.54:178][ 39]LogAudioDerivedData: Display: Compression Quality for SoundWave /Game/Music/TutorialMusic.TutorialMusic will be modified from 40 to 40.
[2025.04.21-14.24.57:292][ 39]LogShaderCompilers: Display: Worker (15/21): shaders left to compile 67
[2025.04.21-14.24.57:292][ 39]LogShaderCompilers: Display: Started 4 'Local' shader compile jobs with 'Normal' priority
[2025.04.21-14.24.57:292][ 39]LogShaderCompilers: Display: Worker (1/21): shaders left to compile 63
[2025.04.21-14.24.57:292][ 39]LogShaderCompilers: Display: Started 4 'Local' shader compile jobs with 'Normal' priority
[2025.04.21-14.24.57:292][ 39]LogShaderCompilers: Display: Worker (8/21): shaders left to compile 59
[2025.04.21-14.24.57:292][ 39]LogShaderCompilers: Display: Started 3 'Local' shader compile jobs with 'Normal' priority
[2025.04.21-14.24.57:292][ 39]LogShaderCompilers: Display: Worker (2/21): shaders left to compile 56
[2025.04.21-14.24.57:293][ 39]LogShaderCompilers: Display: Started 3 'Local' shader compile jobs with 'Normal' priority
[2025.04.21-14.24.57:293][ 39]LogShaderCompilers: Display: Worker (14/21): shaders left to compile 53
[2025.04.21-14.24.57:293][ 39]LogShaderCompilers: Display: Started 3 'Local' shader compile jobs with 'Normal' priority
[2025.04.21-14.24.57:293][ 39]LogShaderCompilers: Display: Worker (11/21): shaders left to compile 50
[2025.04.21-14.24.57:293][ 39]LogShaderCompilers: Display: Started 3 'Local' shader compile jobs with 'Normal' priority
[2025.04.21-14.24.57:293][ 39]LogShaderCompilers: Display: Worker (4/21): shaders left to compile 47
[2025.04.21-14.24.57:293][ 39]LogShaderCompilers: Display: Started 3 'Local' shader compile jobs with 'Normal' priority
[2025.04.21-14.24.57:293][ 39]LogAudioDerivedData: Display: Updated SoundWave->RawPCMDataSize from 0 to 63092924 while cooking SoundWave /Game/Music/TutorialMusic.TutorialMusic.
[2025.04.21-14.24.57:317][ 39]LogMaterial: Display: Missing cached shadermap for Door2 in PCD3D_SM5, Default, SM5 (DDC key hash: 3DAB8D582D7C93D383873C1627EBF80CE6ED420A), compiling. 
[2025.04.21-14.24.57:329][ 39]LogShaderCompilers: Display: Submitted 25 shader compile jobs with 'Low' priority
[2025.04.21-14.24.57:329][ 39]LogStaticMesh: Building static mesh ModularBuildingKit13_Doorway2...
[2025.04.21-14.24.57:354][ 39]LogStaticMesh: Built static mesh [0.03s] /Game/CustomAssets/Meshes/ModularBuildingKit13_Doorway2.ModularBuildingKit13_Doorway2
[2025.04.21-14.24.57:359][ 39]LogMaterial: Display: Missing cached shadermap for Railing in PCD3D_SM5, Default, SM5 (DDC key hash: 4C48748A65CBAE627EE641409B00253308318484), compiling. 
[2025.04.21-14.24.57:372][ 39]LogShaderCompilers: Display: Submitted 25 shader compile jobs with 'Low' priority
[2025.04.21-14.24.57:374][ 39]LogStaticMesh: Building static mesh ModularBuildingKit12-FixedAll_Railing...
[2025.04.21-14.24.57:378][ 39]LogStaticMesh: Built static mesh [0.00s] /Game/CustomAssets/Meshes/ModularBuildingKit12-FixedAll_Railing.ModularBuildingKit12-FixedAll_Railing
[2025.04.21-14.24.57:382][ 39]LogMaterial: Display: Missing cached shadermap for YellowLights in PCD3D_SM5, Default, SM5 (DDC key hash: 9C160292531A115D44F26E1D1D803F515D9DD330), compiling. 
[2025.04.21-14.24.57:391][ 39]LogShaderCompilers: Display: Submitted 16 shader compile jobs with 'Low' priority
[2025.04.21-14.24.57:398][ 39]LogStaticMesh: Building static mesh GreenBridge_StaticMesh...
[2025.04.21-14.24.57:400][ 39]LogStaticMesh: Built static mesh [0.00s] /Game/CustomAssets/Meshes/GreenBridge_StaticMesh.GreenBridge_StaticMesh
[2025.04.21-14.24.57:401][ 39]LogStaticMesh: Building static mesh ModularBuildingKit12-FixedAll_Doorway_Tunnel...
[2025.04.21-14.24.57:407][ 39]LogStaticMesh: Built static mesh [0.01s] /Game/CustomAssets/Meshes/ModularBuildingKit12-FixedAll_Doorway_Tunnel.ModularBuildingKit12-FixedAll_Doorway_Tunnel
[2025.04.21-14.24.57:409][ 39]LogStaticMesh: Building static mesh ModularBuildingKit12-FixedAll_Floor-Corner...
[2025.04.21-14.24.57:412][ 39]LogStaticMesh: Built static mesh [0.00s] /Game/CustomAssets/Meshes/ModularBuildingKit12-FixedAll_Floor-Corner.ModularBuildingKit12-FixedAll_Floor-Corner
[2025.04.21-14.24.57:417][ 39]LogMaterial: Display: Missing cached shadermap for FloorCorner in PCD3D_SM5, Default, SM5 (DDC key hash: 2FF0E492617D1927217FEF00285B30A5B848D1FB), compiling. 
[2025.04.21-14.24.57:433][ 39]LogShaderCompilers: Display: Submitted 25 shader compile jobs with 'Low' priority
[2025.04.21-14.24.57:442][ 39]LogMaterial: Display: Missing cached shadermap for DoorTunnel in PCD3D_SM5, Default, SM5 (DDC key hash: 9C94426F902B81506C30F963A53D8083CB2882AE), compiling. 
[2025.04.21-14.24.57:455][ 39]LogShaderCompilers: Display: Submitted 25 shader compile jobs with 'Low' priority
[2025.04.21-14.24.57:468][ 39]LogAudio: Display: Audio Device (ID: 2) registered with world 'Tutorial'.
[2025.04.21-14.24.57:470][ 39]LogAIModule: Creating AISystem for world Tutorial
[2025.04.21-14.24.57:493][ 39]LogLoad: Game class is 'ThirdPersonGameMode_C'
[2025.04.21-14.24.57:564][ 39]LogWorld: Bringing World /Game/GameMaps/UEDPIE_0_Tutorial.Tutorial up for play (max tick rate 0) at 2025.04.21-17.24.57
[2025.04.21-14.24.57:581][ 39]LogWorld: Bringing up level for play took: 0.042587
[2025.04.21-14.24.57:623][ 39]LogLoad: Took 6.068743 seconds to LoadMap(/Game/GameMaps/Tutorial)
[2025.04.21-14.25.00:243][155]LogShaderCompilers: Display: Worker (14/21): shaders left to compile 16
[2025.04.21-14.25.00:243][155]LogShaderCompilers: Display: Started 1 'Local' shader compile jobs with 'ForceLocal' priority
[2025.04.21-14.25.00:243][155]LogShaderCompilers: Display: Worker (13/21): shaders left to compile 15
[2025.04.21-14.25.00:243][155]LogShaderCompilers: Display: Started 1 'Local' shader compile jobs with 'ForceLocal' priority
[2025.04.21-14.25.00:861][187]LogShaderCompilers: Display: Worker (7/21): shaders left to compile 14
[2025.04.21-14.25.00:861][187]LogShaderCompilers: Display: Started 1 'Local' shader compile jobs with 'ForceLocal' priority
[2025.04.21-14.25.01:180][202]LogShaderCompilers: Display: Worker (1/21): shaders left to compile 13
[2025.04.21-14.25.01:181][202]LogShaderCompilers: Display: Started 1 'Local' shader compile jobs with 'ForceLocal' priority
[2025.04.21-14.25.01:225][203]LogShaderCompilers: Display: Worker (2/21): shaders left to compile 12
[2025.04.21-14.25.01:225][203]LogShaderCompilers: Display: Started 1 'Local' shader compile jobs with 'ForceLocal' priority
[2025.04.21-14.25.01:415][213]LogShaderCompilers: Display: Worker (20/21): shaders left to compile 11
[2025.04.21-14.25.01:415][213]LogShaderCompilers: Display: Started 1 'Local' shader compile jobs with 'ForceLocal' priority
[2025.04.21-14.25.01:692][228]LogShaderCompilers: Display: Worker (8/21): shaders left to compile 10
[2025.04.21-14.25.01:692][228]LogShaderCompilers: Display: Started 1 'Local' shader compile jobs with 'ForceLocal' priority
[2025.04.21-14.25.01:880][236]LogShaderCompilers: Display: Worker (11/21): shaders left to compile 9
[2025.04.21-14.25.01:880][236]LogShaderCompilers: Display: Started 1 'Local' shader compile jobs with 'ForceLocal' priority
[2025.04.21-14.25.02:230][248]LogShaderCompilers: Display: Worker (6/21): shaders left to compile 8
[2025.04.21-14.25.02:231][248]LogShaderCompilers: Display: Worker (15/21): shaders left to compile 7
[2025.04.21-14.25.02:231][248]LogShaderCompilers: Display: Started 2 'Local' shader compile jobs with 'ForceLocal' priority
[2025.04.21-14.25.02:586][264]LogShaderCompilers: Display: Worker (13/21): shaders left to compile 6
[2025.04.21-14.25.02:586][264]LogShaderCompilers: Display: Started 1 'Local' shader compile jobs with 'ForceLocal' priority
[2025.04.21-14.25.02:748][271]LogShaderCompilers: Display: Worker (4/21): shaders left to compile 5
[2025.04.21-14.25.02:748][271]LogShaderCompilers: Display: Worker (10/21): shaders left to compile 4
[2025.04.21-14.25.02:748][271]LogShaderCompilers: Display: Started 2 'Local' shader compile jobs with 'ForceLocal' priority
[2025.04.21-14.25.03:038][284]LogShaderCompilers: Display: Worker (14/21): shaders left to compile 3
[2025.04.21-14.25.03:038][284]LogShaderCompilers: Display: Started 1 'Local' shader compile jobs with 'ForceLocal' priority
[2025.04.21-14.25.03:057][285]LogShaderCompilers: Display: Worker (17/21): shaders left to compile 2
[2025.04.21-14.25.03:057][285]LogShaderCompilers: Display: Started 1 'Local' shader compile jobs with 'ForceLocal' priority
[2025.04.21-14.25.03:411][304]LogShaderCompilers: Display: Worker (1/21): shaders left to compile 1
[2025.04.21-14.25.03:411][304]LogShaderCompilers: Display: Started 1 'Local' shader compile jobs with 'ForceLocal' priority
[2025.04.21-14.25.03:534][310]LogShaderCompilers: Display: Worker (20/21): shaders left to compile 219
[2025.04.21-14.25.03:535][310]LogShaderCompilers: Display: Started 10 'Local' shader compile jobs with 'Normal' priority
[2025.04.21-14.25.03:681][317]LogShaderCompilers: Display: Worker (12/21): shaders left to compile 209
[2025.04.21-14.25.03:682][317]LogShaderCompilers: Display: Started 10 'Local' shader compile jobs with 'Normal' priority
[2025.04.21-14.25.03:682][317]LogShaderCompilers: Display: Worker (7/21): shaders left to compile 199
[2025.04.21-14.25.03:682][317]LogShaderCompilers: Display: Started 10 'Local' shader compile jobs with 'Normal' priority
[2025.04.21-14.25.04:071][333]LogShaderCompilers: Display: Worker (5/21): shaders left to compile 189
[2025.04.21-14.25.04:071][333]LogShaderCompilers: Display: Worker (11/21): shaders left to compile 179
[2025.04.21-14.25.04:071][333]LogShaderCompilers: Display: Started 20 'Local' shader compile jobs with 'Normal' priority
[2025.04.21-14.25.04:122][334]LogShaderCompilers: Display: Worker (2/21): shaders left to compile 169
[2025.04.21-14.25.04:122][334]LogShaderCompilers: Display: Started 9 'Local' shader compile jobs with 'Normal' priority
[2025.04.21-14.25.04:125][334]LogShaderCompilers: Display: Worker (16/21): shaders left to compile 160
[2025.04.21-14.25.04:125][334]LogShaderCompilers: Display: Started 9 'Local' shader compile jobs with 'Normal' priority
[2025.04.21-14.25.04:271][338]LogShaderCompilers: Display: Worker (18/21): shaders left to compile 151
[2025.04.21-14.25.04:271][338]LogShaderCompilers: Display: Started 8 'Local' shader compile jobs with 'Normal' priority
[2025.04.21-14.25.04:327][339]LogShaderCompilers: Display: Worker (15/21): shaders left to compile 143
[2025.04.21-14.25.04:327][339]LogShaderCompilers: Display: Started 8 'Local' shader compile jobs with 'Normal' priority
[2025.04.21-14.25.04:451][344]LogShaderCompilers: Display: Worker (8/21): shaders left to compile 135
[2025.04.21-14.25.04:451][344]LogShaderCompilers: Display: Started 7 'Local' shader compile jobs with 'Normal' priority
[2025.04.21-14.25.04:536][347]LogShaderCompilers: Display: Worker (9/21): shaders left to compile 128
[2025.04.21-14.25.04:536][347]LogShaderCompilers: Display: Started 7 'Local' shader compile jobs with 'Normal' priority
[2025.04.21-14.25.04:571][348]LogShaderCompilers: Display: Worker (4/21): shaders left to compile 121
[2025.04.21-14.25.04:571][348]LogShaderCompilers: Display: Started 7 'Local' shader compile jobs with 'Normal' priority
[2025.04.21-14.25.05:076][373]LogShaderCompilers: Display: Worker (13/21): shaders left to compile 114
[2025.04.21-14.25.05:076][373]LogShaderCompilers: Display: Started 6 'Local' shader compile jobs with 'Normal' priority
[2025.04.21-14.25.05:137][375]LogShaderCompilers: Display: Worker (6/21): shaders left to compile 108
[2025.04.21-14.25.05:137][375]LogShaderCompilers: Display: Started 6 'Local' shader compile jobs with 'Normal' priority
[2025.04.21-14.25.05:249][380]LogShaderCompilers: Display: Worker (14/21): shaders left to compile 102
[2025.04.21-14.25.05:249][380]LogShaderCompilers: Display: Started 6 'Local' shader compile jobs with 'Normal' priority
[2025.04.21-14.25.05:545][400]LogShaderCompilers: Display: Worker (10/21): shaders left to compile 96
[2025.04.21-14.25.05:545][400]LogShaderCompilers: Display: Started 5 'Local' shader compile jobs with 'Normal' priority
[2025.04.21-14.25.05:579][401]LogShaderCompilers: Display: Worker (1/21): shaders left to compile 91
[2025.04.21-14.25.05:579][401]LogShaderCompilers: Display: Started 5 'Local' shader compile jobs with 'Normal' priority
[2025.04.21-14.25.05:992][424]LogShaderCompilers: Display: Worker (17/21): shaders left to compile 86
[2025.04.21-14.25.05:992][424]LogShaderCompilers: Display: Worker (19/21): shaders left to compile 81
[2025.04.21-14.25.05:992][424]LogShaderCompilers: Display: Started 10 'Local' shader compile jobs with 'Normal' priority
[2025.04.21-14.25.06:342][439]LogShaderCompilers: Display: Worker (3/21): shaders left to compile 76
[2025.04.21-14.25.06:342][439]LogShaderCompilers: Display: Started 4 'Local' shader compile jobs with 'Normal' priority
[2025.04.21-14.25.13:065][801]LogShaderCompilers: Display: Worker (3/21): shaders left to compile 72
[2025.04.21-14.25.13:065][801]LogShaderCompilers: Display: Started 4 'Local' shader compile jobs with 'Normal' priority
[2025.04.21-14.25.15:425][917]LogShaderCompilers: Display: Worker (19/21): shaders left to compile 68
[2025.04.21-14.25.15:425][917]LogShaderCompilers: Display: Started 4 'Local' shader compile jobs with 'Normal' priority
[2025.04.21-14.25.15:676][929]LogShaderCompilers: Display: Worker (10/21): shaders left to compile 64
[2025.04.21-14.25.15:676][929]LogShaderCompilers: Display: Started 4 'Local' shader compile jobs with 'Normal' priority
[2025.04.21-14.25.15:678][929]LogShaderCompilers: Display: Worker (1/21): shaders left to compile 60
[2025.04.21-14.25.15:678][929]LogShaderCompilers: Display: Started 4 'Local' shader compile jobs with 'Normal' priority
[2025.04.21-14.25.16:109][948]LogShaderCompilers: Display: Worker (17/21): shaders left to compile 56
[2025.04.21-14.25.16:109][948]LogShaderCompilers: Display: Started 3 'Local' shader compile jobs with 'Normal' priority
[2025.04.21-14.25.16:709][979]LogShaderCompilers: Display: Worker (14/21): shaders left to compile 53
[2025.04.21-14.25.16:709][979]LogShaderCompilers: Display: Started 3 'Local' shader compile jobs with 'Normal' priority
[2025.04.21-14.25.16:963][992]LogShaderCompilers: Display: Worker (4/21): shaders left to compile 50
[2025.04.21-14.25.16:963][992]LogShaderCompilers: Display: Started 3 'Local' shader compile jobs with 'Normal' priority
[2025.04.21-14.25.17:407][ 16]LogShaderCompilers: Display: Worker (13/21): shaders left to compile 47
[2025.04.21-14.25.17:407][ 16]LogShaderCompilers: Display: Started 3 'Local' shader compile jobs with 'Normal' priority
[2025.04.21-14.25.18:823][ 88]LogShaderCompilers: Display: Worker (6/21): shaders left to compile 44
[2025.04.21-14.25.18:823][ 88]LogShaderCompilers: Display: Started 3 'Local' shader compile jobs with 'Normal' priority
[2025.04.21-14.25.19:409][111]LogShaderCompilers: Display: Worker (15/21): shaders left to compile 41
[2025.04.21-14.25.19:409][111]LogShaderCompilers: Display: Started 3 'Local' shader compile jobs with 'Normal' priority
[2025.04.21-14.25.19:525][115]LogShaderCompilers: Display: Worker (9/21): shaders left to compile 38
[2025.04.21-14.25.19:525][115]LogShaderCompilers: Display: Started 2 'Local' shader compile jobs with 'Normal' priority
[2025.04.21-14.25.19:537][115]LogShaderCompilers: Display: Worker (8/21): shaders left to compile 36
[2025.04.21-14.25.19:537][115]LogShaderCompilers: Display: Started 2 'Local' shader compile jobs with 'Normal' priority
[2025.04.21-14.25.21:039][193]LogShaderCompilers: Display: Worker (16/21): shaders left to compile 34
[2025.04.21-14.25.21:040][193]LogShaderCompilers: Display: Started 2 'Local' shader compile jobs with 'Normal' priority
[2025.04.21-14.25.21:171][201]LogShaderCompilers: Display: Worker (2/21): shaders left to compile 32
[2025.04.21-14.25.21:171][201]LogShaderCompilers: Display: Started 2 'Local' shader compile jobs with 'Normal' priority
[2025.04.21-14.25.21:224][203]LogShaderCompilers: Display: Worker (18/21): shaders left to compile 30
[2025.04.21-14.25.21:224][203]LogShaderCompilers: Display: Started 2 'Local' shader compile jobs with 'Normal' priority
[2025.04.21-14.25.21:553][221]LogShaderCompilers: Display: Worker (3/21): shaders left to compile 28
[2025.04.21-14.25.21:553][221]LogShaderCompilers: Display: Started 2 'Local' shader compile jobs with 'Normal' priority
[2025.04.21-14.25.21:960][240]LogShaderCompilers: Display: Worker (7/21): shaders left to compile 26
[2025.04.21-14.25.21:960][240]LogShaderCompilers: Display: Started 2 'Local' shader compile jobs with 'Normal' priority
[2025.04.21-14.25.22:592][268]LogShaderCompilers: Display: Worker (20/21): shaders left to compile 24
[2025.04.21-14.25.22:592][268]LogShaderCompilers: Display: Started 2 'Local' shader compile jobs with 'Normal' priority
[2025.04.21-14.25.22:765][276]LogShaderCompilers: Display: Worker (8/21): shaders left to compile 22
[2025.04.21-14.25.22:766][276]LogShaderCompilers: Display: Worker (19/21): shaders left to compile 20
[2025.04.21-14.25.22:766][276]LogShaderCompilers: Display: Started 4 'Local' shader compile jobs with 'Normal' priority
[2025.04.21-14.25.22:812][277]LogShaderCompilers: Display: Worker (17/21): shaders left to compile 18
[2025.04.21-14.25.22:812][277]LogShaderCompilers: Display: Started 1 'Local' shader compile jobs with 'Normal' priority
[2025.04.21-14.25.23:150][292]LogShaderCompilers: Display: Worker (1/21): shaders left to compile 17
[2025.04.21-14.25.23:150][292]LogShaderCompilers: Display: Started 1 'Local' shader compile jobs with 'Normal' priority
[2025.04.21-14.25.23:476][307]LogShaderCompilers: Display: Worker (13/21): shaders left to compile 16
[2025.04.21-14.25.23:476][307]LogShaderCompilers: Display: Started 1 'Local' shader compile jobs with 'Normal' priority
[2025.04.21-14.25.23:629][316]LogShaderCompilers: Display: Worker (17/21): shaders left to compile 15
[2025.04.21-14.25.23:629][316]LogShaderCompilers: Display: Started 1 'Local' shader compile jobs with 'Normal' priority
[2025.04.21-14.25.23:836][327]LogShaderCompilers: Display: Worker (4/21): shaders left to compile 14
[2025.04.21-14.25.23:836][327]LogShaderCompilers: Display: Worker (15/21): shaders left to compile 13
[2025.04.21-14.25.23:836][327]LogShaderCompilers: Display: Started 2 'Local' shader compile jobs with 'Normal' priority
[2025.04.21-14.25.23:886][328]LogShaderCompilers: Display: Worker (9/21): shaders left to compile 12
[2025.04.21-14.25.23:886][328]LogShaderCompilers: Display: Started 1 'Local' shader compile jobs with 'Normal' priority
[2025.04.21-14.25.23:939][329]LogShaderCompilers: Display: Worker (14/21): shaders left to compile 11
[2025.04.21-14.25.23:939][329]LogShaderCompilers: Display: Started 1 'Local' shader compile jobs with 'Normal' priority
[2025.04.21-14.25.24:323][343]LogShaderCompilers: Display: Worker (11/21): shaders left to compile 10
[2025.04.21-14.25.24:324][343]LogShaderCompilers: Display: Started 1 'Local' shader compile jobs with 'Normal' priority
[2025.04.21-14.25.24:908][374]LogShaderCompilers: Display: Worker (9/21): shaders left to compile 9
[2025.04.21-14.25.24:909][374]LogShaderCompilers: Display: Started 1 'Local' shader compile jobs with 'Normal' priority
[2025.04.21-14.25.25:092][383]LogShaderCompilers: Display: Worker (12/21): shaders left to compile 8
[2025.04.21-14.25.25:093][383]LogShaderCompilers: Display: Started 1 'Local' shader compile jobs with 'Normal' priority
[2025.04.21-14.25.25:093][383]LogShaderCompilers: Display: Worker (1/21): shaders left to compile 7
[2025.04.21-14.25.25:093][383]LogShaderCompilers: Display: Started 1 'Local' shader compile jobs with 'Normal' priority
[2025.04.21-14.25.25:317][397]LogShaderCompilers: Display: Worker (16/21): shaders left to compile 6
[2025.04.21-14.25.25:317][397]LogShaderCompilers: Display: Started 1 'Local' shader compile jobs with 'Normal' priority
[2025.04.21-14.25.25:560][411]LogShaderCompilers: Display: Worker (7/21): shaders left to compile 5
[2025.04.21-14.25.25:560][411]LogShaderCompilers: Display: Started 1 'Local' shader compile jobs with 'Normal' priority
[2025.04.21-14.25.25:669][417]LogShaderCompilers: Display: Worker (3/21): shaders left to compile 4
[2025.04.21-14.25.25:669][417]LogShaderCompilers: Display: Worker (5/21): shaders left to compile 3
[2025.04.21-14.25.25:669][417]LogShaderCompilers: Display: Worker (17/21): shaders left to compile 2
[2025.04.21-14.25.25:669][417]LogShaderCompilers: Display: Started 3 'Local' shader compile jobs with 'Normal' priority
[2025.04.21-14.25.25:894][427]LogShaderCompilers: Display: Worker (6/21): shaders left to compile 1
[2025.04.21-14.25.25:894][427]LogShaderCompilers: Display: Started 1 'Local' shader compile jobs with 'Normal' priority
[2025.04.21-14.25.25:937][428]LogShaderCompilers: Display: Worker (13/21): shaders left to compile 144
[2025.04.21-14.25.25:938][428]LogShaderCompilers: Display: Started 8 'Local' shader compile jobs with 'Low' priority
[2025.04.21-14.25.25:938][428]LogShaderCompilers: Display: Worker (10/21): shaders left to compile 136
[2025.04.21-14.25.25:938][428]LogShaderCompilers: Display: Started 7 'Local' shader compile jobs with 'Low' priority
[2025.04.21-14.25.26:167][436]LogShaderCompilers: Display: Worker (11/21): shaders left to compile 129
[2025.04.21-14.25.26:167][436]LogShaderCompilers: Display: Started 7 'Local' shader compile jobs with 'Low' priority
[2025.04.21-14.25.26:284][441]LogShaderCompilers: Display: Worker (18/21): shaders left to compile 122
[2025.04.21-14.25.26:284][441]LogShaderCompilers: Display: Started 7 'Local' shader compile jobs with 'Low' priority
[2025.04.21-14.25.26:307][441]LogShaderCompilers: Display: Worker (15/21): shaders left to compile 115
[2025.04.21-14.25.26:307][441]LogShaderCompilers: Display: Started 6 'Local' shader compile jobs with 'Low' priority
[2025.04.21-14.25.26:312][441]LogShaderCompilers: Display: Worker (2/21): shaders left to compile 109
[2025.04.21-14.25.26:312][441]LogShaderCompilers: Display: Worker (4/21): shaders left to compile 103
[2025.04.21-14.25.26:312][441]LogShaderCompilers: Display: Started 12 'Local' shader compile jobs with 'Low' priority
[2025.04.21-14.25.26:451][447]LogShaderCompilers: Display: Worker (14/21): shaders left to compile 97
[2025.04.21-14.25.26:451][447]LogShaderCompilers: Display: Started 5 'Local' shader compile jobs with 'Low' priority
[2025.04.21-14.25.26:581][453]LogShaderCompilers: Display: Worker (20/21): shaders left to compile 92
[2025.04.21-14.25.26:581][453]LogShaderCompilers: Display: Started 5 'Local' shader compile jobs with 'Low' priority
[2025.04.21-14.25.26:785][462]LogShaderCompilers: Display: Worker (8/21): shaders left to compile 87
[2025.04.21-14.25.26:785][462]LogShaderCompilers: Display: Started 5 'Local' shader compile jobs with 'Low' priority
[2025.04.21-14.25.26:831][463]LogShaderCompilers: Display: Worker (19/21): shaders left to compile 82
[2025.04.21-14.25.26:831][463]LogShaderCompilers: Display: Started 5 'Local' shader compile jobs with 'Low' priority
[2025.04.21-14.25.26:856][464]LogShaderCompilers: Display: Worker (17/21): shaders left to compile 77
[2025.04.21-14.25.26:856][464]LogShaderCompilers: Display: Started 4 'Local' shader compile jobs with 'Low' priority
[2025.04.21-14.25.27:388][492]LogShaderCompilers: Display: Worker (1/21): shaders left to compile 73
[2025.04.21-14.25.27:388][492]LogShaderCompilers: Display: Worker (7/21): shaders left to compile 69
[2025.04.21-14.25.27:388][492]LogShaderCompilers: Display: Started 8 'Local' shader compile jobs with 'Low' priority
[2025.04.21-14.25.27:507][498]LogShaderCompilers: Display: Worker (9/21): shaders left to compile 65
[2025.04.21-14.25.27:507][498]LogShaderCompilers: Display: Started 4 'Local' shader compile jobs with 'Low' priority
[2025.04.21-14.25.27:670][506]LogShaderCompilers: Display: Worker (12/21): shaders left to compile 61
[2025.04.21-14.25.27:670][506]LogShaderCompilers: Display: Started 4 'Local' shader compile jobs with 'Low' priority
[2025.04.21-14.25.28:016][525]LogShaderCompilers: Display: Worker (3/21): shaders left to compile 57
[2025.04.21-14.25.28:016][525]LogShaderCompilers: Display: Started 3 'Local' shader compile jobs with 'Low' priority
[2025.04.21-14.25.28:204][531]LogShaderCompilers: Display: Worker (16/21): shaders left to compile 54
[2025.04.21-14.25.28:206][531]LogShaderCompilers: Display: Started 3 'Local' shader compile jobs with 'Low' priority
[2025.04.21-14.25.28:209][531]LogShaderCompilers: Display: Worker (5/21): shaders left to compile 51
[2025.04.21-14.25.28:209][531]LogShaderCompilers: Display: Worker (6/21): shaders left to compile 48
[2025.04.21-14.25.28:209][531]LogShaderCompilers: Display: Started 6 'Local' shader compile jobs with 'Low' priority
[2025.04.21-14.25.30:158][646]LogShaderCompilers: Display: Worker (3/21): shaders left to compile 45
[2025.04.21-14.25.30:158][646]LogShaderCompilers: Display: Started 3 'Local' shader compile jobs with 'Low' priority
[2025.04.21-14.25.30:878][691]LogShaderCompilers: Display: Worker (14/21): shaders left to compile 42
[2025.04.21-14.25.30:878][691]LogShaderCompilers: Display: Started 3 'Local' shader compile jobs with 'Low' priority
[2025.04.21-14.25.31:078][698]LogShaderCompilers: Display: Worker (4/21): shaders left to compile 39
[2025.04.21-14.25.31:078][698]LogShaderCompilers: Display: Worker (20/21): shaders left to compile 37
[2025.04.21-14.25.31:078][698]LogShaderCompilers: Display: Started 4 'Local' shader compile jobs with 'Low' priority
[2025.04.21-14.25.31:078][698]LogShaderCompilers: Display: Worker (5/21): shaders left to compile 35
[2025.04.21-14.25.31:078][698]LogShaderCompilers: Display: Started 2 'Local' shader compile jobs with 'Low' priority
[2025.04.21-14.25.31:207][701]LogShaderCompilers: Display: Worker (19/21): shaders left to compile 33
[2025.04.21-14.25.31:207][701]LogShaderCompilers: Display: Started 2 'Local' shader compile jobs with 'Low' priority
[2025.04.21-14.25.31:552][717]LogShaderCompilers: Display: Worker (9/21): shaders left to compile 31
[2025.04.21-14.25.31:552][717]LogShaderCompilers: Display: Started 2 'Local' shader compile jobs with 'Low' priority
[2025.04.21-14.25.31:672][721]LogShaderCompilers: Display: Worker (8/21): shaders left to compile 29
[2025.04.21-14.25.31:672][721]LogShaderCompilers: Display: Started 2 'Local' shader compile jobs with 'Low' priority
[2025.04.21-14.25.32:324][756]LogShaderCompilers: Display: Worker (18/21): shaders left to compile 27
[2025.04.21-14.25.32:324][756]LogShaderCompilers: Display: Started 2 'Local' shader compile jobs with 'Low' priority
[2025.04.21-14.25.32:597][772]LogShaderCompilers: Display: Worker (2/21): shaders left to compile 25
[2025.04.21-14.25.32:597][772]LogShaderCompilers: Display: Started 2 'Local' shader compile jobs with 'Low' priority
[2025.04.21-14.25.32:877][788]LogShaderCompilers: Display: Worker (7/21): shaders left to compile 23
[2025.04.21-14.25.32:877][788]LogShaderCompilers: Display: Started 2 'Local' shader compile jobs with 'Low' priority
[2025.04.21-14.25.33:070][795]LogShaderCompilers: Display: Worker (4/21): shaders left to compile 21
[2025.04.21-14.25.33:070][795]LogShaderCompilers: Display: Started 2 'Local' shader compile jobs with 'Low' priority
[2025.04.21-14.25.33:203][799]LogShaderCompilers: Display: Worker (1/21): shaders left to compile 19
[2025.04.21-14.25.33:205][799]LogShaderCompilers: Display: Started 1 'Local' shader compile jobs with 'Low' priority
[2025.04.21-14.25.33:339][804]LogShaderCompilers: Display: Worker (13/21): shaders left to compile 18
[2025.04.21-14.25.33:339][804]LogShaderCompilers: Display: Worker (14/21): shaders left to compile 17
[2025.04.21-14.25.33:339][804]LogShaderCompilers: Display: Started 2 'Local' shader compile jobs with 'Low' priority
[2025.04.21-14.25.33:526][812]LogShaderCompilers: Display: Worker (6/21): shaders left to compile 16
[2025.04.21-14.25.33:526][812]LogShaderCompilers: Display: Started 1 'Local' shader compile jobs with 'Low' priority
[2025.04.21-14.25.33:526][812]LogShaderCompilers: Display: Worker (3/21): shaders left to compile 15
[2025.04.21-14.25.33:526][812]LogShaderCompilers: Display: Started 1 'Local' shader compile jobs with 'Low' priority
[2025.04.21-14.25.33:627][816]LogShaderCompilers: Display: Worker (8/21): shaders left to compile 14
[2025.04.21-14.25.33:627][816]LogShaderCompilers: Display: Worker (12/21): shaders left to compile 13
[2025.04.21-14.25.33:627][816]LogShaderCompilers: Display: Started 2 'Local' shader compile jobs with 'Low' priority
[2025.04.21-14.25.33:689][818]LogShaderCompilers: Display: Worker (4/21): shaders left to compile 12
[2025.04.21-14.25.33:689][818]LogShaderCompilers: Display: Started 1 'Local' shader compile jobs with 'Low' priority
[2025.04.21-14.25.33:816][824]LogShaderCompilers: Display: Worker (5/21): shaders left to compile 11
[2025.04.21-14.25.33:816][824]LogShaderCompilers: Display: Started 1 'Local' shader compile jobs with 'Low' priority
[2025.04.21-14.25.34:078][834]LogShaderCompilers: Display: Worker (1/21): shaders left to compile 10
[2025.04.21-14.25.34:078][834]LogShaderCompilers: Display: Worker (20/21): shaders left to compile 9
[2025.04.21-14.25.34:078][834]LogShaderCompilers: Display: Started 2 'Local' shader compile jobs with 'Low' priority
[2025.04.21-14.25.34:086][834]LogShaderCompilers: Display: Worker (13/21): shaders left to compile 8
[2025.04.21-14.25.34:086][834]LogShaderCompilers: Display: Started 1 'Local' shader compile jobs with 'Low' priority
[2025.04.21-14.25.34:321][843]LogShaderCompilers: Display: Worker (18/21): shaders left to compile 7
[2025.04.21-14.25.34:321][843]LogShaderCompilers: Display: Started 1 'Local' shader compile jobs with 'Low' priority
[2025.04.21-14.25.34:321][843]LogShaderCompilers: Display: Worker (3/21): shaders left to compile 6
[2025.04.21-14.25.34:322][843]LogShaderCompilers: Display: Started 1 'Local' shader compile jobs with 'Low' priority
[2025.04.21-14.25.34:365][844]LogShaderCompilers: Display: Worker (19/21): shaders left to compile 5
[2025.04.21-14.25.34:366][844]LogShaderCompilers: Display: Started 1 'Local' shader compile jobs with 'Low' priority
[2025.04.21-14.25.34:480][848]LogShaderCompilers: Display: Worker (12/21): shaders left to compile 4
[2025.04.21-14.25.34:482][848]LogShaderCompilers: Display: Started 1 'Local' shader compile jobs with 'Low' priority
[2025.04.21-14.25.34:484][848]LogShaderCompilers: Display: Worker (2/21): shaders left to compile 3
[2025.04.21-14.25.34:484][848]LogShaderCompilers: Display: Worker (8/21): shaders left to compile 2
[2025.04.21-14.25.34:484][848]LogShaderCompilers: Display: Worker (16/21): shaders left to compile 1
[2025.04.21-14.25.34:484][848]LogShaderCompilers: Display: Started 3 'Local' shader compile jobs with 'Low' priority
[2025.04.21-14.25.39:812][330]LogNet: Browse: /Game/GameMaps/PuzzleLevel
[2025.04.21-14.25.39:812][330]LogLoad: LoadMap: /Game/GameMaps/PuzzleLevel
[2025.04.21-14.25.39:812][330]LogWorld: BeginTearingDown for /Game/GameMaps/UEDPIE_0_Tutorial
[2025.04.21-14.25.39:814][330]LogWorld: UWorld::CleanupWorld for Tutorial, bSessionEnded=true, bCleanupResources=true
[2025.04.21-14.25.39:815][330]LogSlate: InvalidateAllWidgets triggered.  All widgets were invalidated
[2025.04.21-14.25.39:859][330]LogAudio: Display: Audio Device unregistered from world 'None'.
[2025.04.21-14.25.39:863][330]LogUObjectHash: Compacting FUObjectHashTables data took   0.70ms
[2025.04.21-14.25.39:885][330]LogBlueprint: Warning: [AssetLog] C:\Users\rthru\Desktop\Source files 4.27\Content\GameMaps\PuzzleLevel.umap: [Compiler] On Component Begin Overlap (BlueCollision)  does not have a valid matching component!
[2025.04.21-14.25.39:908][330]LogTexture: Display: Building textures: ShadowMapTexture2D_1 (G8, 1024X1024)
[2025.04.21-14.25.39:908][330]LogAudioDerivedData: Display: Building compressed audio format OGG hash OGG10000-1-1-1-1-1 wave LevelMusic...
[2025.04.21-14.25.40:075][330]LogTexture: Display: Building textures: HQ_Lightmap1_3 (OODLE_AutoDXT, 1024X1024)
[2025.04.21-14.25.40:075][330]LogTextureFormatOodle: Display: non-RDO encode 1024 x 1024 x 1 to format OODLE_AutoDXT (Oodle OodleTex_BC3) lambda=0 effort=20 
[2025.04.21-14.25.40:075][330]LogTexture: Display: Building textures: LQ_Lightmap_1_3 (OODLE_DXT1, 1024X1024)
[2025.04.21-14.25.40:075][330]LogTexture: Display: Building textures: LQ_Lightmap_1_6 (OODLE_DXT1, 1024X1024)
[2025.04.21-14.25.40:075][330]LogTexture: Display: Building textures: HQ_Lightmap1_6 (OODLE_AutoDXT, 1024X1024)
[2025.04.21-14.25.40:075][330]LogTexture: Display: Building textures: HQ_Lightmap1_2 (OODLE_AutoDXT, 1024X1024)
[2025.04.21-14.25.40:075][330]LogTexture: Display: Building textures: HQ_Lightmap1_5 (OODLE_AutoDXT, 1024X1024)
[2025.04.21-14.25.40:075][330]LogTexture: Display: Building textures: LQ_Lightmap_1_2 (OODLE_DXT1, 1024X1024)
[2025.04.21-14.25.40:075][330]LogTexture: Display: Building textures: LQ_Lightmap_1_1 (OODLE_DXT1, 1024X1024)
[2025.04.21-14.25.40:075][330]LogTexture: Display: Building textures: LQ_Lightmap_1_4 (OODLE_DXT1, 1024X1024)
[2025.04.21-14.25.40:075][330]LogTexture: Display: Building textures: LQ_Lightmap_1_5 (OODLE_DXT1, 1024X1024)
[2025.04.21-14.25.40:075][330]LogTextureFormatOodle: Display: non-RDO encode 1024 x 1024 x 1 to format OODLE_AutoDXT (Oodle OodleTex_BC3) lambda=0 effort=20 
[2025.04.21-14.25.40:075][330]LogTextureFormatOodle: Display: non-RDO encode 1024 x 1024 x 1 to format OODLE_AutoDXT (Oodle OodleTex_BC3) lambda=0 effort=20 
[2025.04.21-14.25.40:075][330]LogTextureFormatOodle: Display: non-RDO encode 1024 x 1024 x 1 to format OODLE_AutoDXT (Oodle OodleTex_BC3) lambda=0 effort=20 
[2025.04.21-14.25.40:075][330]LogTextureFormatOodle: Display: non-RDO encode 1024 x 1024 x 1 to format OODLE_DXT1 (Oodle OodleTex_BC1_WithTransparency) lambda=0 effort=20 
[2025.04.21-14.25.40:075][330]LogTexture: Display: Building textures: HQ_Lightmap1_4 (OODLE_AutoDXT, 1024X1024)
[2025.04.21-14.25.40:075][330]LogTexture: Display: Building textures: HQ_Lightmap1_1 (OODLE_AutoDXT, 1024X1024)
[2025.04.21-14.25.40:075][330]LogTextureFormatOodle: Display: non-RDO encode 1024 x 1024 x 1 to format OODLE_DXT1 (Oodle OodleTex_BC1_WithTransparency) lambda=0 effort=20 
[2025.04.21-14.25.40:075][330]LogTextureFormatOodle: Display: non-RDO encode 1024 x 1024 x 1 to format OODLE_DXT1 (Oodle OodleTex_BC1_WithTransparency) lambda=0 effort=20 
[2025.04.21-14.25.40:075][330]LogTextureFormatOodle: Display: non-RDO encode 1024 x 1024 x 1 to format OODLE_DXT1 (Oodle OodleTex_BC1_WithTransparency) lambda=0 effort=20 
[2025.04.21-14.25.40:075][330]LogTextureFormatOodle: Display: non-RDO encode 1024 x 1024 x 1 to format OODLE_AutoDXT (Oodle OodleTex_BC3) lambda=0 effort=20 
[2025.04.21-14.25.40:075][330]LogTextureFormatOodle: Display: non-RDO encode 1024 x 1024 x 1 to format OODLE_AutoDXT (Oodle OodleTex_BC3) lambda=0 effort=20 
[2025.04.21-14.25.40:075][330]LogTextureFormatOodle: Display: non-RDO encode 1024 x 1024 x 1 to format OODLE_DXT1 (Oodle OodleTex_BC1_WithTransparency) lambda=0 effort=20 
[2025.04.21-14.25.40:075][330]LogTextureFormatOodle: Display: non-RDO encode 1024 x 1024 x 1 to format OODLE_DXT1 (Oodle OodleTex_BC1_WithTransparency) lambda=0 effort=20 
[2025.04.21-14.25.40:075][330]LogAudioDerivedData: Display: Compression Quality for SoundWave /Game/Music/LevelMusic.LevelMusic will be modified from 40 to 40.
[2025.04.21-14.25.42:823][330]LogTexture: Display: Building textures: ModularBuildingKit12_FloorCross_BaseColor (OODLE_AutoDXT, 2048X2048)
[2025.04.21-14.25.42:823][330]LogTexture: Display: Building textures: ModularBuildingKit13-CornerPiece_WallCornerIn_Normal (OODLE_BC5, 2048X2048)
[2025.04.21-14.25.42:823][330]LogTexture: Display: Building textures: ModularBuildingKit13-CornerPiece_WallCornerIn_BaseColor (OODLE_AutoDXT, 2048X2048)
[2025.04.21-14.25.42:823][330]LogTexture: Display: Building textures: ModularBuildingKit12_FloorCross_Normal (OODLE_BC5, 2048X2048)
[2025.04.21-14.25.42:823][330]LogTexture: Display: Building textures: ModularBuildingKit12_FloorCross_OcclusionRoughnessMetallic (OODLE_AutoDXT, 2048X2048)
[2025.04.21-14.25.42:823][330]LogTexture: Display: Building textures: ModularBuildingKit13-CornerPiece_WallCornerIn_OcclusionRoughnessMetallic (OODLE_AutoDXT, 2048X2048)
[2025.04.21-14.25.42:823][330]LogTextureFormatOodle: Display: non-RDO encode 2048 x 2048 x 1 to format OODLE_AutoDXT (Oodle OodleTex_BC1_WithTransparency) lambda=0 effort=20 
[2025.04.21-14.25.42:823][330]LogTextureFormatOodle: Display: non-RDO encode 1024 x 1024 x 1 to format OODLE_AutoDXT (Oodle OodleTex_BC1_WithTransparency) lambda=0 effort=20 
[2025.04.21-14.25.42:823][330]LogTextureFormatOodle: Display: non-RDO encode 1024 x 1024 x 1 to format OODLE_BC5 (Oodle OodleTex_BC5U) lambda=0 effort=20 
[2025.04.21-14.25.42:823][330]LogTextureFormatOodle: Display: non-RDO encode 2048 x 2048 x 1 to format OODLE_BC5 (Oodle OodleTex_BC5U) lambda=0 effort=20 
[2025.04.21-14.25.42:823][330]LogTextureFormatOodle: Display: non-RDO encode 2048 x 2048 x 1 to format OODLE_AutoDXT (Oodle OodleTex_BC1_WithTransparency) lambda=0 effort=20 
[2025.04.21-14.25.42:823][330]LogTextureFormatOodle: Display: non-RDO encode 1024 x 1024 x 1 to format OODLE_AutoDXT (Oodle OodleTex_BC1_WithTransparency) lambda=0 effort=20 
[2025.04.21-14.25.42:823][330]LogTextureFormatOodle: Display: non-RDO encode 1024 x 1024 x 1 to format OODLE_AutoDXT (Oodle OodleTex_BC1_WithTransparency) lambda=0 effort=20 
[2025.04.21-14.25.42:823][330]LogTextureFormatOodle: Display: non-RDO encode 2048 x 2048 x 1 to format OODLE_AutoDXT (Oodle OodleTex_BC1_WithTransparency) lambda=0 effort=20 
[2025.04.21-14.25.42:823][330]LogTextureFormatOodle: Display: non-RDO encode 2048 x 2048 x 1 to format OODLE_AutoDXT (Oodle OodleTex_BC1_WithTransparency) lambda=0 effort=20 
[2025.04.21-14.25.42:823][330]LogTextureFormatOodle: Display: non-RDO encode 1024 x 1024 x 1 to format OODLE_AutoDXT (Oodle OodleTex_BC1_WithTransparency) lambda=0 effort=20 
[2025.04.21-14.25.42:823][330]LogTextureFormatOodle: Display: non-RDO encode 1024 x 1024 x 1 to format OODLE_BC5 (Oodle OodleTex_BC5U) lambda=0 effort=20 
[2025.04.21-14.25.42:823][330]LogTextureFormatOodle: Display: non-RDO encode 2048 x 2048 x 1 to format OODLE_BC5 (Oodle OodleTex_BC5U) lambda=0 effort=20 
[2025.04.21-14.25.42:823][330]LogAudioDerivedData: Display: Updated SoundWave->RawPCMDataSize from 0 to 48012924 while cooking SoundWave /Game/Music/LevelMusic.LevelMusic.
[2025.04.21-14.25.42:834][330]LogMaterial: Display: Missing cached shadermap for FloorCross in PCD3D_SM5, Default, SM5 (DDC key hash: F6AAC73984F244CC56724D27A2FF1549ACFA2BCD), compiling. 
[2025.04.21-14.25.42:843][330]LogShaderCompilers: Display: Submitted 25 shader compile jobs with 'Low' priority
[2025.04.21-14.25.42:844][330]LogStaticMesh: Building static mesh ModularBuildingKit12-FixedAll_Floor-Cross...
[2025.04.21-14.25.42:845][330]LogStaticMesh: Built static mesh [0.00s] /Game/CustomAssets/Meshes/ModularBuildingKit12-FixedAll_Floor-Cross.ModularBuildingKit12-FixedAll_Floor-Cross
[2025.04.21-14.25.42:845][330]LogStaticMesh: Building static mesh GreenFallthrough_StaticMesh...
[2025.04.21-14.25.42:846][330]LogStaticMesh: Built static mesh [0.00s] /Game/CustomAssets/Meshes/GreenFallthrough_StaticMesh.GreenFallthrough_StaticMesh
[2025.04.21-14.25.42:848][330]LogShaderCompilers: Display: Worker (1/21): shaders left to compile 25
[2025.04.21-14.25.42:848][330]LogShaderCompilers: Display: Worker (2/21): shaders left to compile 23
[2025.04.21-14.25.42:848][330]LogShaderCompilers: Display: Worker (3/21): shaders left to compile 21
[2025.04.21-14.25.42:848][330]LogShaderCompilers: Display: Worker (4/21): shaders left to compile 19
[2025.04.21-14.25.42:848][330]LogShaderCompilers: Display: Worker (5/21): shaders left to compile 17
[2025.04.21-14.25.42:848][330]LogShaderCompilers: Display: Worker (6/21): shaders left to compile 15
[2025.04.21-14.25.42:848][330]LogShaderCompilers: Display: Worker (7/21): shaders left to compile 13
[2025.04.21-14.25.42:848][330]LogShaderCompilers: Display: Worker (8/21): shaders left to compile 11
[2025.04.21-14.25.42:848][330]LogShaderCompilers: Display: Worker (9/21): shaders left to compile 9
[2025.04.21-14.25.42:848][330]LogShaderCompilers: Display: Worker (10/21): shaders left to compile 7
[2025.04.21-14.25.42:848][330]LogShaderCompilers: Display: Worker (11/21): shaders left to compile 5
[2025.04.21-14.25.42:848][330]LogShaderCompilers: Display: Worker (12/21): shaders left to compile 3
[2025.04.21-14.25.42:848][330]LogShaderCompilers: Display: Worker (13/21): shaders left to compile 1
[2025.04.21-14.25.42:848][330]LogShaderCompilers: Display: Started 25 'Local' shader compile jobs with 'Low' priority
[2025.04.21-14.25.42:848][330]LogMaterial: Display: Missing cached shadermap for WallCornerIn in PCD3D_SM5, Default, SM5 (DDC key hash: B759DA08DD6F919305DCFB41DBBA910C33811569), compiling. 
[2025.04.21-14.25.42:865][330]LogShaderCompilers: Display: Submitted 25 shader compile jobs with 'Low' priority
[2025.04.21-14.25.42:866][330]LogStaticMesh: Building static mesh ModularBuildingKit13_WallCornerIn...
[2025.04.21-14.25.42:870][330]LogStaticMesh: Built static mesh [0.00s] /Game/CustomAssets/Meshes/ModularBuildingKit13_WallCornerIn.ModularBuildingKit13_WallCornerIn
[2025.04.21-14.25.42:888][330]LogShaderCompilers: Display: Worker (14/21): shaders left to compile 25
[2025.04.21-14.25.42:888][330]LogShaderCompilers: Display: Worker (15/21): shaders left to compile 23
[2025.04.21-14.25.42:888][330]LogShaderCompilers: Display: Worker (16/21): shaders left to compile 21
[2025.04.21-14.25.42:888][330]LogShaderCompilers: Display: Worker (17/21): shaders left to compile 19
[2025.04.21-14.25.42:888][330]LogShaderCompilers: Display: Worker (18/21): shaders left to compile 17
[2025.04.21-14.25.42:888][330]LogShaderCompilers: Display: Worker (19/21): shaders left to compile 15
[2025.04.21-14.25.42:888][330]LogShaderCompilers: Display: Worker (20/21): shaders left to compile 13
[2025.04.21-14.25.42:888][330]LogShaderCompilers: Display: Started 14 'Local' shader compile jobs with 'Low' priority
[2025.04.21-14.25.42:888][330]LogMaterial: Display: Missing cached shadermap for Invisible in PCD3D_SM5, Default, SM5 (DDC key hash: 66DD18FB43A328E4F8A83655B3157F6F40F86790), compiling. 
[2025.04.21-14.25.42:908][330]LogShaderCompilers: Display: Submitted 32 shader compile jobs with 'Low' priority
[2025.04.21-14.25.42:921][330]LogAudio: Display: Audio Device (ID: 2) registered with world 'PuzzleLevel'.
[2025.04.21-14.25.42:948][330]LogAIModule: Creating AISystem for world PuzzleLevel
[2025.04.21-14.25.42:950][330]LogLoad: Game class is 'ThirdPersonGameMode_C'
[2025.04.21-14.25.42:998][330]LogWorld: Bringing World /Game/GameMaps/UEDPIE_0_PuzzleLevel.PuzzleLevel up for play (max tick rate 0) at 2025.04.21-17.25.42
[2025.04.21-14.25.43:007][330]LogWorld: Bringing up level for play took: 0.055931
[2025.04.21-14.25.43:015][330]LogLoad: Took 3.203206 seconds to LoadMap(/Game/GameMaps/PuzzleLevel)
[2025.04.21-14.25.43:058][331]LogCharacterMovement: Warning: GetSimulationTimeStep() - Max iterations 8 hit while remaining time 0.093415 > MaxSimulationTimeStep (0.050) for 'ThirdPersonCharacter_C_0', movement 'Walking'
[2025.04.21-14.25.45:314][446]LogShaderCompilers: Display: Worker (13/21): shaders left to compile 3
[2025.04.21-14.25.45:314][446]LogShaderCompilers: Display: Started 1 'Local' shader compile jobs with 'ForceLocal' priority
[2025.04.21-14.25.45:656][470]LogShaderCompilers: Display: Worker (14/21): shaders left to compile 2
[2025.04.21-14.25.45:656][470]LogShaderCompilers: Display: Started 1 'Local' shader compile jobs with 'ForceLocal' priority
[2025.04.21-14.25.45:842][480]LogShaderCompilers: Display: Worker (3/21): shaders left to compile 1
[2025.04.21-14.25.45:842][480]LogShaderCompilers: Display: Worker (7/21): shaders left to compile 40
[2025.04.21-14.25.45:842][480]LogShaderCompilers: Display: Started 3 'Local' shader compile jobs with 'Normal' priority
[2025.04.21-14.25.45:842][480]LogShaderCompilers: Display: Started 1 'Local' shader compile jobs with 'ForceLocal' priority
[2025.04.21-14.25.45:850][480]LogShaderCompilers: Display: Worker (1/21): shaders left to compile 37
[2025.04.21-14.25.45:850][480]LogShaderCompilers: Display: Started 2 'Local' shader compile jobs with 'Normal' priority
[2025.04.21-14.25.45:958][483]LogShaderCompilers: Display: Worker (16/21): shaders left to compile 35
[2025.04.21-14.25.45:959][483]LogShaderCompilers: Display: Worker (20/21): shaders left to compile 33
[2025.04.21-14.25.45:959][483]LogShaderCompilers: Display: Started 4 'Local' shader compile jobs with 'Normal' priority
[2025.04.21-14.25.46:302][499]LogShaderCompilers: Display: Worker (12/21): shaders left to compile 31
[2025.04.21-14.25.46:302][499]LogShaderCompilers: Display: Started 2 'Local' shader compile jobs with 'Normal' priority
[2025.04.21-14.25.46:456][506]LogShaderCompilers: Display: Worker (4/21): shaders left to compile 29
[2025.04.21-14.25.46:456][506]LogShaderCompilers: Display: Started 2 'Local' shader compile jobs with 'Normal' priority
[2025.04.21-14.25.46:663][518]LogShaderCompilers: Display: Worker (17/21): shaders left to compile 27
[2025.04.21-14.25.46:663][518]LogShaderCompilers: Display: Started 2 'Local' shader compile jobs with 'Normal' priority
[2025.04.21-14.25.47:037][542]LogShaderCompilers: Display: Worker (5/21): shaders left to compile 25
[2025.04.21-14.25.47:037][542]LogShaderCompilers: Display: Started 2 'Local' shader compile jobs with 'Normal' priority
[2025.04.21-14.25.47:217][554]LogShaderCompilers: Display: Worker (10/21): shaders left to compile 23
[2025.04.21-14.25.47:217][554]LogShaderCompilers: Display: Worker (18/21): shaders left to compile 21
[2025.04.21-14.25.47:217][554]LogShaderCompilers: Display: Started 4 'Local' shader compile jobs with 'Normal' priority
[2025.04.21-14.25.47:249][555]LogShaderCompilers: Display: Worker (8/21): shaders left to compile 19
[2025.04.21-14.25.47:249][555]LogShaderCompilers: Display: Started 1 'Local' shader compile jobs with 'Normal' priority
[2025.04.21-14.25.47:342][561]LogShaderCompilers: Display: Worker (13/21): shaders left to compile 18
[2025.04.21-14.25.47:342][561]LogShaderCompilers: Display: Started 1 'Local' shader compile jobs with 'Normal' priority
[2025.04.21-14.25.47:342][561]LogShaderCompilers: Display: Worker (2/21): shaders left to compile 17
[2025.04.21-14.25.47:342][561]LogShaderCompilers: Display: Started 1 'Local' shader compile jobs with 'Normal' priority
[2025.04.21-14.25.47:390][563]LogShaderCompilers: Display: Worker (15/21): shaders left to compile 16
[2025.04.21-14.25.47:390][563]LogShaderCompilers: Display: Started 1 'Local' shader compile jobs with 'Normal' priority
[2025.04.21-14.25.47:481][569]LogShaderCompilers: Display: Worker (9/21): shaders left to compile 15
[2025.04.21-14.25.47:481][569]LogShaderCompilers: Display: Started 1 'Local' shader compile jobs with 'Normal' priority
[2025.04.21-14.25.47:600][576]LogShaderCompilers: Display: Worker (11/21): shaders left to compile 14
[2025.04.21-14.25.47:601][576]LogShaderCompilers: Display: Started 1 'Local' shader compile jobs with 'Normal' priority
[2025.04.21-14.25.47:627][577]LogShaderCompilers: Display: Worker (14/21): shaders left to compile 13
[2025.04.21-14.25.47:628][577]LogShaderCompilers: Display: Started 1 'Local' shader compile jobs with 'Normal' priority
[2025.04.21-14.25.47:635][577]LogShaderCompilers: Display: Worker (6/21): shaders left to compile 12
[2025.04.21-14.25.47:635][577]LogShaderCompilers: Display: Started 1 'Local' shader compile jobs with 'Normal' priority
[2025.04.21-14.25.47:759][582]LogShaderCompilers: Display: Worker (19/21): shaders left to compile 11
[2025.04.21-14.25.47:759][582]LogShaderCompilers: Display: Started 1 'Local' shader compile jobs with 'Normal' priority
[2025.04.21-14.25.47:973][594]LogShaderCompilers: Display: Worker (2/21): shaders left to compile 10
[2025.04.21-14.25.47:973][594]LogShaderCompilers: Display: Started 1 'Local' shader compile jobs with 'Normal' priority
[2025.04.21-14.25.48:113][600]LogShaderCompilers: Display: Worker (9/21): shaders left to compile 9
[2025.04.21-14.25.48:113][600]LogShaderCompilers: Display: Started 1 'Local' shader compile jobs with 'Normal' priority
[2025.04.21-14.25.48:334][611]LogShaderCompilers: Display: Worker (3/21): shaders left to compile 8
[2025.04.21-14.25.48:334][611]LogShaderCompilers: Display: Started 1 'Local' shader compile jobs with 'Normal' priority
[2025.04.21-14.25.48:715][637]LogShaderCompilers: Display: Worker (9/21): shaders left to compile 7
[2025.04.21-14.25.48:715][637]LogShaderCompilers: Display: Started 1 'Local' shader compile jobs with 'Normal' priority
[2025.04.21-14.25.49:231][670]LogShaderCompilers: Display: Worker (14/21): shaders left to compile 6
[2025.04.21-14.25.49:231][670]LogShaderCompilers: Display: Started 1 'Local' shader compile jobs with 'Normal' priority
[2025.04.21-14.25.49:322][676]LogShaderCompilers: Display: Worker (20/21): shaders left to compile 5
[2025.04.21-14.25.49:322][676]LogShaderCompilers: Display: Started 1 'Local' shader compile jobs with 'Normal' priority
[2025.04.21-14.25.49:517][690]LogShaderCompilers: Display: Worker (15/21): shaders left to compile 4
[2025.04.21-14.25.49:517][690]LogShaderCompilers: Display: Started 1 'Local' shader compile jobs with 'Normal' priority
[2025.04.21-14.25.49:517][690]LogShaderCompilers: Display: Worker (6/21): shaders left to compile 3
[2025.04.21-14.25.49:517][690]LogShaderCompilers: Display: Started 1 'Local' shader compile jobs with 'Normal' priority
[2025.04.21-14.25.49:651][699]LogShaderCompilers: Display: Worker (10/21): shaders left to compile 2
[2025.04.21-14.25.49:651][699]LogShaderCompilers: Display: Started 1 'Local' shader compile jobs with 'Normal' priority
[2025.04.21-14.25.49:742][705]LogShaderCompilers: Display: Worker (11/21): shaders left to compile 1
[2025.04.21-14.25.49:742][705]LogShaderCompilers: Display: Started 1 'Local' shader compile jobs with 'Normal' priority
[2025.04.21-14.27.29:567][204]LogSlate: Updating window title bar state: overlay mode, drag disabled, window buttons hidden, title bar hidden
[2025.04.21-14.27.29:567][204]LogWorld: BeginTearingDown for /Game/GameMaps/UEDPIE_0_PuzzleLevel
[2025.04.21-14.27.29:569][204]LogWorld: UWorld::CleanupWorld for PuzzleLevel, bSessionEnded=true, bCleanupResources=true
[2025.04.21-14.27.29:571][204]LogSlate: InvalidateAllWidgets triggered.  All widgets were invalidated
[2025.04.21-14.27.29:581][204]LogPlayLevel: Display: Shutting down PIE online subsystems
[2025.04.21-14.27.29:583][204]LogSlate: InvalidateAllWidgets triggered.  All widgets were invalidated
[2025.04.21-14.27.29:588][204]LogSlate: Updating window title bar state: overlay mode, drag disabled, window buttons hidden, title bar hidden
[2025.04.21-14.27.29:590][204]LogAudioMixer: FMixerPlatformXAudio2::StopAudioStream() called
[2025.04.21-14.27.29:590][204]LogAudioMixer: FMixerPlatformXAudio2::StopAudioStream() called
[2025.04.21-14.27.29:597][204]LogUObjectHash: Compacting FUObjectHashTables data took   0.56ms
[2025.04.21-14.27.29:633][207]LogPlayLevel: Display: Destroying online subsystem :Context_1
[2025.04.21-14.27.31:378][415]LogUObjectHash: Compacting FUObjectHashTables data took   0.39ms
[2025.04.21-14.27.31:408][415]LogSlate: Window 'Licenta - Unreal Editor' being destroyed
[2025.04.21-14.27.31:490][416]Cmd: QUIT_EDITOR
[2025.04.21-14.27.31:490][416]LogCore: Engine exit requested (reason: UUnrealEdEngine::CloseEditor())
[2025.04.21-14.27.31:492][416]LogCore: Engine exit requested (reason: EngineExit() was called; note: exit was already requested)
[2025.04.21-14.27.32:249][416]LogAudio: Display: Beginning Audio Device Manager Shutdown (Module: AudioMixerXAudio2)...
[2025.04.21-14.27.32:249][416]LogAudio: Display: Destroying 1 Remaining Audio Device(s)...
[2025.04.21-14.27.32:249][416]LogAudio: Display: Audio Device unregistered from world 'MainMenu'.
[2025.04.21-14.27.32:249][416]LogAudioMixer: FMixerPlatformXAudio2::StopAudioStream() called
[2025.04.21-14.27.32:253][416]LogAudioMixer: FMixerPlatformXAudio2::StopAudioStream() called
[2025.04.21-14.27.32:281][416]LogAudio: Display: Audio Device Manager Shutdown
[2025.04.21-14.27.32:281][416]LogWindowsTextInputMethodSystem: Display: IME system deactivated.
[2025.04.21-14.27.32:292][416]LogExit: Preparing to exit.
[2025.04.21-14.27.33:103][416]LogUObjectHash: Compacting FUObjectHashTables data took   0.47ms
[2025.04.21-14.27.33:242][416]LogDemo: Cleaned up 0 splitscreen connections with owner deletion
[2025.04.21-14.27.33:247][416]LogExit: Editor shut down
[2025.04.21-14.27.33:247][416]LogExit: Transaction tracking system shut down
[2025.04.21-14.27.33:441][416]LogExit: Object subsystem successfully closed.
[2025.04.21-14.27.33:462][416]LogShaderCompilers: Display: === FShaderJobCache stats ===
[2025.04.21-14.27.33:462][416]LogShaderCompilers: Display: Total job queries 839, among them cache hits 4 (0.48%)
[2025.04.21-14.27.33:462][416]LogShaderCompilers: Display: Tracking 835 distinct input hashes that result in 229 distinct outputs (27.43%)
[2025.04.21-14.27.33:462][416]LogShaderCompilers: Display: RAM used: 1.09 MB (0.00 GB) of 1638.40 MB (1.60 GB) budget. Usage: 0.07%
[2025.04.21-14.27.33:462][416]LogShaderCompilers: Display: ================================================
[2025.04.21-14.27.33:473][416]LogShaderCompilers: Display: Shaders left to compile 0
[2025.04.21-14.27.33:500][416]LogModuleManager: Shutting down and abandoning module MovieSceneCapture (874)
[2025.04.21-14.27.33:500][416]LogModuleManager: Shutting down and abandoning module Voice (872)
[2025.04.21-14.27.33:500][416]LogModuleManager: Shutting down and abandoning module HierarchicalLODOutliner (870)
[2025.04.21-14.27.33:500][416]LogModuleManager: Shutting down and abandoning module SceneOutliner (868)
[2025.04.21-14.27.33:500][416]LogModuleManager: Shutting down and abandoning module AddContentDialog (866)
[2025.04.21-14.27.33:502][416]LogModuleManager: Shutting down and abandoning module WidgetCarousel (865)
[2025.04.21-14.27.33:502][416]LogModuleManager: Shutting down and abandoning module EditorWidgets (862)
[2025.04.21-14.27.33:502][416]LogModuleManager: Shutting down and abandoning module StatsViewer (860)
[2025.04.21-14.27.33:502][416]LogModuleManager: Shutting down and abandoning module PIEPreviewDeviceProfileSelector (858)
[2025.04.21-14.27.33:502][416]LogModuleManager: Shutting down and abandoning module SequenceRecorderSections (856)
[2025.04.21-14.27.33:502][416]LogModuleManager: Shutting down and abandoning module AutomationWorker (854)
[2025.04.21-14.27.33:502][416]LogModuleManager: Shutting down and abandoning module SteamVREditor (852)
[2025.04.21-14.27.33:502][416]LogModuleManager: Shutting down and abandoning module OculusMR (850)
[2025.04.21-14.27.33:502][416]LogModuleManager: Shutting down and abandoning module GooglePADEditor (848)
[2025.04.21-14.27.33:502][416]LogModuleManager: Shutting down and abandoning module TextureAlignMode (846)
[2025.04.21-14.27.33:502][416]LogModuleManager: Shutting down and abandoning module BspMode (844)
[2025.04.21-14.27.33:502][416]LogModuleManager: Shutting down and abandoning module GeometryMode (842)
[2025.04.21-14.27.33:502][416]LogModuleManager: Shutting down and abandoning module TakeRecorderSources (840)
[2025.04.21-14.27.33:502][416]LogModuleManager: Shutting down and abandoning module TakeRecorder (839)
[2025.04.21-14.27.33:502][416]LogModuleManager: Shutting down and abandoning module TakeTrackRecorders (836)
[2025.04.21-14.27.33:502][416]LogModuleManager: Shutting down and abandoning module TakesCore (834)
[2025.04.21-14.27.33:502][416]LogModuleManager: Shutting down and abandoning module WmfMediaFactory (832)
[2025.04.21-14.27.33:502][416]LogModuleManager: Shutting down and abandoning module WmfMediaEditor (830)
[2025.04.21-14.27.33:502][416]LogModuleManager: Shutting down and abandoning module AndroidMediaFactory (828)
[2025.04.21-14.27.33:502][416]LogModuleManager: Shutting down and abandoning module AndroidMediaEditor (826)
[2025.04.21-14.27.33:502][416]LogModuleManager: Shutting down and abandoning module OpenXRInput (824)
[2025.04.21-14.27.33:502][416]LogModuleManager: Shutting down and abandoning module AudioCaptureEditor (822)
[2025.04.21-14.27.33:502][416]LogModuleManager: Shutting down and abandoning module WebMMediaFactory (820)
[2025.04.21-14.27.33:502][416]LogModuleManager: Shutting down and abandoning module WebMMediaEditor (818)
[2025.04.21-14.27.33:502][416]LogModuleManager: Shutting down and abandoning module WebMMedia (816)
[2025.04.21-14.27.33:502][416]LogModuleManager: Shutting down and abandoning module OpenExrWrapper (814)
[2025.04.21-14.27.33:502][416]LogModuleManager: Shutting down and abandoning module ImgMediaFactory (812)
[2025.04.21-14.27.33:502][416]LogModuleManager: Shutting down and abandoning module ImgMediaEditor (810)
[2025.04.21-14.27.33:502][416]LogModuleManager: Shutting down and abandoning module MediaPlayerEditor (808)
[2025.04.21-14.27.33:502][416]LogModuleManager: Shutting down and abandoning module MediaCompositingEditor (806)
[2025.04.21-14.27.33:502][416]LogModuleManager: Shutting down and abandoning module SequenceRecorder (805)
[2025.04.21-14.27.33:502][416]LogModuleManager: Shutting down and abandoning module TemplateSequenceEditor (802)
[2025.04.21-14.27.33:502][416]LogModuleManager: Shutting down and abandoning module MatineeToLevelSequence (800)
[2025.04.21-14.27.33:502][416]LogModuleManager: Shutting down and abandoning module ActorSequenceEditor (798)
[2025.04.21-14.27.33:502][416]LogModuleManager: Shutting down and abandoning module LevelSequenceEditor (796)
[2025.04.21-14.27.33:502][416]LogModuleManager: Shutting down and abandoning module AvfMediaFactory (794)
[2025.04.21-14.27.33:502][416]LogModuleManager: Shutting down and abandoning module AvfMediaEditor (792)
[2025.04.21-14.27.33:502][416]LogModuleManager: Shutting down and abandoning module MagicLeapMediaCodecFactory (790)
[2025.04.21-14.27.33:502][416]LogModuleManager: Shutting down and abandoning module MagicLeapMediaFactory (788)
[2025.04.21-14.27.33:502][416]LogModuleManager: Shutting down and abandoning module MagicLeapMediaEditor (786)
[2025.04.21-14.27.33:502][416]LogModuleManager: Shutting down and abandoning module PlanarCut (784)
[2025.04.21-14.27.33:502][416]LogModuleManager: Shutting down and abandoning module CharacterAI (782)
[2025.04.21-14.27.33:502][416]LogModuleManager: Shutting down and abandoning module CameraShakePreviewer (780)
[2025.04.21-14.27.33:502][416]LogModuleManager: Shutting down and abandoning module SmartSnapping (778)
[2025.04.21-14.27.33:502][416]LogModuleManager: Shutting down and abandoning module SessionServices (776)
[2025.04.21-14.27.33:502][416]LogModuleManager: Shutting down and abandoning module MeshPaint (774)
[2025.04.21-14.27.33:502][416]LogModuleManager: Shutting down and abandoning module VirtualTexturingEditor (772)
[2025.04.21-14.27.33:502][416]LogModuleManager: Shutting down and abandoning module FoliageEdit (770)
[2025.04.21-14.27.33:502][416]LogModuleManager: Shutting down and abandoning module LandscapeEditor (768)
[2025.04.21-14.27.33:502][416]LogModuleManager: Shutting down and abandoning module MeshPaintMode (766)
[2025.04.21-14.27.33:502][416]LogModuleManager: Shutting down and abandoning module SceneDepthPickerMode (764)
[2025.04.21-14.27.33:502][416]LogModuleManager: Shutting down and abandoning module ActorPickerMode (762)
[2025.04.21-14.27.33:502][416]LogModuleManager: Shutting down and abandoning module PlacementMode (760)
[2025.04.21-14.27.33:502][416]LogModuleManager: Shutting down and abandoning module ViewportSnapping (758)
[2025.04.21-14.27.33:502][416]LogModuleManager: Shutting down and abandoning module ViewportInteraction (756)
[2025.04.21-14.27.33:502][416]LogModuleManager: Shutting down and abandoning module ClothPainter (754)
[2025.04.21-14.27.33:502][416]LogModuleManager: Shutting down and abandoning module SkeletalMeshEditor (753)
[2025.04.21-14.27.33:502][416]LogModuleManager: Shutting down and abandoning module LogVisualizer (750)
[2025.04.21-14.27.33:502][416]LogModuleManager: Shutting down and abandoning module IntroTutorials (748)
[2025.04.21-14.27.33:502][416]LogModuleManager: Shutting down and abandoning module GameProjectGeneration (747)
[2025.04.21-14.27.33:502][416]LogModuleManager: Shutting down and abandoning module LuminPlatformEditor (744)
[2025.04.21-14.27.33:502][416]LogModuleManager: Shutting down and abandoning module IOSPlatformEditor (742)
[2025.04.21-14.27.33:502][416]LogModuleManager: Shutting down and abandoning module AndroidPlatformEditor (740)
[2025.04.21-14.27.33:502][416]LogModuleManager: Shutting down and abandoning module AndroidDeviceDetection (739)
[2025.04.21-14.27.35:183][416]LogModuleManager: Shutting down and abandoning module WindowsPlatformEditor (736)
[2025.04.21-14.27.35:183][416]LogModuleManager: Shutting down and abandoning module LuminRuntimeSettings (734)
[2025.04.21-14.27.35:183][416]LogModuleManager: Shutting down and abandoning module IOSRuntimeSettings (732)
[2025.04.21-14.27.35:183][416]LogModuleManager: Shutting down and abandoning module AndroidRuntimeSettings (730)
[2025.04.21-14.27.35:183][416]LogModuleManager: Shutting down and abandoning module TraceInsights (728)
[2025.04.21-14.27.35:183][416]MemoryProfiler: Shutdown
[2025.04.21-14.27.35:183][416]NetworkingProfiler: Shutdown
[2025.04.21-14.27.35:183][416]LoadingProfiler: Shutdown
[2025.04.21-14.27.35:184][416]TimingProfiler: Shutdown
[2025.04.21-14.27.35:185][416]LogModuleManager: Shutting down and abandoning module TraceServices (727)
[2025.04.21-14.27.35:186][416]LogModuleManager: Shutting down and abandoning module EditorInteractiveToolsFramework (724)
[2025.04.21-14.27.35:186][416]LogModuleManager: Shutting down and abandoning module TimeManagementEditor (722)
[2025.04.21-14.27.35:186][416]LogModuleManager: Shutting down and abandoning module InputBindingEditor (720)
[2025.04.21-14.27.35:186][416]LogModuleManager: Shutting down and abandoning module MergeActors (718)
[2025.04.21-14.27.35:186][416]LogModuleManager: Shutting down and abandoning module LocalizationDashboard (716)
[2025.04.21-14.27.35:186][416]LogModuleManager: Shutting down and abandoning module LocalizationService (715)
[2025.04.21-14.27.35:186][416]LogModuleManager: Shutting down and abandoning module HardwareTargeting (712)
[2025.04.21-14.27.35:186][416]LogModuleManager: Shutting down and abandoning module DeviceProfileEditor (710)
[2025.04.21-14.27.35:186][416]LogModuleManager: Shutting down and abandoning module UndoHistory (708)
[2025.04.21-14.27.35:186][416]LogModuleManager: Shutting down and abandoning module XmlParser (706)
[2025.04.21-14.27.35:186][416]LogModuleManager: Shutting down and abandoning module Blutility (704)
[2025.04.21-14.27.35:186][416]LogModuleManager: Shutting down and abandoning module ProjectSettingsViewer (702)
[2025.04.21-14.27.35:186][416]LogModuleManager: Shutting down and abandoning module ProjectTargetPlatformEditor (701)
[2025.04.21-14.27.35:187][416]LogModuleManager: Shutting down and abandoning module EditorSettingsViewer (698)
[2025.04.21-14.27.35:187][416]LogModuleManager: Shutting down and abandoning module InternationalizationSettings (697)
[2025.04.21-14.27.35:187][416]LogModuleManager: Shutting down and abandoning module SettingsEditor (694)
[2025.04.21-14.27.35:187][416]LogModuleManager: Shutting down and abandoning module ProjectLauncher (692)
[2025.04.21-14.27.35:187][416]LogModuleManager: Shutting down and abandoning module SessionFrontend (690)
[2025.04.21-14.27.35:187][416]LogModuleManager: Shutting down and abandoning module ProfilerClient (688)
[2025.04.21-14.27.35:187][416]LogModuleManager: Shutting down and abandoning module DeviceManager (686)
[2025.04.21-14.27.35:187][416]LogModuleManager: Shutting down and abandoning module TargetDeviceServices (685)
[2025.04.21-14.27.35:219][416]LogModuleManager: Shutting down and abandoning module AutomationController (682)
[2025.04.21-14.27.35:219][416]LogModuleManager: Shutting down and abandoning module AutomationWindow (680)
[2025.04.21-14.27.35:219][416]LogModuleManager: Shutting down and abandoning module Layers (678)
[2025.04.21-14.27.35:219][416]LogModuleManager: Shutting down and abandoning module ComponentVisualizers (676)
[2025.04.21-14.27.35:219][416]LogModuleManager: Shutting down and abandoning module DetailCustomizations (674)
[2025.04.21-14.27.35:219][416]LogModuleManager: Shutting down and abandoning module PackagesDialog (672)
[2025.04.21-14.27.35:219][416]LogModuleManager: Shutting down and abandoning module AnimationBlueprintEditor (670)
[2025.04.21-14.27.35:219][416]LogModuleManager: Shutting down and abandoning module Persona (668)
[2025.04.21-14.27.35:220][416]LogModuleManager: Shutting down and abandoning module AdvancedPreviewScene (667)
[2025.04.21-14.27.35:220][416]LogModuleManager: Shutting down and abandoning module AnimGraph (665)
[2025.04.21-14.27.35:220][416]LogModuleManager: Shutting down and abandoning module Kismet (662)
[2025.04.21-14.27.35:220][416]LogModuleManager: Shutting down and abandoning module KismetWidgets (661)
[2025.04.21-14.27.35:220][416]LogModuleManager: Shutting down and abandoning module GraphEditor (658)
[2025.04.21-14.27.35:221][416]LogModuleManager: Shutting down and abandoning module StructViewer (656)
[2025.04.21-14.27.35:221][416]LogModuleManager: Shutting down and abandoning module ClassViewer (654)
[2025.04.21-14.27.35:221][416]LogModuleManager: Shutting down and abandoning module Toolbox (652)
[2025.04.21-14.27.35:221][416]LogModuleManager: Shutting down and abandoning module ModuleUI (650)
[2025.04.21-14.27.35:221][416]LogModuleManager: Shutting down and abandoning module OutputLog (648)
[2025.04.21-14.27.35:222][416]LogModuleManager: Shutting down and abandoning module GammaUI (646)
[2025.04.21-14.27.35:222][416]LogModuleManager: Shutting down and abandoning module Documentation (644)
[2025.04.21-14.27.35:222][416]LogModuleManager: Shutting down and abandoning module LiveCoding (642)
[2025.04.21-14.27.35:222][416]LogModuleManager: Shutting down and abandoning module LevelSequence (640)
[2025.04.21-14.27.35:222][416]LogModuleManager: Shutting down and abandoning module MovieSceneTracks (638)
[2025.04.21-14.27.35:222][416]LogModuleManager: Shutting down and abandoning module MovieScene (636)
[2025.04.21-14.27.35:222][416]LogModuleManager: Shutting down and abandoning module StreamingPauseRendering (634)
[2025.04.21-14.27.35:222][416]LogModuleManager: Shutting down and abandoning module LauncherPlatform (632)
[2025.04.21-14.27.35:222][416]LogModuleManager: Shutting down and abandoning module AnalyticsET (630)
[2025.04.21-14.27.35:222][416]LogModuleManager: Shutting down and abandoning module PortalServices (628)
[2025.04.21-14.27.35:222][416]LogModuleManager: Shutting down and abandoning module PortalRpc (626)
[2025.04.21-14.27.35:222][416]LogModuleManager: Shutting down and abandoning module MessagingRpc (624)
[2025.04.21-14.27.35:222][416]LogModuleManager: Shutting down and abandoning module AudioMixerXAudio2 (622)
[2025.04.21-14.27.35:222][416]LogModuleManager: Shutting down and abandoning module AudioMixerCore (621)
[2025.04.21-14.27.35:222][416]LogModuleManager: Shutting down and abandoning module AIModule (618)
[2025.04.21-14.27.35:222][416]LogModuleManager: Shutting down and abandoning module GameplayDebugger (617)
[2025.04.21-14.27.35:222][416]LogModuleManager: Shutting down and abandoning module AITestSuite (615)
[2025.04.21-14.27.35:223][416]LogModuleManager: Shutting down and abandoning module NavigationSystem (613)
[2025.04.21-14.27.35:223][416]LogModuleManager: Shutting down and abandoning module ImageWriteQueue (610)
[2025.04.21-14.27.35:240][416]LogModuleManager: Shutting down and abandoning module ProfilerService (608)
[2025.04.21-14.27.35:318][416]LogModuleManager: Shutting down and abandoning module TaskGraph (606)
[2025.04.21-14.27.35:318][416]LogModuleManager: Shutting down and abandoning module AudioSynesthesiaEditor (604)
[2025.04.21-14.27.35:319][416]LogModuleManager: Shutting down and abandoning module ContentBrowserFileDataSource (602)
[2025.04.21-14.27.35:319][416]LogModuleManager: Shutting down and abandoning module ContentBrowserAssetDataSource (600)
[2025.04.21-14.27.35:319][416]LogModuleManager: Shutting down and abandoning module ContentBrowserClassDataSource (598)
[2025.04.21-14.27.35:319][416]LogModuleManager: Shutting down and abandoning module CollectionManager (597)
[2025.04.21-14.27.35:319][416]LogModuleManager: Shutting down and abandoning module OculusEditor (594)
[2025.04.21-14.27.35:319][416]LogModuleManager: Shutting down and abandoning module OculusInput (592)
[2025.04.21-14.27.35:319][416]LogModuleManager: Shutting down and abandoning module GooglePAD (590)
[2025.04.21-14.27.35:319][416]LogModuleManager: Shutting down and abandoning module MobileLauncherProfileWizard (588)
[2025.04.21-14.27.35:319][416]LogModuleManager: Shutting down and abandoning module SpeedTreeImporter (586)
[2025.04.21-14.27.35:319][416]LogModuleManager: Shutting down and abandoning module PluginBrowser (584)
[2025.04.21-14.27.35:319][416]LogModuleManager: Shutting down and abandoning module MaterialAnalyzer (582)
[2025.04.21-14.27.35:319][416]LogModuleManager: Shutting down and abandoning module CryptoKeysOpenSSL (580)
[2025.04.21-14.27.35:319][416]LogModuleManager: Shutting down and abandoning module CryptoKeys (578)
[2025.04.21-14.27.35:319][416]LogModuleManager: Shutting down and abandoning module CurveEditorTools (576)
[2025.04.21-14.27.35:319][416]LogModuleManager: Shutting down and abandoning module TakeSequencer (574)
[2025.04.21-14.27.35:319][416]LogModuleManager: Shutting down and abandoning module TakeMovieScene (572)
[2025.04.21-14.27.35:319][416]LogModuleManager: Shutting down and abandoning module SynthesisEditor (570)
[2025.04.21-14.27.35:319][416]LogModuleManager: Shutting down and abandoning module Synthesis (568)
[2025.04.21-14.27.35:319][416]LogModuleManager: Shutting down and abandoning module ProceduralMeshComponentEditor (566)
[2025.04.21-14.27.35:319][416]LogModuleManager: Shutting down and abandoning module ProceduralMeshComponent (564)
[2025.04.21-14.27.35:319][416]LogModuleManager: Shutting down and abandoning module OpenXREditor (562)
[2025.04.21-14.27.35:320][416]LogModuleManager: Shutting down and abandoning module MobilePatchingUtils (560)
[2025.04.21-14.27.35:320][416]LogModuleManager: Shutting down and abandoning module ScreenshotTools (558)
[2025.04.21-14.27.35:320][416]LogModuleManager: Shutting down and abandoning module EditableMesh (556)
[2025.04.21-14.27.35:320][416]LogModuleManager: Shutting down and abandoning module CustomMeshComponent (554)
[2025.04.21-14.27.35:320][416]LogModuleManager: Shutting down and abandoning module CableComponent (552)
[2025.04.21-14.27.35:320][416]LogModuleManager: Shutting down and abandoning module AudioCapture (550)
[2025.04.21-14.27.35:320][416]LogModuleManager: Shutting down and abandoning module AudioCaptureRtAudio (549)
[2025.04.21-14.27.35:320][416]LogModuleManager: Shutting down and abandoning module AssetTags (546)
[2025.04.21-14.27.35:320][416]LogModuleManager: Shutting down and abandoning module ArchVisCharacter (544)
[2025.04.21-14.27.35:320][416]LogModuleManager: Shutting down and abandoning module AppleImageUtilsBlueprintSupport (542)
[2025.04.21-14.27.35:320][416]LogModuleManager: Shutting down and abandoning module AppleImageUtils (540)
[2025.04.21-14.27.35:320][416]LogModuleManager: Shutting down and abandoning module AndroidPermission (538)
[2025.04.21-14.27.35:320][416]LogModuleManager: Shutting down and abandoning module ActorLayerUtilitiesEditor (536)
[2025.04.21-14.27.35:320][416]LogModuleManager: Shutting down and abandoning module ActorLayerUtilities (534)
[2025.04.21-14.27.35:320][416]LogModuleManager: Shutting down and abandoning module ImgMedia (532)
[2025.04.21-14.27.35:320][416]LogModuleManager: Shutting down and abandoning module MediaCompositing (530)
[2025.04.21-14.27.35:320][416]LogModuleManager: Shutting down and abandoning module TemplateSequence (528)
[2025.04.21-14.27.35:320][416]LogModuleManager: Shutting down and abandoning module MagicLeapSharedWorld (526)
[2025.04.21-14.27.35:320][416]LogModuleManager: Shutting down and abandoning module MagicLeapLightEstimation (524)
[2025.04.21-14.27.35:320][416]LogModuleManager: Shutting down and abandoning module MagicLeapHelperVulkan (522)
[2025.04.21-14.27.35:320][416]LogModuleManager: Shutting down and abandoning module MagicLeapHelperOpenGL (520)
[2025.04.21-14.27.35:320][416]LogModuleManager: Shutting down and abandoning module MagicLeapAudio (518)
[2025.04.21-14.27.35:320][416]LogModuleManager: Shutting down and abandoning module OpenImageDenoise (516)
[2025.04.21-14.27.35:320][416]LogOpenImageDenoise: OIDN shutting down
[2025.04.21-14.27.35:320][416]LogModuleManager: Shutting down and abandoning module MotoSynthEditor (514)
[2025.04.21-14.27.35:320][416]LogModuleManager: Shutting down and abandoning module MotoSynth (512)
[2025.04.21-14.27.35:320][416]LogModuleManager: Shutting down and abandoning module GeometryCacheTracks (510)
[2025.04.21-14.27.35:320][416]LogModuleManager: Shutting down and abandoning module GeometryCacheStreamer (508)
[2025.04.21-14.27.35:320][416]LogModuleManager: Shutting down and abandoning module GeometryCacheSequencer (506)
[2025.04.21-14.27.35:320][416]LogModuleManager: Shutting down and abandoning module MeshConversion (504)
[2025.04.21-14.27.35:320][416]LogModuleManager: Shutting down and abandoning module DynamicMesh (502)
[2025.04.21-14.27.35:320][416]LogModuleManager: Shutting down and abandoning module GeometryAlgorithms (500)
[2025.04.21-14.27.35:320][416]LogModuleManager: Shutting down and abandoning module GeometricObjects (498)
[2025.04.21-14.27.35:320][416]LogModuleManager: Shutting down and abandoning module GeometryCollectionTracks (496)
[2025.04.21-14.27.35:320][416]LogModuleManager: Shutting down and abandoning module GeometryCollectionSequencer (495)
[2025.04.21-14.27.35:320][416]LogModuleManager: Shutting down and abandoning module GeometryCollectionEditor (492)
[2025.04.21-14.27.35:320][416]LogModuleManager: Shutting down and abandoning module ChaosSolverEditor (490)
[2025.04.21-14.27.35:320][416]LogModuleManager: Shutting down and abandoning module FractureEditor (488)
[2025.04.21-14.27.35:320][416]LogModuleManager: Shutting down and abandoning module ChaosClothEditor (486)
[2025.04.21-14.27.35:320][416]LogModuleManager: Shutting down and abandoning module AutomationUtilsEditor (484)
[2025.04.21-14.27.35:320][416]LogModuleManager: Shutting down and abandoning module AutomationUtils (482)
[2025.04.21-14.27.35:320][416]LogModuleManager: Shutting down and abandoning module ChaosNiagara (480)
[2025.04.21-14.27.35:320][416]LogModuleManager: Shutting down and abandoning module FieldSystemEngine (479)
[2025.04.21-14.27.35:320][416]LogModuleManager: Shutting down and abandoning module BackChannel (476)
[2025.04.21-14.27.35:320][416]LogModuleManager: Shutting down and abandoning module VariantManagerContentEditor (474)
[2025.04.21-14.27.35:320][416]LogModuleManager: Shutting down and abandoning module AlembicImporter (472)
[2025.04.21-14.27.35:320][416]LogModuleManager: Shutting down and abandoning module AlembicLibrary (471)
[2025.04.21-14.27.35:320][416]LogModuleManager: Shutting down and abandoning module GeometryCache (470)
[2025.04.21-14.27.35:320][416]LogModuleManager: Shutting down and abandoning module GeometryCacheEd (469)
[2025.04.21-14.27.35:320][416]LogModuleManager: Shutting down and abandoning module NiagaraEditorWidgets (464)
[2025.04.21-14.27.35:320][416]LogModuleManager: Shutting down and abandoning module DatasmithContentEditor (462)
[2025.04.21-14.27.35:320][416]LogModuleManager: Shutting down and abandoning module VisualStudioSourceCodeAccess (460)
[2025.04.21-14.27.35:320][416]LogModuleManager: Shutting down and abandoning module UObjectPlugin (458)
[2025.04.21-14.27.35:320][416]LogModuleManager: Shutting down and abandoning module VisualStudioCodeSourceCodeAccess (456)
[2025.04.21-14.27.35:320][416]LogModuleManager: Shutting down and abandoning module SubversionSourceControl (454)
[2025.04.21-14.27.35:320][416]LogModuleManager: Shutting down and abandoning module PluginUtils (452)
[2025.04.21-14.27.35:320][416]LogModuleManager: Shutting down and abandoning module RiderSourceCodeAccess (450)
[2025.04.21-14.27.35:320][416]LogModuleManager: Shutting down and abandoning module GitSourceControl (448)
[2025.04.21-14.27.35:320][416]LogModuleManager: Shutting down and abandoning module PlasticSourceControl (446)
[2025.04.21-14.27.35:320][416]LogModuleManager: Shutting down and abandoning module PerforceSourceControl (444)
[2025.04.21-14.27.35:321][416]LogModuleManager: Shutting down and abandoning module SourceControl (443)
[2025.04.21-14.27.35:321][416]LogModuleManager: Shutting down and abandoning module AnimationSharingEd (440)
[2025.04.21-14.27.35:321][416]LogModuleManager: Shutting down and abandoning module CLionSourceCodeAccess (438)
[2025.04.21-14.27.35:321][416]LogModuleManager: Shutting down and abandoning module OodleNetworkHandlerComponent (436)
[2025.04.21-14.27.35:321][416]LogModuleManager: Shutting down and abandoning module LightPropagationVolumeEditor (434)
[2025.04.21-14.27.35:321][416]LogModuleManager: Shutting down and abandoning module LiveLinkSequencer (432)
[2025.04.21-14.27.35:321][416]LogModuleManager: Shutting down and abandoning module LiveLinkMovieScene (430)
[2025.04.21-14.27.35:321][416]LogModuleManager: Shutting down and abandoning module LiveLinkGraphNode (428)
[2025.04.21-14.27.35:321][416]LogModuleManager: Shutting down and abandoning module LiveLinkEditor (426)
[2025.04.21-14.27.35:321][416]LogModuleManager: Shutting down and abandoning module LiveLinkComponents (424)
[2025.04.21-14.27.35:321][416]LogModuleManager: Shutting down and abandoning module LiveLink (422)
[2025.04.21-14.27.36:136][416]LogModuleManager: Shutting down and abandoning module PaperTiledImporter (420)
[2025.04.21-14.27.36:136][416]LogModuleManager: Shutting down and abandoning module PaperSpriteSheetImporter (418)
[2025.04.21-14.27.36:136][416]LogModuleManager: Shutting down and abandoning module Paper2DEditor (416)
[2025.04.21-14.27.36:137][416]LogModuleManager: Shutting down and abandoning module MeshPaintingToolset (414)
[2025.04.21-14.27.36:137][416]LogModuleManager: Shutting down and abandoning module MeshPaintEditorMode (412)
[2025.04.21-14.27.36:137][416]LogModuleManager: Shutting down and abandoning module RuntimePhysXCooking (410)
[2025.04.21-14.27.36:137][416]LogModuleManager: Shutting down and abandoning module FacialAnimationEditor (408)
[2025.04.21-14.27.36:137][416]LogModuleManager: Shutting down and abandoning module FacialAnimation (406)
[2025.04.21-14.27.36:137][416]LogModuleManager: Shutting down and abandoning module GameplayTagsEditor (404)
[2025.04.21-14.27.36:137][416]LogModuleManager: Shutting down and abandoning module DataValidation (402)
[2025.04.21-14.27.36:137][416]LogModuleManager: Shutting down and abandoning module SoundFields (400)
[2025.04.21-14.27.36:137][416]LogModuleManager: Shutting down and abandoning module SignificanceManager (398)
[2025.04.21-14.27.36:137][416]LogModuleManager: Shutting down and abandoning module PropertyAccessEditor (396)
[2025.04.21-14.27.36:137][416]LogModuleManager: Shutting down and abandoning module PhysXVehiclesEditor (394)
[2025.04.21-14.27.36:137][416]LogModuleManager: Shutting down and abandoning module LocationServicesBPLibrary (390)
[2025.04.21-14.27.36:137][416]LogModuleManager: Shutting down and abandoning module AudioSynesthesia (388)
[2025.04.21-14.27.36:137][416]LogModuleManager: Shutting down and abandoning module AudioSynesthesiaCore (386)
[2025.04.21-14.27.36:137][416]LogModuleManager: Shutting down and abandoning module TcpMessaging (384)
[2025.04.21-14.27.36:238][416]LogModuleManager: Shutting down and abandoning module UdpMessaging (382)
[2025.04.21-14.27.36:338][416]LogModuleManager: Shutting down and abandoning module ImgMediaEngine (380)
[2025.04.21-14.27.36:338][416]LogModuleManager: Shutting down and abandoning module ActorSequence (378)
[2025.04.21-14.27.36:338][416]LogModuleManager: Shutting down and abandoning module AssetManagerEditor (376)
[2025.04.21-14.27.36:338][416]LogModuleManager: Shutting down and abandoning module LevelEditor (375)
[2025.04.21-14.27.36:339][416]LogModuleManager: Shutting down and abandoning module PixelInspectorModule (374)
[2025.04.21-14.27.36:339][416]LogModuleManager: Shutting down and abandoning module CommonMenuExtensions (372)
[2025.04.21-14.27.36:339][416]LogModuleManager: Shutting down and abandoning module MainFrame (370)
[2025.04.21-14.27.36:339][416]LogModuleManager: Shutting down and abandoning module HotReload (369)
[2025.04.21-14.27.36:340][416]LogModuleManager: Shutting down and abandoning module ToolMenus (365)
[2025.04.21-14.27.36:340][416]LogModuleManager: Shutting down and abandoning module TreeMap (363)
[2025.04.21-14.27.36:340][416]LogModuleManager: Shutting down and abandoning module MagicLeapARPin (360)
[2025.04.21-14.27.36:340][416]LogModuleManager: Shutting down and abandoning module MagicLeapHandMeshing (358)
[2025.04.21-14.27.36:340][416]LogModuleManager: Shutting down and abandoning module MagicLeapSecureStorage (356)
[2025.04.21-14.27.36:340][416]LogModuleManager: Shutting down and abandoning module MagicLeapPrivileges (354)
[2025.04.21-14.27.36:340][416]LogModuleManager: Shutting down and abandoning module MagicLeapPlanes (352)
[2025.04.21-14.27.36:340][416]LogMagicLeapPlanes: Planes tracker already destroyed.
[2025.04.21-14.27.36:340][416]LogModuleManager: Shutting down and abandoning module MagicLeapImageTracker (350)
[2025.04.21-14.27.36:340][416]LogModuleManager: Shutting down and abandoning module MagicLeapIdentity (348)
[2025.04.21-14.27.36:340][416]LogModuleManager: Shutting down and abandoning module MagicLeapHandTracking (346)
[2025.04.21-14.27.36:340][416]LogModuleManager: Shutting down and abandoning module MagicLeapEyeTracker (344)
[2025.04.21-14.27.36:340][416]LogModuleManager: Shutting down and abandoning module MagicLeapController (342)
[2025.04.21-14.27.36:340][416]LogModuleManager: Shutting down and abandoning module MagicLeapARPinImpl (340)
[2025.04.21-14.27.36:340][416]LogModuleManager: Shutting down and abandoning module MagicLeapAR (338)
[2025.04.21-14.27.36:340][416]LogModuleManager: Shutting down and abandoning module PythonScriptPlugin (336)
[2025.04.21-14.27.36:340][416]LogModuleManager: Shutting down and abandoning module NiagaraAnimNotifies (334)
[2025.04.21-14.27.36:340][416]LogModuleManager: Shutting down and abandoning module Niagara (332)
[2025.04.21-14.27.36:340][416]LogModuleManager: Shutting down and abandoning module SignalProcessing (331)
[2025.04.21-14.27.36:340][416]LogModuleManager: Shutting down and abandoning module NiagaraEditor (329)
[2025.04.21-14.27.36:341][416]LogModuleManager: Shutting down and abandoning module ContentBrowser (328)
[2025.04.21-14.27.36:341][416]LogModuleManager: Shutting down and abandoning module ContentBrowserData (327)
[2025.04.21-14.27.36:341][416]LogModuleManager: Shutting down and abandoning module NiagaraCore (322)
[2025.04.21-14.27.36:341][416]LogModuleManager: Shutting down and abandoning module PropertyAccessNode (320)
[2025.04.21-14.27.36:341][416]LogModuleManager: Shutting down and abandoning module AnimationSharing (318)
[2025.04.21-14.27.36:341][416]LogModuleManager: Shutting down and abandoning module GameplayCameras (316)
[2025.04.21-14.27.36:341][416]LogModuleManager: Shutting down and abandoning module LightPropagationVolumeRuntime (314)
[2025.04.21-14.27.36:341][416]LogModuleManager: Shutting down and abandoning module EnvironmentQueryEditor (312)
[2025.04.21-14.27.36:341][416]LogModuleManager: Shutting down and abandoning module Paper2D (310)
[2025.04.21-14.27.36:341][416]LogModuleManager: Shutting down and abandoning module WindowsMoviePlayer (308)
[2025.04.21-14.27.36:341][416]LogModuleManager: Shutting down and abandoning module WebMMoviePlayer (306)
[2025.04.21-14.27.36:341][416]LogModuleManager: Shutting down and abandoning module NetworkReplayStreaming (304)
[2025.04.21-14.27.36:341][416]LogModuleManager: Shutting down and abandoning module PacketHandler (302)
[2025.04.21-14.27.36:341][416]LogModuleManager: Shutting down and abandoning module ClothingSystemEditor (300)
[2025.04.21-14.27.36:341][416]LogModuleManager: Shutting down and abandoning module ClothingSystemRuntimeNv (298)
[2025.04.21-14.27.36:341][416]LogModuleManager: Shutting down and abandoning module MediaAssets (296)
[2025.04.21-14.27.36:341][416]LogModuleManager: Shutting down and abandoning module Overlay (294)
[2025.04.21-14.27.36:341][416]LogModuleManager: Shutting down and abandoning module OverlayEditor (293)
[2025.04.21-14.27.36:341][416]LogModuleManager: Shutting down and abandoning module VREditor (290)
[2025.04.21-14.27.36:341][416]LogModuleManager: Shutting down and abandoning module StringTableEditor (288)
[2025.04.21-14.27.36:341][416]LogModuleManager: Shutting down and abandoning module GameplayTasksEditor (286)
[2025.04.21-14.27.36:341][416]LogModuleManager: Shutting down and abandoning module BehaviorTreeEditor (284)
[2025.04.21-14.27.36:342][416]LogModuleManager: Shutting down and abandoning module FunctionalTesting (282)
[2025.04.21-14.27.36:342][416]LogModuleManager: Shutting down and abandoning module CollisionAnalyzer (280)
[2025.04.21-14.27.36:342][416]LogModuleManager: Shutting down and abandoning module WorkspaceMenuStructure (279)
[2025.04.21-14.27.36:342][416]LogModuleManager: Shutting down and abandoning module UMG (276)
[2025.04.21-14.27.36:342][416]LogModuleManager: Shutting down and abandoning module UMGEditor (275)
[2025.04.21-14.27.36:342][416]LogModuleManager: Shutting down and abandoning module MessageLog (273)
[2025.04.21-14.27.36:342][416]LogModuleManager: Shutting down and abandoning module SlateReflector (268)
[2025.04.21-14.27.36:342][416]LogModuleManager: Shutting down and abandoning module Slate (266)
[2025.04.21-14.27.36:342][416]LogModuleManager: Shutting down and abandoning module SlateCore (264)
[2025.04.21-14.27.36:343][416]LogModuleManager: Shutting down and abandoning module LandscapeEditorUtilities (262)
[2025.04.21-14.27.36:343][416]LogModuleManager: Shutting down and abandoning module UnrealEd (260)
[2025.04.21-14.27.36:343][416]LogModuleManager: Shutting down and abandoning module MRMesh (258)
[2025.04.21-14.27.36:343][416]LogModuleManager: Shutting down and abandoning module SourceCodeAccess (256)
[2025.04.21-14.27.36:343][416]LogModuleManager: Shutting down and abandoning module HeadMountedDisplay (254)
[2025.04.21-14.27.36:343][416]LogModuleManager: Shutting down and abandoning module XAudio2 (252)
[2025.04.21-14.27.36:343][416]LogModuleManager: Shutting down and abandoning module Networking (250)
[2025.04.21-14.27.36:343][416]LogModuleManager: Shutting down and abandoning module Core (248)
[2025.04.21-14.27.36:343][416]LogModuleManager: Shutting down and abandoning module MaterialEditor (246)
[2025.04.21-14.27.36:343][416]LogModuleManager: Shutting down and abandoning module MovieSceneTools (244)
[2025.04.21-14.27.36:343][416]LogModuleManager: Shutting down and abandoning module CurveEditor (243)
[2025.04.21-14.27.36:343][416]LogModuleManager: Shutting down and abandoning module Sequencer (241)
[2025.04.21-14.27.36:343][416]LogModuleManager: Shutting down and abandoning module EditorStyle (240)
[2025.04.21-14.27.36:344][416]LogModuleManager: Shutting down and abandoning module KismetCompiler (236)
[2025.04.21-14.27.36:344][416]LogModuleManager: Shutting down and abandoning module MeshBuilder (234)
[2025.04.21-14.27.36:344][416]LogModuleManager: Shutting down and abandoning module MeshUtilities (232)
[2025.04.21-14.27.36:344][416]LogModuleManager: Shutting down and abandoning module MeshMergeUtilities (231)
[2025.04.21-14.27.36:344][416]LogModuleManager: Shutting down and abandoning module MeshReductionInterface (230)
[2025.04.21-14.27.36:344][416]LogModuleManager: Shutting down and abandoning module MeshBoneReduction (229)
[2025.04.21-14.27.36:344][416]LogModuleManager: Shutting down and abandoning module SkeletalMeshReduction (227)
[2025.04.21-14.27.36:344][416]LogModuleManager: Shutting down and abandoning module ProxyLODMeshReduction (225)
[2025.04.21-14.27.36:344][416]LogModuleManager: Shutting down and abandoning module QuadricMeshReduction (223)
[2025.04.21-14.27.36:344][416]LogModuleManager: Shutting down and abandoning module MaterialBaking (219)
[2025.04.21-14.27.36:344][416]LogModuleManager: Shutting down and abandoning module NullInstallBundleManager (214)
[2025.04.21-14.27.36:344][416]LogModuleManager: Shutting down and abandoning module DerivedDataCache (212)
[2025.04.21-14.27.36:344][416]LogModuleManager: Shutting down and abandoning module TargetPlatform (210)
[2025.04.21-14.27.36:344][416]LogModuleManager: Shutting down and abandoning module VulkanShaderFormat (209)
[2025.04.21-14.27.36:344][416]LogModuleManager: Shutting down and abandoning module ShaderFormatVectorVM (207)
[2025.04.21-14.27.36:344][416]LogModuleManager: Shutting down and abandoning module ShaderFormatOpenGL (205)
[2025.04.21-14.27.36:344][416]LogModuleManager: Shutting down and abandoning module ShaderFormatD3D (203)
[2025.04.21-14.27.36:344][416]LogModuleManager: Shutting down and abandoning module MetalShaderFormat (201)
[2025.04.21-14.27.36:344][416]LogModuleManager: Shutting down and abandoning module TextureFormatOodle (199)
[2025.04.21-14.27.36:344][416]LogModuleManager: Shutting down and abandoning module TextureFormatUncompressed (197)
[2025.04.21-14.27.36:344][416]LogModuleManager: Shutting down and abandoning module TextureFormatPVR (195)
[2025.04.21-14.27.36:344][416]LogModuleManager: Shutting down and abandoning module TextureFormatETC2 (193)
[2025.04.21-14.27.36:344][416]LogModuleManager: Shutting down and abandoning module TextureFormatDXT (191)
[2025.04.21-14.27.36:344][416]LogModuleManager: Shutting down and abandoning module TextureFormatIntelISPCTexComp (189)
[2025.04.21-14.27.36:344][416]LogModuleManager: Shutting down and abandoning module TextureFormatASTC (187)
[2025.04.21-14.27.36:344][416]LogModuleManager: Shutting down and abandoning module ImageWrapper (186)
[2025.04.21-14.27.36:344][416]LogModuleManager: Shutting down and abandoning module AudioFormatOpus (183)
[2025.04.21-14.27.36:344][416]LogModuleManager: Shutting down and abandoning module AudioFormatOgg (181)
[2025.04.21-14.27.36:344][416]LogModuleManager: Shutting down and abandoning module AudioFormatADPCM (179)
[2025.04.21-14.27.36:344][416]LogModuleManager: Shutting down and abandoning module WindowsServerTargetPlatform (177)
[2025.04.21-14.27.36:344][416]LogModuleManager: Shutting down and abandoning module WindowsClientTargetPlatform (175)
[2025.04.21-14.27.36:344][416]LogModuleManager: Shutting down and abandoning module WindowsTargetPlatform (173)
[2025.04.21-14.27.36:344][416]LogModuleManager: Shutting down and abandoning module WindowsNoEditorTargetPlatform (171)
[2025.04.21-14.27.36:344][416]LogModuleManager: Shutting down and abandoning module TVOSTargetPlatform (169)
[2025.04.21-14.27.36:345][416]LogModuleManager: Shutting down and abandoning module MacServerTargetPlatform (167)
[2025.04.21-14.27.36:345][416]LogModuleManager: Shutting down and abandoning module MacClientTargetPlatform (165)
[2025.04.21-14.27.36:345][416]LogModuleManager: Shutting down and abandoning module MacTargetPlatform (163)
[2025.04.21-14.27.36:345][416]LogModuleManager: Shutting down and abandoning module MacNoEditorTargetPlatform (161)
[2025.04.21-14.27.36:345][416]LogModuleManager: Shutting down and abandoning module LuminTargetPlatform (159)
[2025.04.21-14.27.36:346][416]LogModuleManager: Shutting down and abandoning module LinuxAArch64ServerTargetPlatform (157)
[2025.04.21-14.27.36:346][416]LogModuleManager: Shutting down and abandoning module LinuxAArch64ClientTargetPlatform (155)
[2025.04.21-14.27.36:346][416]LogModuleManager: Shutting down and abandoning module LinuxAArch64NoEditorTargetPlatform (153)
[2025.04.21-14.27.36:346][416]LogModuleManager: Shutting down and abandoning module LinuxServerTargetPlatform (151)
[2025.04.21-14.27.36:346][416]LogModuleManager: Shutting down and abandoning module LinuxClientTargetPlatform (149)
[2025.04.21-14.27.36:346][416]LogModuleManager: Shutting down and abandoning module LinuxNoEditorTargetPlatform (147)
[2025.04.21-14.27.36:346][416]LogModuleManager: Shutting down and abandoning module LinuxTargetPlatform (145)
[2025.04.21-14.27.36:346][416]LogModuleManager: Shutting down and abandoning module Messaging (143)
[2025.04.21-14.27.36:346][416]LogModuleManager: Shutting down and abandoning module IOSTargetPlatform (141)
[2025.04.21-14.27.36:346][416]LogModuleManager: Shutting down and abandoning module AndroidTargetPlatform (139)
[2025.04.21-14.27.36:348][416]LogModuleManager: Shutting down and abandoning module AllDesktopTargetPlatform (137)
[2025.04.21-14.27.36:348][416]LogModuleManager: Shutting down and abandoning module D3D11RHI (134)
[2025.04.21-14.27.36:348][416]LogModuleManager: Shutting down and abandoning module InputCore (132)
[2025.04.21-14.27.36:348][416]LogModuleManager: Shutting down and abandoning module Settings (130)
[2025.04.21-14.27.36:348][416]LogModuleManager: Shutting down and abandoning module DirectoryWatcher (128)
[2025.04.21-14.27.36:349][416]LogModuleManager: Shutting down and abandoning module PhysXCooking (126)
[2025.04.21-14.27.36:349][416]LogModuleManager: Shutting down and abandoning module Chaos (124)
[2025.04.21-14.27.36:349][416]LogModuleManager: Shutting down and abandoning module WindowsPlatformFeatures (122)
[2025.04.21-14.27.36:349][416]LogModuleManager: Shutting down and abandoning module GameplayMediaEncoder (121)
[2025.04.21-14.27.36:349][416]LogModuleManager: Shutting down and abandoning module AVEncoder (120)
[2025.04.21-14.27.36:349][416]LogModuleManager: Shutting down and abandoning module SteamVRInputDevice (116)
[2025.04.21-14.27.36:349][416]LogModuleManager: Shutting down and abandoning module SteamVRInput (114)
[2025.04.21-14.27.36:349][416]LogModuleManager: Shutting down and abandoning module SteamVR (112)
[2025.04.21-14.27.36:349][416]LogHMD: Freeing OpenVRDLLHandle.
[2025.04.21-14.27.36:349][416]LogModuleManager: Shutting down and abandoning module OculusHMD (110)
[2025.04.21-14.27.36:349][416]LogModuleManager: Shutting down and abandoning module WmfMedia (108)
[2025.04.21-14.27.36:351][416]LogModuleManager: Shutting down and abandoning module Media (107)
[2025.04.21-14.27.36:351][416]LogModuleManager: Shutting down and abandoning module MediaInfo (106)
[2025.04.21-14.27.36:351][416]LogModuleManager: Shutting down and abandoning module OpenXREyeTracker (102)
[2025.04.21-14.27.36:351][416]LogModuleManager: Shutting down and abandoning module OpenXRHandTracking (100)
[2025.04.21-14.27.36:352][416]LogSlate: Slate User Destroyed.  User Index 0, Is Virtual User: 0
[2025.04.21-14.27.36:352][416]LogModuleManager: Shutting down and abandoning module OpenXRAR (98)
[2025.04.21-14.27.36:352][416]LogModuleManager: Shutting down and abandoning module AugmentedReality (97)
[2025.04.21-14.27.36:352][416]LogModuleManager: Shutting down and abandoning module OpenXRHMD (94)
[2025.04.21-14.27.36:352][416]LogModuleManager: Shutting down and abandoning module ExampleDeviceProfileSelector (92)
[2025.04.21-14.27.36:352][416]LogModuleManager: Shutting down and abandoning module LauncherChunkInstaller (90)
[2025.04.21-14.27.36:352][416]LogModuleManager: Shutting down and abandoning module ChunkDownloader (88)
[2025.04.21-14.27.36:352][416]LogModuleManager: Shutting down and abandoning module OnlineBlueprintSupport (86)
[2025.04.21-14.27.36:352][416]LogModuleManager: Shutting down and abandoning module OnlineSubsystem (82)
[2025.04.21-14.27.36:353][416]LogModuleManager: Shutting down and abandoning module XMPP (77)
[2025.04.21-14.27.36:353][416]LogModuleManager: Shutting down and abandoning module WebSockets (76)
[2025.04.21-14.27.36:382][416]LogModuleManager: Shutting down and abandoning module HTTP (73)
[2025.04.21-14.27.36:382][416]LogHttp: Display: Http module shutting down, but needs to wait on 1 outstanding Http requests:
[2025.04.21-14.27.36:382][416]LogHttp: Display: 	verb=[POST] url=[https://datarouter.ol.epicgames.com/datarouter/api/v1/public/data?SessionID=%7B1881FF2A-4A17-2A68-AC04-539710FB9EC0%7D&AppID=UEEditor.Rocket.Release&AppVersion=4.27.2-18319896%2B%2B%2BUE4%2BRelease-4.27&UserID=bc461bba4df55bf484cc89b089a16a9e%7C9758e6b5b2c742c7ad1777dd2d6d7f86%7C0b107fe2-7f10-4b75-ac2c-9cb324b4494d&AppEnvironment=datacollector-binary&UploadType=eteventstream] refs=[1] status=Processing
[2025.04.21-14.27.36:382][416]LogHttp: Display: cleaning up 1 outstanding Http requests.
[2025.04.21-14.27.36:408][416]LogModuleManager: Shutting down and abandoning module SSL (72)
[2025.04.21-14.27.36:409][416]LogModuleManager: Shutting down and abandoning module ExrReaderGpu (68)
[2025.04.21-14.27.36:409][416]LogModuleManager: Shutting down and abandoning module MLSDK (66)
[2025.04.21-14.27.36:409][416]LogModuleManager: Shutting down and abandoning module MagicLeap (64)
[2025.04.21-14.27.36:409][416]LogModuleManager: Shutting down and abandoning module ChaosCloth (62)
[2025.04.21-14.27.36:409][416]LogModuleManager: Shutting down and abandoning module VariantManagerContent (60)
[2025.04.21-14.27.36:409][416]LogModuleManager: Shutting down and abandoning module NiagaraVertexFactories (58)
[2025.04.21-14.27.36:409][416]LogModuleManager: Shutting down and abandoning module NiagaraShader (56)
[2025.04.21-14.27.36:409][416]LogModuleManager: Shutting down and abandoning module DatasmithContent (54)
[2025.04.21-14.27.36:409][416]LogModuleManager: Shutting down and abandoning module PixWinPlugin (52)
[2025.04.21-14.27.36:409][416]LogModuleManager: Shutting down and abandoning module AISupportModule (50)
[2025.04.21-14.27.36:409][416]LogModuleManager: Shutting down and abandoning module DesktopPlatform (48)
[2025.04.21-14.27.36:409][416]LogModuleManager: Shutting down and abandoning module PlatformCryptoOpenSSL (46)
[2025.04.21-14.27.36:409][416]LogModuleManager: Shutting down and abandoning module PlatformCryptoTypes (44)
[2025.04.21-14.27.36:409][416]LogModuleManager: Shutting down and abandoning module PlatformCrypto (42)
[2025.04.21-14.27.36:409][416]LogModuleManager: Shutting down and abandoning module PythonScriptPluginPreload (40)
[2025.04.21-14.27.36:409][416]LogModuleManager: Shutting down and abandoning module OodleDataCompressionFormat (38)
[2025.04.21-14.27.36:409][416]LogModuleManager: Shutting down and abandoning module XGEController (36)
[2025.04.21-14.27.36:409][416]LogModuleManager: Shutting down and abandoning module AnimationModifiers (34)
[2025.04.21-14.27.36:409][416]LogModuleManager: Shutting down and abandoning module AudioEditor (32)
[2025.04.21-14.27.36:410][416]LogModuleManager: Shutting down and abandoning module PropertyEditor (31)
[2025.04.21-14.27.36:411][416]LogModuleManager: Shutting down and abandoning module TextureCompressor (28)
[2025.04.21-14.27.36:411][416]LogModuleManager: Shutting down and abandoning module RenderCore (26)
[2025.04.21-14.27.36:411][416]LogModuleManager: Shutting down and abandoning module Landscape (24)
[2025.04.21-14.27.36:411][416]LogModuleManager: Shutting down and abandoning module SlateRHIRenderer (22)
[2025.04.21-14.27.36:411][416]LogModuleManager: Shutting down and abandoning module AnimGraphRuntime (20)
[2025.04.21-14.27.36:411][416]LogModuleManager: Shutting down and abandoning module Renderer (18)
[2025.04.21-14.27.36:411][416]LogModuleManager: Shutting down and abandoning module Engine (16)
[2025.04.21-14.27.36:411][416]LogModuleManager: Shutting down and abandoning module CoreUObject (14)
[2025.04.21-14.27.36:411][416]LogModuleManager: Shutting down and abandoning module NetworkFile (12)
[2025.04.21-14.27.36:411][416]LogModuleManager: Shutting down and abandoning module CookedIterativeFile (10)
[2025.04.21-14.27.36:411][416]LogModuleManager: Shutting down and abandoning module StreamingFile (8)
[2025.04.21-14.27.36:411][416]LogModuleManager: Shutting down and abandoning module SandboxFile (6)
[2025.04.21-14.27.36:411][416]LogModuleManager: Shutting down and abandoning module PakFile (4)
[2025.04.21-14.27.36:411][416]LogModuleManager: Shutting down and abandoning module RSA (3)
[2025.04.21-14.27.36:411][416]LogContentStreaming: Display: There are 1 unreleased StreamingManagers
[2025.04.21-14.27.36:430][416]LogD3D11RHI: Shutdown
[2025.04.21-14.27.36:430][416]LogD3D11RHI: CleanupD3DDevice
[2025.04.21-14.27.36:431][416]LogExit: Exiting.
[2025.04.21-14.27.36:439][416]Log file closed, 04/21/25 17:27:36
